

*******************************************************************************
Mon Oct  6 17:11:15 2025


FIT:    data read from "../Data/D15.48/relvol.Nt24" using 1:2:3:4 xyerrors
        format = x:z:sx:s
        x range restricted to [0.00000 : 0.0621000]
        #datapoints = 12
function used for fitting: f10(x)
	f10(x)=y10+a10*(x-x10)+b10*(x-x10)**3+c10*(x-x10)**4
fitted parameters initialized with current variable values

iter      chisq       delta/lim  lambda   x10           y10           a10           b10           c10          
   0 1.8838254771e+05   0.00e+00  1.14e+02    5.000000e-02   1.000000e-01   1.000000e+02  -1.000000e+03   1.000000e+04
   7 1.0331792640e+01  -6.36e-02  1.14e-05    2.340834e-02   2.238721e-01   1.105663e+01  -3.415446e+03   9.482727e+03

After 7 iterations the fit converged.
final sum of squares of residuals : 10.3318
rel. change during last iteration : -6.36365e-07

degrees of freedom    (FIT_NDF)                        : 7
rms of residuals      (FIT_STDFIT) = sqrt(WSSR/ndf)    : 1.2149
variance of residuals (reduced chisquare) = WSSR/ndf   : 1.47597
p-value of the Chisq distribution (FIT_P)              : 0.170538

Final set of parameters            Asymptotic Standard Error
=======================            ==========================
x10             = 0.0234083        +/- 0.003526     (15.06%)
y10             = 0.223872         +/- 0.03324      (14.85%)
a10             = 11.0566          +/- 0.5929       (5.362%)
b10             = -3415.45         +/- 1526         (44.67%)
c10             = 9482.73          +/- 5.191e+04    (547.4%)

correlation matrix of the fit parameters:
                x10    y10    a10    b10    c10    
x10             1.000 
y10             0.992  1.000 
a10            -0.513 -0.523  1.000 
b10             0.647  0.674 -0.943  1.000 
c10            -0.883 -0.910  0.759 -0.902  1.000 


*******************************************************************************
Mon Oct  6 17:11:15 2025


FIT:    data read from "../Data/D15.48/relvol.Nt20" using 1:2:3:4 xyerrors
        format = x:z:sx:s
        x range restricted to [0.00000 : 0.0464000]
        #datapoints = 9
function used for fitting: f9(x)
	f9(x)=y9+a9*(x-x9)+b9*(x-x9)**3+c9*(x-x9)**4
fitted parameters initialized with current variable values

iter      chisq       delta/lim  lambda   x9            y9            a9            b9            c9           
   0 1.5263519584e+05   0.00e+00  1.03e+02    5.000000e-02   1.000000e-01   1.000000e+02  -1.000000e+03   1.000000e+04
  15 8.8002327098e-01  -1.59e-01  1.03e-05    1.706334e-02   1.653254e-01   1.189896e+01  -7.255369e+03   1.312419e+05

After 15 iterations the fit converged.
final sum of squares of residuals : 0.880023
rel. change during last iteration : -1.58705e-06

degrees of freedom    (FIT_NDF)                        : 4
rms of residuals      (FIT_STDFIT) = sqrt(WSSR/ndf)    : 0.469048
variance of residuals (reduced chisquare) = WSSR/ndf   : 0.220006
p-value of the Chisq distribution (FIT_P)              : 0.927409

Final set of parameters            Asymptotic Standard Error
=======================            ==========================
x9              = 0.0170633        +/- 0.001846     (10.82%)
y9              = 0.165325         +/- 0.01865      (11.28%)
a9              = 11.899           +/- 0.4764       (4.004%)
b9              = -7255.37         +/- 2865         (39.48%)
c9              = 131242           +/- 1.058e+05    (80.61%)

correlation matrix of the fit parameters:
                x9     y9     a9     b9     c9     
x9              1.000 
y9              0.992  1.000 
a9             -0.522 -0.507  1.000 
b9              0.837  0.844 -0.878  1.000 
c9             -0.919 -0.938  0.733 -0.965  1.000 


*******************************************************************************
Mon Oct  6 17:11:15 2025


FIT:    data read from "../Data/D15.48/relvol.Nt18" using 1:2:3:4 xyerrors
        format = x:z:sx:s
        x range restricted to [0.00870000 : 0.0667000]
        #datapoints = 11
function used for fitting: f8(x)
	f8(x)=y8+a8*(x-x8)+b8*(x-x8)**3+c8*(x-x8)**4
fitted parameters initialized with current variable values

iter      chisq       delta/lim  lambda   x8            y8            a8            b8            c8           
   0 4.6065451193e+04   0.00e+00  8.49e+01    5.000000e-02   1.000000e-01   1.000000e+02  -1.000000e+03   1.000000e+04
   8 4.3702612692e+00  -4.53e-03  8.49e-07    2.764118e-02   2.265317e-01   9.692917e+00  -3.413662e+03   3.219300e+04

After 8 iterations the fit converged.
final sum of squares of residuals : 4.37026
rel. change during last iteration : -4.53054e-08

degrees of freedom    (FIT_NDF)                        : 6
rms of residuals      (FIT_STDFIT) = sqrt(WSSR/ndf)    : 0.85345
variance of residuals (reduced chisquare) = WSSR/ndf   : 0.728377
p-value of the Chisq distribution (FIT_P)              : 0.626704

Final set of parameters            Asymptotic Standard Error
=======================            ==========================
x8              = 0.0276412        +/- 0.003777     (13.67%)
y8              = 0.226532         +/- 0.03111      (13.73%)
a8              = 9.69292          +/- 0.8811       (9.09%)
b8              = -3413.66         +/- 3525         (103.3%)
c8              = 32193            +/- 8.066e+04    (250.5%)

correlation matrix of the fit parameters:
                x8     y8     a8     b8     c8     
x8              1.000 
y8              0.989  1.000 
a8              0.111  0.054  1.000 
b8             -0.279 -0.241 -0.923  1.000 
c8              0.143  0.104  0.901 -0.985  1.000 


*******************************************************************************
Mon Oct  6 17:11:15 2025


FIT:    data read from "../Data/D15.48/relvol.Nt16" using 1:2:3:4 xyerrors
        format = x:z:sx:s
        x range restricted to [0.0172000 : 0.0774000]
        #datapoints = 13
function used for fitting: f7(x)
	f7(x)=y7+a7*(x-x7)+b7*(x-x7)**3+c7*(x-x7)**4
fitted parameters initialized with current variable values

iter      chisq       delta/lim  lambda   x7            y7            a7            b7            c7           
   0 4.2981300427e+04   0.00e+00  8.46e+01    5.000000e-02   1.000000e-01   1.000000e+02  -1.000000e+03   1.000000e+04
   8 1.0640068399e+01  -3.08e-02  8.46e-06    3.597181e-02   2.049313e-01   1.012182e+01  -4.081235e+03   5.441326e+04

After 8 iterations the fit converged.
final sum of squares of residuals : 10.6401
rel. change during last iteration : -3.08355e-07

degrees of freedom    (FIT_NDF)                        : 8
rms of residuals      (FIT_STDFIT) = sqrt(WSSR/ndf)    : 1.15326
variance of residuals (reduced chisquare) = WSSR/ndf   : 1.33001
p-value of the Chisq distribution (FIT_P)              : 0.222939

Final set of parameters            Asymptotic Standard Error
=======================            ==========================
x7              = 0.0359718        +/- 0.002402     (6.678%)
y7              = 0.204931         +/- 0.01871      (9.131%)
a7              = 10.1218          +/- 0.7822       (7.728%)
b7              = -4081.23         +/- 2215         (54.28%)
c7              = 54413.3          +/- 4.371e+04    (80.33%)

correlation matrix of the fit parameters:
                x7     y7     a7     b7     c7     
x7              1.000 
y7              0.968  1.000 
a7              0.236  0.141  1.000 
b7             -0.306 -0.238 -0.935  1.000 
c7              0.252  0.183  0.900 -0.993  1.000 


*******************************************************************************
Mon Oct  6 17:11:15 2025


FIT:    data read from "../Data/D15.48/relvol.Nt14" using 1:2:3:4 xyerrors
        format = x:z:sx:s
        x range restricted to [0.0248000 : 0.111600]
        #datapoints = 17
function used for fitting: f6(x)
	f6(x)=y6+a6*(x-x6)+b6*(x-x6)**3+c6*(x-x6)**4
fitted parameters initialized with current variable values

iter      chisq       delta/lim  lambda   x6            y6            a6            b6            c6           
   0 2.9404347277e+05   0.00e+00  1.04e+02    5.000000e-02   1.000000e-01   1.000000e+02  -1.000000e+03   1.000000e+04
   8 3.0765447443e+01  -2.79e-02  1.04e-05    5.784016e-02   2.099168e-01   9.465806e+00  -4.107904e+03   5.682887e+04

After 8 iterations the fit converged.
final sum of squares of residuals : 30.7654
rel. change during last iteration : -2.78917e-07

degrees of freedom    (FIT_NDF)                        : 12
rms of residuals      (FIT_STDFIT) = sqrt(WSSR/ndf)    : 1.60118
variance of residuals (reduced chisquare) = WSSR/ndf   : 2.56379
p-value of the Chisq distribution (FIT_P)              : 0.00213885

Final set of parameters            Asymptotic Standard Error
=======================            ==========================
x6              = 0.0578402        +/- 0.001679     (2.903%)
y6              = 0.209917         +/- 0.01023      (4.875%)
a6              = 9.46581          +/- 0.6268       (6.621%)
b6              = -4107.9          +/- 1155         (28.11%)
c6              = 56828.9          +/- 1.921e+04    (33.81%)

correlation matrix of the fit parameters:
                x6     y6     a6     b6     c6     
x6              1.000 
y6              0.872  1.000 
a6             -0.245 -0.340  1.000 
b6              0.393  0.461 -0.922  1.000 
c6             -0.413 -0.500  0.867 -0.990  1.000 


*******************************************************************************
Mon Oct  6 17:11:15 2025


FIT:    data read from "../Data/D15.48/relvol.Nt12" using 1:2:3:4 xyerrors
        format = x:z:sx:s
        x range restricted to [0.0672000 : 0.163200]
        #datapoints = 20
function used for fitting: f5(x)
	f5(x)=y5+a5*(x-x5)+b5*(x-x5)**3+c5*(x-x5)**4
fitted parameters initialized with current variable values

iter      chisq       delta/lim  lambda   x5            y5            a5            b5            c5           
   0 6.1920189888e+05   0.00e+00  2.37e+02    1.000000e-01   1.000000e-01   1.000000e+02  -1.000000e+03   1.000000e+04
   7 2.0503169188e+01  -8.38e-02  2.37e-04    9.744528e-02   2.635606e-01   9.028693e+00  -2.334408e+03   2.189193e+04

After 7 iterations the fit converged.
final sum of squares of residuals : 20.5032
rel. change during last iteration : -8.38426e-07

degrees of freedom    (FIT_NDF)                        : 15
rms of residuals      (FIT_STDFIT) = sqrt(WSSR/ndf)    : 1.16914
variance of residuals (reduced chisquare) = WSSR/ndf   : 1.36688
p-value of the Chisq distribution (FIT_P)              : 0.153468

Final set of parameters            Asymptotic Standard Error
=======================            ==========================
x5              = 0.0974453        +/- 0.001292     (1.326%)
y5              = 0.263561         +/- 0.008747     (3.319%)
a5              = 9.02869          +/- 0.2809       (3.111%)
b5              = -2334.41         +/- 332.7        (14.25%)
c5              = 21891.9          +/- 4281         (19.56%)

correlation matrix of the fit parameters:
                x5     y5     a5     b5     c5     
x5              1.000 
y5              0.923  1.000 
a5              0.153 -0.040  1.000 
b5             -0.438 -0.331 -0.873  1.000 
c5              0.436  0.340  0.833 -0.995  1.000 


*******************************************************************************
Mon Oct  6 17:11:15 2025


FIT:    data read from "../Data/D15.48/relvol.Nt10" using 1:2:3:4 xyerrors
        format = x:z:sx:s
        x range restricted to [0.115500 : 0.181500]
        #datapoints = 13
function used for fitting: f4(x)
	f4(x)=y4+a4*(x-x4)+b4*(x-x4)**3+c4*(x-x4)**4
fitted parameters initialized with current variable values

iter      chisq       delta/lim  lambda   x4            y4            a4            b4            c4           
   0 7.6624128130e+04   0.00e+00  3.22e+02    1.500000e-01   1.000000e-01   1.000000e+02  -1.000000e+03   1.000000e+04
   7 4.0540243734e+00  -7.21e-01  3.22e-05    1.417752e-01   2.378417e-01   9.341529e+00  -2.563382e+03   2.597558e+04

After 7 iterations the fit converged.
final sum of squares of residuals : 4.05402
rel. change during last iteration : -7.20888e-06

degrees of freedom    (FIT_NDF)                        : 8
rms of residuals      (FIT_STDFIT) = sqrt(WSSR/ndf)    : 0.711866
variance of residuals (reduced chisquare) = WSSR/ndf   : 0.506753
p-value of the Chisq distribution (FIT_P)              : 0.852217

Final set of parameters            Asymptotic Standard Error
=======================            ==========================
x4              = 0.141775         +/- 0.001926     (1.359%)
y4              = 0.237842         +/- 0.01585      (6.664%)
a4              = 9.34153          +/- 0.2849       (3.05%)
b4              = -2563.38         +/- 696.6        (27.17%)
c4              = 25975.6          +/- 1.884e+04    (72.53%)

correlation matrix of the fit parameters:
                x4     y4     a4     b4     c4     
x4              1.000 
y4              0.990  1.000 
a4             -0.466 -0.518  1.000 
b4              0.686  0.729 -0.905  1.000 
c4             -0.838 -0.876  0.751 -0.945  1.000 


*******************************************************************************
Mon Oct  6 17:11:15 2025


FIT:    data read from "../Data/D15.48/relvol.Nt8" using 1:2:3:4 xyerrors
        format = x:z:sx:s
        x range restricted to [0.190000 : 0.243200]
        #datapoints = 11
function used for fitting: f3(x)
	f3(x)=y3+a3*(x-x3)+b3*(x-x3)**3+c3*(x-x3)**4
fitted parameters initialized with current variable values

iter      chisq       delta/lim  lambda   x3            y3            a3            b3            c3           
   0 2.0041127618e+05   0.00e+00  4.80e+02    2.000000e-01   1.000000e-01   1.000000e+02  -1.000000e+03   1.000000e+04
  15 1.5840167631e+00  -5.99e-02  4.80e-06    2.126053e-01   1.825136e-01   1.021315e+01  -6.119607e+03   1.447969e+05

After 15 iterations the fit converged.
final sum of squares of residuals : 1.58402
rel. change during last iteration : -5.99451e-07

degrees of freedom    (FIT_NDF)                        : 6
rms of residuals      (FIT_STDFIT) = sqrt(WSSR/ndf)    : 0.513812
variance of residuals (reduced chisquare) = WSSR/ndf   : 0.264003
p-value of the Chisq distribution (FIT_P)              : 0.95372

Final set of parameters            Asymptotic Standard Error
=======================            ==========================
x3              = 0.212605         +/- 0.0007859    (0.3697%)
y3              = 0.182514         +/- 0.006592     (3.612%)
a3              = 10.2131          +/- 0.2          (1.958%)
b3              = -6119.61         +/- 918.5        (15.01%)
c3              = 144797           +/- 2.559e+04    (17.67%)

correlation matrix of the fit parameters:
                x3     y3     a3     b3     c3     
x3              1.000 
y3              0.979  1.000 
a3             -0.379 -0.415  1.000 
b3              0.810  0.836 -0.795  1.000 
c3             -0.860 -0.897  0.658 -0.970  1.000 


*******************************************************************************
Mon Oct  6 17:11:15 2025


FIT:    data read from "../Data/D15.48/relvol.Nt6" using 1:2:3:4 xyerrors
        format = x:z:sx:s
        x range restricted to [0.329800 : 0.404600]
        #datapoints = 15
function used for fitting: f2(x)
	f2(x)=y2+a2*(x-x2)+b2*(x-x2)**3+c2*(x-x2)**4
fitted parameters initialized with current variable values

iter      chisq       delta/lim  lambda   x2            y2            a2            b2            c2           
   0 7.5080854767e+05   0.00e+00  1.15e+03    3.500000e-01   1.000000e-01   1.000000e+02  -1.000000e+03   1.000000e+04
   8 1.1397166998e+01  -1.40e-10  1.15e+07    3.658032e-01   2.555035e-01   9.985988e+00  -2.279306e+03   1.369339e+04

After 8 iterations the fit converged.
final sum of squares of residuals : 11.3972
rel. change during last iteration : -1.40274e-15

degrees of freedom    (FIT_NDF)                        : 10
rms of residuals      (FIT_STDFIT) = sqrt(WSSR/ndf)    : 1.06758
variance of residuals (reduced chisquare) = WSSR/ndf   : 1.13972
p-value of the Chisq distribution (FIT_P)              : 0.327423

Final set of parameters            Asymptotic Standard Error
=======================            ==========================
x2              = 0.365803         +/- 0.001386     (0.379%)
y2              = 0.255504         +/- 0.01187      (4.646%)
a2              = 9.98599          +/- 0.1334       (1.336%)
b2              = -2279.31         +/- 175.3        (7.692%)
c2              = 13693.4          +/- 6979         (50.97%)

correlation matrix of the fit parameters:
                x2     y2     a2     b2     c2     
x2              1.000 
y2              0.991  1.000 
a2             -0.218 -0.245  1.000 
b2              0.675  0.695 -0.831  1.000 
c2             -0.965 -0.983  0.296 -0.735  1.000 


*******************************************************************************
Mon Oct  6 17:11:15 2025


FIT:    data read from "../Data/D15.48/relvol.Nt4" using 1:2:3:4 xyerrors
        format = x:z:sx:s
        x range restricted to [0.660000 : 0.712800]
        #datapoints = 11
function used for fitting: f1(x)
	f1(x)=y1+a1*(x-x1)+b1*(x-x1)**3+c1*(x-x1)**4
fitted parameters initialized with current variable values

iter      chisq       delta/lim  lambda   x1            y1            a1            b1            c1           
   0 1.6648211807e+05   0.00e+00  2.68e+03    7.000000e-01   1.000000e-01   1.000000e+02  -1.000000e+03   1.000000e+04
  15 3.3131426532e+00  -4.55e-03  2.68e-06    6.972361e-01   2.739707e-01   1.376660e+01  -9.028365e+03  -1.118609e+05

After 15 iterations the fit converged.
final sum of squares of residuals : 3.31314
rel. change during last iteration : -4.55108e-08

degrees of freedom    (FIT_NDF)                        : 6
rms of residuals      (FIT_STDFIT) = sqrt(WSSR/ndf)    : 0.743095
variance of residuals (reduced chisquare) = WSSR/ndf   : 0.55219
p-value of the Chisq distribution (FIT_P)              : 0.768641

Final set of parameters            Asymptotic Standard Error
=======================            ==========================
x1              = 0.697236         +/- 0.000248     (0.03557%)
y1              = 0.273971         +/- 0.002352     (0.8585%)
a1              = 13.7666          +/- 0.1726       (1.254%)
b1              = -9028.37         +/- 633.3        (7.015%)
c1              = -111861          +/- 1.443e+04    (12.9%)

correlation matrix of the fit parameters:
                x1     y1     a1     b1     c1     
x1              1.000 
y1              0.944  1.000 
a1              0.025  0.057  1.000 
b1              0.100  0.083 -0.950  1.000 
c1              0.019 -0.001 -0.929  0.992  1.000 


*******************************************************************************
Mon Oct  6 17:14:55 2025


FIT:    data read from "../Data/D15.48/relvol.Nt24" using 1:2:3:4 xyerrors
        format = x:z:sx:s
        x range restricted to [0.00000 : 0.0621000]
        #datapoints = 12
function used for fitting: f10(x)
	f10(x)=y10+a10*(x-x10)+b10*(x-x10)**3+c10*(x-x10)**4
fitted parameters initialized with current variable values

iter      chisq       delta/lim  lambda   x10           y10           a10           b10           c10          
   0 1.8838254771e+05   0.00e+00  1.14e+02    5.000000e-02   1.000000e-01   1.000000e+02  -1.000000e+03   1.000000e+04
   7 1.0331792640e+01  -6.36e-02  1.14e-05    2.340834e-02   2.238721e-01   1.105663e+01  -3.415446e+03   9.482727e+03

After 7 iterations the fit converged.
final sum of squares of residuals : 10.3318
rel. change during last iteration : -6.36365e-07

degrees of freedom    (FIT_NDF)                        : 7
rms of residuals      (FIT_STDFIT) = sqrt(WSSR/ndf)    : 1.2149
variance of residuals (reduced chisquare) = WSSR/ndf   : 1.47597
p-value of the Chisq distribution (FIT_P)              : 0.170538

Final set of parameters            Asymptotic Standard Error
=======================            ==========================
x10             = 0.0234083        +/- 0.003526     (15.06%)
y10             = 0.223872         +/- 0.03324      (14.85%)
a10             = 11.0566          +/- 0.5929       (5.362%)
b10             = -3415.45         +/- 1526         (44.67%)
c10             = 9482.73          +/- 5.191e+04    (547.4%)

correlation matrix of the fit parameters:
                x10    y10    a10    b10    c10    
x10             1.000 
y10             0.992  1.000 
a10            -0.513 -0.523  1.000 
b10             0.647  0.674 -0.943  1.000 
c10            -0.883 -0.910  0.759 -0.902  1.000 


*******************************************************************************
Mon Oct  6 17:14:55 2025


FIT:    data read from "../Data/D15.48/relvol.Nt20" using 1:2:3:4 xyerrors
        format = x:z:sx:s
        x range restricted to [0.00000 : 0.0464000]
        #datapoints = 9
function used for fitting: f9(x)
	f9(x)=y9+a9*(x-x9)+b9*(x-x9)**3+c9*(x-x9)**4
fitted parameters initialized with current variable values

iter      chisq       delta/lim  lambda   x9            y9            a9            b9            c9           
   0 1.5263519584e+05   0.00e+00  1.03e+02    5.000000e-02   1.000000e-01   1.000000e+02  -1.000000e+03   1.000000e+04
  15 8.8002327098e-01  -1.59e-01  1.03e-05    1.706334e-02   1.653254e-01   1.189896e+01  -7.255369e+03   1.312419e+05

After 15 iterations the fit converged.
final sum of squares of residuals : 0.880023
rel. change during last iteration : -1.58705e-06

degrees of freedom    (FIT_NDF)                        : 4
rms of residuals      (FIT_STDFIT) = sqrt(WSSR/ndf)    : 0.469048
variance of residuals (reduced chisquare) = WSSR/ndf   : 0.220006
p-value of the Chisq distribution (FIT_P)              : 0.927409

Final set of parameters            Asymptotic Standard Error
=======================            ==========================
x9              = 0.0170633        +/- 0.001846     (10.82%)
y9              = 0.165325         +/- 0.01865      (11.28%)
a9              = 11.899           +/- 0.4764       (4.004%)
b9              = -7255.37         +/- 2865         (39.48%)
c9              = 131242           +/- 1.058e+05    (80.61%)

correlation matrix of the fit parameters:
                x9     y9     a9     b9     c9     
x9              1.000 
y9              0.992  1.000 
a9             -0.522 -0.507  1.000 
b9              0.837  0.844 -0.878  1.000 
c9             -0.919 -0.938  0.733 -0.965  1.000 


*******************************************************************************
Mon Oct  6 17:14:55 2025


FIT:    data read from "../Data/D15.48/relvol.Nt18" using 1:2:3:4 xyerrors
        format = x:z:sx:s
        x range restricted to [0.00870000 : 0.0667000]
        #datapoints = 11
function used for fitting: f8(x)
	f8(x)=y8+a8*(x-x8)+b8*(x-x8)**3+c8*(x-x8)**4
fitted parameters initialized with current variable values

iter      chisq       delta/lim  lambda   x8            y8            a8            b8            c8           
   0 4.6065451193e+04   0.00e+00  8.49e+01    5.000000e-02   1.000000e-01   1.000000e+02  -1.000000e+03   1.000000e+04
   8 4.3702612692e+00  -4.53e-03  8.49e-07    2.764118e-02   2.265317e-01   9.692917e+00  -3.413662e+03   3.219300e+04

After 8 iterations the fit converged.
final sum of squares of residuals : 4.37026
rel. change during last iteration : -4.53054e-08

degrees of freedom    (FIT_NDF)                        : 6
rms of residuals      (FIT_STDFIT) = sqrt(WSSR/ndf)    : 0.85345
variance of residuals (reduced chisquare) = WSSR/ndf   : 0.728377
p-value of the Chisq distribution (FIT_P)              : 0.626704

Final set of parameters            Asymptotic Standard Error
=======================            ==========================
x8              = 0.0276412        +/- 0.003777     (13.67%)
y8              = 0.226532         +/- 0.03111      (13.73%)
a8              = 9.69292          +/- 0.8811       (9.09%)
b8              = -3413.66         +/- 3525         (103.3%)
c8              = 32193            +/- 8.066e+04    (250.5%)

correlation matrix of the fit parameters:
                x8     y8     a8     b8     c8     
x8              1.000 
y8              0.989  1.000 
a8              0.111  0.054  1.000 
b8             -0.279 -0.241 -0.923  1.000 
c8              0.143  0.104  0.901 -0.985  1.000 


*******************************************************************************
Mon Oct  6 17:14:55 2025


FIT:    data read from "../Data/D15.48/relvol.Nt16" using 1:2:3:4 xyerrors
        format = x:z:sx:s
        x range restricted to [0.0172000 : 0.0774000]
        #datapoints = 13
function used for fitting: f7(x)
	f7(x)=y7+a7*(x-x7)+b7*(x-x7)**3+c7*(x-x7)**4
fitted parameters initialized with current variable values

iter      chisq       delta/lim  lambda   x7            y7            a7            b7            c7           
   0 4.2981300427e+04   0.00e+00  8.46e+01    5.000000e-02   1.000000e-01   1.000000e+02  -1.000000e+03   1.000000e+04
   8 1.0640068399e+01  -3.08e-02  8.46e-06    3.597181e-02   2.049313e-01   1.012182e+01  -4.081235e+03   5.441326e+04

After 8 iterations the fit converged.
final sum of squares of residuals : 10.6401
rel. change during last iteration : -3.08355e-07

degrees of freedom    (FIT_NDF)                        : 8
rms of residuals      (FIT_STDFIT) = sqrt(WSSR/ndf)    : 1.15326
variance of residuals (reduced chisquare) = WSSR/ndf   : 1.33001
p-value of the Chisq distribution (FIT_P)              : 0.222939

Final set of parameters            Asymptotic Standard Error
=======================            ==========================
x7              = 0.0359718        +/- 0.002402     (6.678%)
y7              = 0.204931         +/- 0.01871      (9.131%)
a7              = 10.1218          +/- 0.7822       (7.728%)
b7              = -4081.23         +/- 2215         (54.28%)
c7              = 54413.3          +/- 4.371e+04    (80.33%)

correlation matrix of the fit parameters:
                x7     y7     a7     b7     c7     
x7              1.000 
y7              0.968  1.000 
a7              0.236  0.141  1.000 
b7             -0.306 -0.238 -0.935  1.000 
c7              0.252  0.183  0.900 -0.993  1.000 


*******************************************************************************
Mon Oct  6 17:14:55 2025


FIT:    data read from "../Data/D15.48/relvol.Nt14" using 1:2:3:4 xyerrors
        format = x:z:sx:s
        x range restricted to [0.0248000 : 0.111600]
        #datapoints = 17
function used for fitting: f6(x)
	f6(x)=y6+a6*(x-x6)+b6*(x-x6)**3+c6*(x-x6)**4
fitted parameters initialized with current variable values

iter      chisq       delta/lim  lambda   x6            y6            a6            b6            c6           
   0 2.9404347277e+05   0.00e+00  1.04e+02    5.000000e-02   1.000000e-01   1.000000e+02  -1.000000e+03   1.000000e+04
   8 3.0765447443e+01  -2.79e-02  1.04e-05    5.784016e-02   2.099168e-01   9.465806e+00  -4.107904e+03   5.682887e+04

After 8 iterations the fit converged.
final sum of squares of residuals : 30.7654
rel. change during last iteration : -2.78917e-07

degrees of freedom    (FIT_NDF)                        : 12
rms of residuals      (FIT_STDFIT) = sqrt(WSSR/ndf)    : 1.60118
variance of residuals (reduced chisquare) = WSSR/ndf   : 2.56379
p-value of the Chisq distribution (FIT_P)              : 0.00213885

Final set of parameters            Asymptotic Standard Error
=======================            ==========================
x6              = 0.0578402        +/- 0.001679     (2.903%)
y6              = 0.209917         +/- 0.01023      (4.875%)
a6              = 9.46581          +/- 0.6268       (6.621%)
b6              = -4107.9          +/- 1155         (28.11%)
c6              = 56828.9          +/- 1.921e+04    (33.81%)

correlation matrix of the fit parameters:
                x6     y6     a6     b6     c6     
x6              1.000 
y6              0.872  1.000 
a6             -0.245 -0.340  1.000 
b6              0.393  0.461 -0.922  1.000 
c6             -0.413 -0.500  0.867 -0.990  1.000 


*******************************************************************************
Mon Oct  6 17:14:55 2025


FIT:    data read from "../Data/D15.48/relvol.Nt12" using 1:2:3:4 xyerrors
        format = x:z:sx:s
        x range restricted to [0.0672000 : 0.163200]
        #datapoints = 20
function used for fitting: f5(x)
	f5(x)=y5+a5*(x-x5)+b5*(x-x5)**3+c5*(x-x5)**4
fitted parameters initialized with current variable values

iter      chisq       delta/lim  lambda   x5            y5            a5            b5            c5           
   0 6.1920189888e+05   0.00e+00  2.37e+02    1.000000e-01   1.000000e-01   1.000000e+02  -1.000000e+03   1.000000e+04
   7 2.0503169188e+01  -8.38e-02  2.37e-04    9.744528e-02   2.635606e-01   9.028693e+00  -2.334408e+03   2.189193e+04

After 7 iterations the fit converged.
final sum of squares of residuals : 20.5032
rel. change during last iteration : -8.38426e-07

degrees of freedom    (FIT_NDF)                        : 15
rms of residuals      (FIT_STDFIT) = sqrt(WSSR/ndf)    : 1.16914
variance of residuals (reduced chisquare) = WSSR/ndf   : 1.36688
p-value of the Chisq distribution (FIT_P)              : 0.153468

Final set of parameters            Asymptotic Standard Error
=======================            ==========================
x5              = 0.0974453        +/- 0.001292     (1.326%)
y5              = 0.263561         +/- 0.008747     (3.319%)
a5              = 9.02869          +/- 0.2809       (3.111%)
b5              = -2334.41         +/- 332.7        (14.25%)
c5              = 21891.9          +/- 4281         (19.56%)

correlation matrix of the fit parameters:
                x5     y5     a5     b5     c5     
x5              1.000 
y5              0.923  1.000 
a5              0.153 -0.040  1.000 
b5             -0.438 -0.331 -0.873  1.000 
c5              0.436  0.340  0.833 -0.995  1.000 


*******************************************************************************
Mon Oct  6 17:14:55 2025


FIT:    data read from "../Data/D15.48/relvol.Nt10" using 1:2:3:4 xyerrors
        format = x:z:sx:s
        x range restricted to [0.115500 : 0.181500]
        #datapoints = 13
function used for fitting: f4(x)
	f4(x)=y4+a4*(x-x4)+b4*(x-x4)**3+c4*(x-x4)**4
fitted parameters initialized with current variable values

iter      chisq       delta/lim  lambda   x4            y4            a4            b4            c4           
   0 7.6624128130e+04   0.00e+00  3.22e+02    1.500000e-01   1.000000e-01   1.000000e+02  -1.000000e+03   1.000000e+04
   7 4.0540243734e+00  -7.21e-01  3.22e-05    1.417752e-01   2.378417e-01   9.341529e+00  -2.563382e+03   2.597558e+04

After 7 iterations the fit converged.
final sum of squares of residuals : 4.05402
rel. change during last iteration : -7.20888e-06

degrees of freedom    (FIT_NDF)                        : 8
rms of residuals      (FIT_STDFIT) = sqrt(WSSR/ndf)    : 0.711866
variance of residuals (reduced chisquare) = WSSR/ndf   : 0.506753
p-value of the Chisq distribution (FIT_P)              : 0.852217

Final set of parameters            Asymptotic Standard Error
=======================            ==========================
x4              = 0.141775         +/- 0.001926     (1.359%)
y4              = 0.237842         +/- 0.01585      (6.664%)
a4              = 9.34153          +/- 0.2849       (3.05%)
b4              = -2563.38         +/- 696.6        (27.17%)
c4              = 25975.6          +/- 1.884e+04    (72.53%)

correlation matrix of the fit parameters:
                x4     y4     a4     b4     c4     
x4              1.000 
y4              0.990  1.000 
a4             -0.466 -0.518  1.000 
b4              0.686  0.729 -0.905  1.000 
c4             -0.838 -0.876  0.751 -0.945  1.000 


*******************************************************************************
Mon Oct  6 17:14:55 2025


FIT:    data read from "../Data/D15.48/relvol.Nt8" using 1:2:3:4 xyerrors
        format = x:z:sx:s
        x range restricted to [0.190000 : 0.243200]
        #datapoints = 11
function used for fitting: f3(x)
	f3(x)=y3+a3*(x-x3)+b3*(x-x3)**3+c3*(x-x3)**4
fitted parameters initialized with current variable values

iter      chisq       delta/lim  lambda   x3            y3            a3            b3            c3           
   0 2.0041127618e+05   0.00e+00  4.80e+02    2.000000e-01   1.000000e-01   1.000000e+02  -1.000000e+03   1.000000e+04
  15 1.5840167631e+00  -5.99e-02  4.80e-06    2.126053e-01   1.825136e-01   1.021315e+01  -6.119607e+03   1.447969e+05

After 15 iterations the fit converged.
final sum of squares of residuals : 1.58402
rel. change during last iteration : -5.99451e-07

degrees of freedom    (FIT_NDF)                        : 6
rms of residuals      (FIT_STDFIT) = sqrt(WSSR/ndf)    : 0.513812
variance of residuals (reduced chisquare) = WSSR/ndf   : 0.264003
p-value of the Chisq distribution (FIT_P)              : 0.95372

Final set of parameters            Asymptotic Standard Error
=======================            ==========================
x3              = 0.212605         +/- 0.0007859    (0.3697%)
y3              = 0.182514         +/- 0.006592     (3.612%)
a3              = 10.2131          +/- 0.2          (1.958%)
b3              = -6119.61         +/- 918.5        (15.01%)
c3              = 144797           +/- 2.559e+04    (17.67%)

correlation matrix of the fit parameters:
                x3     y3     a3     b3     c3     
x3              1.000 
y3              0.979  1.000 
a3             -0.379 -0.415  1.000 
b3              0.810  0.836 -0.795  1.000 
c3             -0.860 -0.897  0.658 -0.970  1.000 


*******************************************************************************
Mon Oct  6 17:14:55 2025


FIT:    data read from "../Data/D15.48/relvol.Nt6" using 1:2:3:4 xyerrors
        format = x:z:sx:s
        x range restricted to [0.329800 : 0.404600]
        #datapoints = 15
function used for fitting: f2(x)
	f2(x)=y2+a2*(x-x2)+b2*(x-x2)**3+c2*(x-x2)**4
fitted parameters initialized with current variable values

iter      chisq       delta/lim  lambda   x2            y2            a2            b2            c2           
   0 7.5080854767e+05   0.00e+00  1.15e+03    3.500000e-01   1.000000e-01   1.000000e+02  -1.000000e+03   1.000000e+04
   8 1.1397166998e+01  -1.40e-10  1.15e+07    3.658032e-01   2.555035e-01   9.985988e+00  -2.279306e+03   1.369339e+04

After 8 iterations the fit converged.
final sum of squares of residuals : 11.3972
rel. change during last iteration : -1.40274e-15

degrees of freedom    (FIT_NDF)                        : 10
rms of residuals      (FIT_STDFIT) = sqrt(WSSR/ndf)    : 1.06758
variance of residuals (reduced chisquare) = WSSR/ndf   : 1.13972
p-value of the Chisq distribution (FIT_P)              : 0.327423

Final set of parameters            Asymptotic Standard Error
=======================            ==========================
x2              = 0.365803         +/- 0.001386     (0.379%)
y2              = 0.255504         +/- 0.01187      (4.646%)
a2              = 9.98599          +/- 0.1334       (1.336%)
b2              = -2279.31         +/- 175.3        (7.692%)
c2              = 13693.4          +/- 6979         (50.97%)

correlation matrix of the fit parameters:
                x2     y2     a2     b2     c2     
x2              1.000 
y2              0.991  1.000 
a2             -0.218 -0.245  1.000 
b2              0.675  0.695 -0.831  1.000 
c2             -0.965 -0.983  0.296 -0.735  1.000 


*******************************************************************************
Mon Oct  6 17:14:55 2025


FIT:    data read from "../Data/D15.48/relvol.Nt4" using 1:2:3:4 xyerrors
        format = x:z:sx:s
        x range restricted to [0.660000 : 0.712800]
        #datapoints = 11
function used for fitting: f1(x)
	f1(x)=y1+a1*(x-x1)+b1*(x-x1)**3+c1*(x-x1)**4
fitted parameters initialized with current variable values

iter      chisq       delta/lim  lambda   x1            y1            a1            b1            c1           
   0 1.6648211807e+05   0.00e+00  2.68e+03    7.000000e-01   1.000000e-01   1.000000e+02  -1.000000e+03   1.000000e+04
  15 3.3131426532e+00  -4.55e-03  2.68e-06    6.972361e-01   2.739707e-01   1.376660e+01  -9.028365e+03  -1.118609e+05

After 15 iterations the fit converged.
final sum of squares of residuals : 3.31314
rel. change during last iteration : -4.55108e-08

degrees of freedom    (FIT_NDF)                        : 6
rms of residuals      (FIT_STDFIT) = sqrt(WSSR/ndf)    : 0.743095
variance of residuals (reduced chisquare) = WSSR/ndf   : 0.55219
p-value of the Chisq distribution (FIT_P)              : 0.768641

Final set of parameters            Asymptotic Standard Error
=======================            ==========================
x1              = 0.697236         +/- 0.000248     (0.03557%)
y1              = 0.273971         +/- 0.002352     (0.8585%)
a1              = 13.7666          +/- 0.1726       (1.254%)
b1              = -9028.37         +/- 633.3        (7.015%)
c1              = -111861          +/- 1.443e+04    (12.9%)

correlation matrix of the fit parameters:
                x1     y1     a1     b1     c1     
x1              1.000 
y1              0.944  1.000 
a1              0.025  0.057  1.000 
b1              0.100  0.083 -0.950  1.000 
c1              0.019 -0.001 -0.929  0.992  1.000 


*******************************************************************************
Mon Oct  6 17:18:10 2025


FIT:    data read from "../Data/D15.48/relvol.Nt24" using 1:2:3:4 xyerrors
        format = x:z:sx:s
        x range restricted to [0.00000 : 0.0621000]
        #datapoints = 12
function used for fitting: f10(x)
	f10(x)=y10+a10*(x-x10)+b10*(x-x10)**3+c10*(x-x10)**4
fitted parameters initialized with current variable values

iter      chisq       delta/lim  lambda   x10           y10           a10           b10           c10          
   0 1.8838254771e+05   0.00e+00  1.14e+02    5.000000e-02   1.000000e-01   1.000000e+02  -1.000000e+03   1.000000e+04
   7 1.0331792640e+01  -6.36e-02  1.14e-05    2.340834e-02   2.238721e-01   1.105663e+01  -3.415446e+03   9.482727e+03

After 7 iterations the fit converged.
final sum of squares of residuals : 10.3318
rel. change during last iteration : -6.36365e-07

degrees of freedom    (FIT_NDF)                        : 7
rms of residuals      (FIT_STDFIT) = sqrt(WSSR/ndf)    : 1.2149
variance of residuals (reduced chisquare) = WSSR/ndf   : 1.47597
p-value of the Chisq distribution (FIT_P)              : 0.170538

Final set of parameters            Asymptotic Standard Error
=======================            ==========================
x10             = 0.0234083        +/- 0.003526     (15.06%)
y10             = 0.223872         +/- 0.03324      (14.85%)
a10             = 11.0566          +/- 0.5929       (5.362%)
b10             = -3415.45         +/- 1526         (44.67%)
c10             = 9482.73          +/- 5.191e+04    (547.4%)

correlation matrix of the fit parameters:
                x10    y10    a10    b10    c10    
x10             1.000 
y10             0.992  1.000 
a10            -0.513 -0.523  1.000 
b10             0.647  0.674 -0.943  1.000 
c10            -0.883 -0.910  0.759 -0.902  1.000 


*******************************************************************************
Mon Oct  6 17:18:10 2025


FIT:    data read from "../Data/D15.48/relvol.Nt20" using 1:2:3:4 xyerrors
        format = x:z:sx:s
        x range restricted to [0.00000 : 0.0464000]
        #datapoints = 9
function used for fitting: f9(x)
	f9(x)=y9+a9*(x-x9)+b9*(x-x9)**3+c9*(x-x9)**4
fitted parameters initialized with current variable values

iter      chisq       delta/lim  lambda   x9            y9            a9            b9            c9           
   0 1.5263519584e+05   0.00e+00  1.03e+02    5.000000e-02   1.000000e-01   1.000000e+02  -1.000000e+03   1.000000e+04
  15 8.8002327098e-01  -1.59e-01  1.03e-05    1.706334e-02   1.653254e-01   1.189896e+01  -7.255369e+03   1.312419e+05

After 15 iterations the fit converged.
final sum of squares of residuals : 0.880023
rel. change during last iteration : -1.58705e-06

degrees of freedom    (FIT_NDF)                        : 4
rms of residuals      (FIT_STDFIT) = sqrt(WSSR/ndf)    : 0.469048
variance of residuals (reduced chisquare) = WSSR/ndf   : 0.220006
p-value of the Chisq distribution (FIT_P)              : 0.927409

Final set of parameters            Asymptotic Standard Error
=======================            ==========================
x9              = 0.0170633        +/- 0.001846     (10.82%)
y9              = 0.165325         +/- 0.01865      (11.28%)
a9              = 11.899           +/- 0.4764       (4.004%)
b9              = -7255.37         +/- 2865         (39.48%)
c9              = 131242           +/- 1.058e+05    (80.61%)

correlation matrix of the fit parameters:
                x9     y9     a9     b9     c9     
x9              1.000 
y9              0.992  1.000 
a9             -0.522 -0.507  1.000 
b9              0.837  0.844 -0.878  1.000 
c9             -0.919 -0.938  0.733 -0.965  1.000 


*******************************************************************************
Mon Oct  6 17:18:10 2025


FIT:    data read from "../Data/D15.48/relvol.Nt18" using 1:2:3:4 xyerrors
        format = x:z:sx:s
        x range restricted to [0.00870000 : 0.0667000]
        #datapoints = 11
function used for fitting: f8(x)
	f8(x)=y8+a8*(x-x8)+b8*(x-x8)**3+c8*(x-x8)**4
fitted parameters initialized with current variable values

iter      chisq       delta/lim  lambda   x8            y8            a8            b8            c8           
   0 4.6065451193e+04   0.00e+00  8.49e+01    5.000000e-02   1.000000e-01   1.000000e+02  -1.000000e+03   1.000000e+04
   8 4.3702612692e+00  -4.53e-03  8.49e-07    2.764118e-02   2.265317e-01   9.692917e+00  -3.413662e+03   3.219300e+04

After 8 iterations the fit converged.
final sum of squares of residuals : 4.37026
rel. change during last iteration : -4.53054e-08

degrees of freedom    (FIT_NDF)                        : 6
rms of residuals      (FIT_STDFIT) = sqrt(WSSR/ndf)    : 0.85345
variance of residuals (reduced chisquare) = WSSR/ndf   : 0.728377
p-value of the Chisq distribution (FIT_P)              : 0.626704

Final set of parameters            Asymptotic Standard Error
=======================            ==========================
x8              = 0.0276412        +/- 0.003777     (13.67%)
y8              = 0.226532         +/- 0.03111      (13.73%)
a8              = 9.69292          +/- 0.8811       (9.09%)
b8              = -3413.66         +/- 3525         (103.3%)
c8              = 32193            +/- 8.066e+04    (250.5%)

correlation matrix of the fit parameters:
                x8     y8     a8     b8     c8     
x8              1.000 
y8              0.989  1.000 
a8              0.111  0.054  1.000 
b8             -0.279 -0.241 -0.923  1.000 
c8              0.143  0.104  0.901 -0.985  1.000 


*******************************************************************************
Mon Oct  6 17:18:10 2025


FIT:    data read from "../Data/D15.48/relvol.Nt16" using 1:2:3:4 xyerrors
        format = x:z:sx:s
        x range restricted to [0.0172000 : 0.0774000]
        #datapoints = 13
function used for fitting: f7(x)
	f7(x)=y7+a7*(x-x7)+b7*(x-x7)**3+c7*(x-x7)**4
fitted parameters initialized with current variable values

iter      chisq       delta/lim  lambda   x7            y7            a7            b7            c7           
   0 4.2981300427e+04   0.00e+00  8.46e+01    5.000000e-02   1.000000e-01   1.000000e+02  -1.000000e+03   1.000000e+04
   8 1.0640068399e+01  -3.08e-02  8.46e-06    3.597181e-02   2.049313e-01   1.012182e+01  -4.081235e+03   5.441326e+04

After 8 iterations the fit converged.
final sum of squares of residuals : 10.6401
rel. change during last iteration : -3.08355e-07

degrees of freedom    (FIT_NDF)                        : 8
rms of residuals      (FIT_STDFIT) = sqrt(WSSR/ndf)    : 1.15326
variance of residuals (reduced chisquare) = WSSR/ndf   : 1.33001
p-value of the Chisq distribution (FIT_P)              : 0.222939

Final set of parameters            Asymptotic Standard Error
=======================            ==========================
x7              = 0.0359718        +/- 0.002402     (6.678%)
y7              = 0.204931         +/- 0.01871      (9.131%)
a7              = 10.1218          +/- 0.7822       (7.728%)
b7              = -4081.23         +/- 2215         (54.28%)
c7              = 54413.3          +/- 4.371e+04    (80.33%)

correlation matrix of the fit parameters:
                x7     y7     a7     b7     c7     
x7              1.000 
y7              0.968  1.000 
a7              0.236  0.141  1.000 
b7             -0.306 -0.238 -0.935  1.000 
c7              0.252  0.183  0.900 -0.993  1.000 


*******************************************************************************
Mon Oct  6 17:18:10 2025


FIT:    data read from "../Data/D15.48/relvol.Nt14" using 1:2:3:4 xyerrors
        format = x:z:sx:s
        x range restricted to [0.0248000 : 0.111600]
        #datapoints = 17
function used for fitting: f6(x)
	f6(x)=y6+a6*(x-x6)+b6*(x-x6)**3+c6*(x-x6)**4
fitted parameters initialized with current variable values

iter      chisq       delta/lim  lambda   x6            y6            a6            b6            c6           
   0 2.9404347277e+05   0.00e+00  1.04e+02    5.000000e-02   1.000000e-01   1.000000e+02  -1.000000e+03   1.000000e+04
   8 3.0765447443e+01  -2.79e-02  1.04e-05    5.784016e-02   2.099168e-01   9.465806e+00  -4.107904e+03   5.682887e+04

After 8 iterations the fit converged.
final sum of squares of residuals : 30.7654
rel. change during last iteration : -2.78917e-07

degrees of freedom    (FIT_NDF)                        : 12
rms of residuals      (FIT_STDFIT) = sqrt(WSSR/ndf)    : 1.60118
variance of residuals (reduced chisquare) = WSSR/ndf   : 2.56379
p-value of the Chisq distribution (FIT_P)              : 0.00213885

Final set of parameters            Asymptotic Standard Error
=======================            ==========================
x6              = 0.0578402        +/- 0.001679     (2.903%)
y6              = 0.209917         +/- 0.01023      (4.875%)
a6              = 9.46581          +/- 0.6268       (6.621%)
b6              = -4107.9          +/- 1155         (28.11%)
c6              = 56828.9          +/- 1.921e+04    (33.81%)

correlation matrix of the fit parameters:
                x6     y6     a6     b6     c6     
x6              1.000 
y6              0.872  1.000 
a6             -0.245 -0.340  1.000 
b6              0.393  0.461 -0.922  1.000 
c6             -0.413 -0.500  0.867 -0.990  1.000 


*******************************************************************************
Mon Oct  6 17:18:10 2025


FIT:    data read from "../Data/D15.48/relvol.Nt12" using 1:2:3:4 xyerrors
        format = x:z:sx:s
        x range restricted to [0.0672000 : 0.163200]
        #datapoints = 20
function used for fitting: f5(x)
	f5(x)=y5+a5*(x-x5)+b5*(x-x5)**3+c5*(x-x5)**4
fitted parameters initialized with current variable values

iter      chisq       delta/lim  lambda   x5            y5            a5            b5            c5           
   0 6.1920189888e+05   0.00e+00  2.37e+02    1.000000e-01   1.000000e-01   1.000000e+02  -1.000000e+03   1.000000e+04
   7 2.0503169188e+01  -8.38e-02  2.37e-04    9.744528e-02   2.635606e-01   9.028693e+00  -2.334408e+03   2.189193e+04

After 7 iterations the fit converged.
final sum of squares of residuals : 20.5032
rel. change during last iteration : -8.38426e-07

degrees of freedom    (FIT_NDF)                        : 15
rms of residuals      (FIT_STDFIT) = sqrt(WSSR/ndf)    : 1.16914
variance of residuals (reduced chisquare) = WSSR/ndf   : 1.36688
p-value of the Chisq distribution (FIT_P)              : 0.153468

Final set of parameters            Asymptotic Standard Error
=======================            ==========================
x5              = 0.0974453        +/- 0.001292     (1.326%)
y5              = 0.263561         +/- 0.008747     (3.319%)
a5              = 9.02869          +/- 0.2809       (3.111%)
b5              = -2334.41         +/- 332.7        (14.25%)
c5              = 21891.9          +/- 4281         (19.56%)

correlation matrix of the fit parameters:
                x5     y5     a5     b5     c5     
x5              1.000 
y5              0.923  1.000 
a5              0.153 -0.040  1.000 
b5             -0.438 -0.331 -0.873  1.000 
c5              0.436  0.340  0.833 -0.995  1.000 


*******************************************************************************
Mon Oct  6 17:18:10 2025


FIT:    data read from "../Data/D15.48/relvol.Nt10" using 1:2:3:4 xyerrors
        format = x:z:sx:s
        x range restricted to [0.115500 : 0.181500]
        #datapoints = 13
function used for fitting: f4(x)
	f4(x)=y4+a4*(x-x4)+b4*(x-x4)**3+c4*(x-x4)**4
fitted parameters initialized with current variable values

iter      chisq       delta/lim  lambda   x4            y4            a4            b4            c4           
   0 7.6624128130e+04   0.00e+00  3.22e+02    1.500000e-01   1.000000e-01   1.000000e+02  -1.000000e+03   1.000000e+04
   7 4.0540243734e+00  -7.21e-01  3.22e-05    1.417752e-01   2.378417e-01   9.341529e+00  -2.563382e+03   2.597558e+04

After 7 iterations the fit converged.
final sum of squares of residuals : 4.05402
rel. change during last iteration : -7.20888e-06

degrees of freedom    (FIT_NDF)                        : 8
rms of residuals      (FIT_STDFIT) = sqrt(WSSR/ndf)    : 0.711866
variance of residuals (reduced chisquare) = WSSR/ndf   : 0.506753
p-value of the Chisq distribution (FIT_P)              : 0.852217

Final set of parameters            Asymptotic Standard Error
=======================            ==========================
x4              = 0.141775         +/- 0.001926     (1.359%)
y4              = 0.237842         +/- 0.01585      (6.664%)
a4              = 9.34153          +/- 0.2849       (3.05%)
b4              = -2563.38         +/- 696.6        (27.17%)
c4              = 25975.6          +/- 1.884e+04    (72.53%)

correlation matrix of the fit parameters:
                x4     y4     a4     b4     c4     
x4              1.000 
y4              0.990  1.000 
a4             -0.466 -0.518  1.000 
b4              0.686  0.729 -0.905  1.000 
c4             -0.838 -0.876  0.751 -0.945  1.000 


*******************************************************************************
Mon Oct  6 17:18:10 2025


FIT:    data read from "../Data/D15.48/relvol.Nt8" using 1:2:3:4 xyerrors
        format = x:z:sx:s
        x range restricted to [0.190000 : 0.243200]
        #datapoints = 11
function used for fitting: f3(x)
	f3(x)=y3+a3*(x-x3)+b3*(x-x3)**3+c3*(x-x3)**4
fitted parameters initialized with current variable values

iter      chisq       delta/lim  lambda   x3            y3            a3            b3            c3           
   0 2.0041127618e+05   0.00e+00  4.80e+02    2.000000e-01   1.000000e-01   1.000000e+02  -1.000000e+03   1.000000e+04
  15 1.5840167631e+00  -5.99e-02  4.80e-06    2.126053e-01   1.825136e-01   1.021315e+01  -6.119607e+03   1.447969e+05

After 15 iterations the fit converged.
final sum of squares of residuals : 1.58402
rel. change during last iteration : -5.99451e-07

degrees of freedom    (FIT_NDF)                        : 6
rms of residuals      (FIT_STDFIT) = sqrt(WSSR/ndf)    : 0.513812
variance of residuals (reduced chisquare) = WSSR/ndf   : 0.264003
p-value of the Chisq distribution (FIT_P)              : 0.95372

Final set of parameters            Asymptotic Standard Error
=======================            ==========================
x3              = 0.212605         +/- 0.0007859    (0.3697%)
y3              = 0.182514         +/- 0.006592     (3.612%)
a3              = 10.2131          +/- 0.2          (1.958%)
b3              = -6119.61         +/- 918.5        (15.01%)
c3              = 144797           +/- 2.559e+04    (17.67%)

correlation matrix of the fit parameters:
                x3     y3     a3     b3     c3     
x3              1.000 
y3              0.979  1.000 
a3             -0.379 -0.415  1.000 
b3              0.810  0.836 -0.795  1.000 
c3             -0.860 -0.897  0.658 -0.970  1.000 


*******************************************************************************
Mon Oct  6 17:18:10 2025


FIT:    data read from "../Data/D15.48/relvol.Nt6" using 1:2:3:4 xyerrors
        format = x:z:sx:s
        x range restricted to [0.329800 : 0.404600]
        #datapoints = 15
function used for fitting: f2(x)
	f2(x)=y2+a2*(x-x2)+b2*(x-x2)**3+c2*(x-x2)**4
fitted parameters initialized with current variable values

iter      chisq       delta/lim  lambda   x2            y2            a2            b2            c2           
   0 7.5080854767e+05   0.00e+00  1.15e+03    3.500000e-01   1.000000e-01   1.000000e+02  -1.000000e+03   1.000000e+04
   8 1.1397166998e+01  -1.40e-10  1.15e+07    3.658032e-01   2.555035e-01   9.985988e+00  -2.279306e+03   1.369339e+04

After 8 iterations the fit converged.
final sum of squares of residuals : 11.3972
rel. change during last iteration : -1.40274e-15

degrees of freedom    (FIT_NDF)                        : 10
rms of residuals      (FIT_STDFIT) = sqrt(WSSR/ndf)    : 1.06758
variance of residuals (reduced chisquare) = WSSR/ndf   : 1.13972
p-value of the Chisq distribution (FIT_P)              : 0.327423

Final set of parameters            Asymptotic Standard Error
=======================            ==========================
x2              = 0.365803         +/- 0.001386     (0.379%)
y2              = 0.255504         +/- 0.01187      (4.646%)
a2              = 9.98599          +/- 0.1334       (1.336%)
b2              = -2279.31         +/- 175.3        (7.692%)
c2              = 13693.4          +/- 6979         (50.97%)

correlation matrix of the fit parameters:
                x2     y2     a2     b2     c2     
x2              1.000 
y2              0.991  1.000 
a2             -0.218 -0.245  1.000 
b2              0.675  0.695 -0.831  1.000 
c2             -0.965 -0.983  0.296 -0.735  1.000 


*******************************************************************************
Mon Oct  6 17:18:10 2025


FIT:    data read from "../Data/D15.48/relvol.Nt4" using 1:2:3:4 xyerrors
        format = x:z:sx:s
        x range restricted to [0.660000 : 0.712800]
        #datapoints = 11
function used for fitting: f1(x)
	f1(x)=y1+a1*(x-x1)+b1*(x-x1)**3+c1*(x-x1)**4
fitted parameters initialized with current variable values

iter      chisq       delta/lim  lambda   x1            y1            a1            b1            c1           
   0 1.6648211807e+05   0.00e+00  2.68e+03    7.000000e-01   1.000000e-01   1.000000e+02  -1.000000e+03   1.000000e+04
  15 3.3131426532e+00  -4.55e-03  2.68e-06    6.972361e-01   2.739707e-01   1.376660e+01  -9.028365e+03  -1.118609e+05

After 15 iterations the fit converged.
final sum of squares of residuals : 3.31314
rel. change during last iteration : -4.55108e-08

degrees of freedom    (FIT_NDF)                        : 6
rms of residuals      (FIT_STDFIT) = sqrt(WSSR/ndf)    : 0.743095
variance of residuals (reduced chisquare) = WSSR/ndf   : 0.55219
p-value of the Chisq distribution (FIT_P)              : 0.768641

Final set of parameters            Asymptotic Standard Error
=======================            ==========================
x1              = 0.697236         +/- 0.000248     (0.03557%)
y1              = 0.273971         +/- 0.002352     (0.8585%)
a1              = 13.7666          +/- 0.1726       (1.254%)
b1              = -9028.37         +/- 633.3        (7.015%)
c1              = -111861          +/- 1.443e+04    (12.9%)

correlation matrix of the fit parameters:
                x1     y1     a1     b1     c1     
x1              1.000 
y1              0.944  1.000 
a1              0.025  0.057  1.000 
b1              0.100  0.083 -0.950  1.000 
c1              0.019 -0.001 -0.929  0.992  1.000 


*******************************************************************************
Mon Oct  6 17:18:51 2025


FIT:    data read from "../Data/D15.48/relvol.Nt24" using 1:2:3:4 xyerrors
        format = x:z:sx:s
        x range restricted to [0.00000 : 0.0621000]
        #datapoints = 12
function used for fitting: f10(x)
	f10(x)=y10+a10*(x-x10)+b10*(x-x10)**3+c10*(x-x10)**4
fitted parameters initialized with current variable values

iter      chisq       delta/lim  lambda   x10           y10           a10           b10           c10          
   0 1.8838254771e+05   0.00e+00  1.14e+02    5.000000e-02   1.000000e-01   1.000000e+02  -1.000000e+03   1.000000e+04
   7 1.0331792640e+01  -6.36e-02  1.14e-05    2.340834e-02   2.238721e-01   1.105663e+01  -3.415446e+03   9.482727e+03

After 7 iterations the fit converged.
final sum of squares of residuals : 10.3318
rel. change during last iteration : -6.36365e-07

degrees of freedom    (FIT_NDF)                        : 7
rms of residuals      (FIT_STDFIT) = sqrt(WSSR/ndf)    : 1.2149
variance of residuals (reduced chisquare) = WSSR/ndf   : 1.47597
p-value of the Chisq distribution (FIT_P)              : 0.170538

Final set of parameters            Asymptotic Standard Error
=======================            ==========================
x10             = 0.0234083        +/- 0.003526     (15.06%)
y10             = 0.223872         +/- 0.03324      (14.85%)
a10             = 11.0566          +/- 0.5929       (5.362%)
b10             = -3415.45         +/- 1526         (44.67%)
c10             = 9482.73          +/- 5.191e+04    (547.4%)

correlation matrix of the fit parameters:
                x10    y10    a10    b10    c10    
x10             1.000 
y10             0.992  1.000 
a10            -0.513 -0.523  1.000 
b10             0.647  0.674 -0.943  1.000 
c10            -0.883 -0.910  0.759 -0.902  1.000 


*******************************************************************************
Mon Oct  6 17:18:51 2025


FIT:    data read from "../Data/D15.48/relvol.Nt20" using 1:2:3:4 xyerrors
        format = x:z:sx:s
        x range restricted to [0.00000 : 0.0464000]
        #datapoints = 9
function used for fitting: f9(x)
	f9(x)=y9+a9*(x-x9)+b9*(x-x9)**3+c9*(x-x9)**4
fitted parameters initialized with current variable values

iter      chisq       delta/lim  lambda   x9            y9            a9            b9            c9           
   0 1.5263519584e+05   0.00e+00  1.03e+02    5.000000e-02   1.000000e-01   1.000000e+02  -1.000000e+03   1.000000e+04
  15 8.8002327098e-01  -1.59e-01  1.03e-05    1.706334e-02   1.653254e-01   1.189896e+01  -7.255369e+03   1.312419e+05

After 15 iterations the fit converged.
final sum of squares of residuals : 0.880023
rel. change during last iteration : -1.58705e-06

degrees of freedom    (FIT_NDF)                        : 4
rms of residuals      (FIT_STDFIT) = sqrt(WSSR/ndf)    : 0.469048
variance of residuals (reduced chisquare) = WSSR/ndf   : 0.220006
p-value of the Chisq distribution (FIT_P)              : 0.927409

Final set of parameters            Asymptotic Standard Error
=======================            ==========================
x9              = 0.0170633        +/- 0.001846     (10.82%)
y9              = 0.165325         +/- 0.01865      (11.28%)
a9              = 11.899           +/- 0.4764       (4.004%)
b9              = -7255.37         +/- 2865         (39.48%)
c9              = 131242           +/- 1.058e+05    (80.61%)

correlation matrix of the fit parameters:
                x9     y9     a9     b9     c9     
x9              1.000 
y9              0.992  1.000 
a9             -0.522 -0.507  1.000 
b9              0.837  0.844 -0.878  1.000 
c9             -0.919 -0.938  0.733 -0.965  1.000 


*******************************************************************************
Mon Oct  6 17:18:51 2025


FIT:    data read from "../Data/D15.48/relvol.Nt18" using 1:2:3:4 xyerrors
        format = x:z:sx:s
        x range restricted to [0.00870000 : 0.0667000]
        #datapoints = 11
function used for fitting: f8(x)
	f8(x)=y8+a8*(x-x8)+b8*(x-x8)**3+c8*(x-x8)**4
fitted parameters initialized with current variable values

iter      chisq       delta/lim  lambda   x8            y8            a8            b8            c8           
   0 4.6065451193e+04   0.00e+00  8.49e+01    5.000000e-02   1.000000e-01   1.000000e+02  -1.000000e+03   1.000000e+04
   8 4.3702612692e+00  -4.53e-03  8.49e-07    2.764118e-02   2.265317e-01   9.692917e+00  -3.413662e+03   3.219300e+04

After 8 iterations the fit converged.
final sum of squares of residuals : 4.37026
rel. change during last iteration : -4.53054e-08

degrees of freedom    (FIT_NDF)                        : 6
rms of residuals      (FIT_STDFIT) = sqrt(WSSR/ndf)    : 0.85345
variance of residuals (reduced chisquare) = WSSR/ndf   : 0.728377
p-value of the Chisq distribution (FIT_P)              : 0.626704

Final set of parameters            Asymptotic Standard Error
=======================            ==========================
x8              = 0.0276412        +/- 0.003777     (13.67%)
y8              = 0.226532         +/- 0.03111      (13.73%)
a8              = 9.69292          +/- 0.8811       (9.09%)
b8              = -3413.66         +/- 3525         (103.3%)
c8              = 32193            +/- 8.066e+04    (250.5%)

correlation matrix of the fit parameters:
                x8     y8     a8     b8     c8     
x8              1.000 
y8              0.989  1.000 
a8              0.111  0.054  1.000 
b8             -0.279 -0.241 -0.923  1.000 
c8              0.143  0.104  0.901 -0.985  1.000 


*******************************************************************************
Mon Oct  6 17:18:51 2025


FIT:    data read from "../Data/D15.48/relvol.Nt16" using 1:2:3:4 xyerrors
        format = x:z:sx:s
        x range restricted to [0.0172000 : 0.0774000]
        #datapoints = 13
function used for fitting: f7(x)
	f7(x)=y7+a7*(x-x7)+b7*(x-x7)**3+c7*(x-x7)**4
fitted parameters initialized with current variable values

iter      chisq       delta/lim  lambda   x7            y7            a7            b7            c7           
   0 4.2981300427e+04   0.00e+00  8.46e+01    5.000000e-02   1.000000e-01   1.000000e+02  -1.000000e+03   1.000000e+04
   8 1.0640068399e+01  -3.08e-02  8.46e-06    3.597181e-02   2.049313e-01   1.012182e+01  -4.081235e+03   5.441326e+04

After 8 iterations the fit converged.
final sum of squares of residuals : 10.6401
rel. change during last iteration : -3.08355e-07

degrees of freedom    (FIT_NDF)                        : 8
rms of residuals      (FIT_STDFIT) = sqrt(WSSR/ndf)    : 1.15326
variance of residuals (reduced chisquare) = WSSR/ndf   : 1.33001
p-value of the Chisq distribution (FIT_P)              : 0.222939

Final set of parameters            Asymptotic Standard Error
=======================            ==========================
x7              = 0.0359718        +/- 0.002402     (6.678%)
y7              = 0.204931         +/- 0.01871      (9.131%)
a7              = 10.1218          +/- 0.7822       (7.728%)
b7              = -4081.23         +/- 2215         (54.28%)
c7              = 54413.3          +/- 4.371e+04    (80.33%)

correlation matrix of the fit parameters:
                x7     y7     a7     b7     c7     
x7              1.000 
y7              0.968  1.000 
a7              0.236  0.141  1.000 
b7             -0.306 -0.238 -0.935  1.000 
c7              0.252  0.183  0.900 -0.993  1.000 


*******************************************************************************
Mon Oct  6 17:18:51 2025


FIT:    data read from "../Data/D15.48/relvol.Nt14" using 1:2:3:4 xyerrors
        format = x:z:sx:s
        x range restricted to [0.0248000 : 0.111600]
        #datapoints = 17
function used for fitting: f6(x)
	f6(x)=y6+a6*(x-x6)+b6*(x-x6)**3+c6*(x-x6)**4
fitted parameters initialized with current variable values

iter      chisq       delta/lim  lambda   x6            y6            a6            b6            c6           
   0 2.9404347277e+05   0.00e+00  1.04e+02    5.000000e-02   1.000000e-01   1.000000e+02  -1.000000e+03   1.000000e+04
   8 3.0765447443e+01  -2.79e-02  1.04e-05    5.784016e-02   2.099168e-01   9.465806e+00  -4.107904e+03   5.682887e+04

After 8 iterations the fit converged.
final sum of squares of residuals : 30.7654
rel. change during last iteration : -2.78917e-07

degrees of freedom    (FIT_NDF)                        : 12
rms of residuals      (FIT_STDFIT) = sqrt(WSSR/ndf)    : 1.60118
variance of residuals (reduced chisquare) = WSSR/ndf   : 2.56379
p-value of the Chisq distribution (FIT_P)              : 0.00213885

Final set of parameters            Asymptotic Standard Error
=======================            ==========================
x6              = 0.0578402        +/- 0.001679     (2.903%)
y6              = 0.209917         +/- 0.01023      (4.875%)
a6              = 9.46581          +/- 0.6268       (6.621%)
b6              = -4107.9          +/- 1155         (28.11%)
c6              = 56828.9          +/- 1.921e+04    (33.81%)

correlation matrix of the fit parameters:
                x6     y6     a6     b6     c6     
x6              1.000 
y6              0.872  1.000 
a6             -0.245 -0.340  1.000 
b6              0.393  0.461 -0.922  1.000 
c6             -0.413 -0.500  0.867 -0.990  1.000 


*******************************************************************************
Mon Oct  6 17:18:51 2025


FIT:    data read from "../Data/D15.48/relvol.Nt12" using 1:2:3:4 xyerrors
        format = x:z:sx:s
        x range restricted to [0.0672000 : 0.163200]
        #datapoints = 20
function used for fitting: f5(x)
	f5(x)=y5+a5*(x-x5)+b5*(x-x5)**3+c5*(x-x5)**4
fitted parameters initialized with current variable values

iter      chisq       delta/lim  lambda   x5            y5            a5            b5            c5           
   0 6.1920189888e+05   0.00e+00  2.37e+02    1.000000e-01   1.000000e-01   1.000000e+02  -1.000000e+03   1.000000e+04
   7 2.0503169188e+01  -8.38e-02  2.37e-04    9.744528e-02   2.635606e-01   9.028693e+00  -2.334408e+03   2.189193e+04

After 7 iterations the fit converged.
final sum of squares of residuals : 20.5032
rel. change during last iteration : -8.38426e-07

degrees of freedom    (FIT_NDF)                        : 15
rms of residuals      (FIT_STDFIT) = sqrt(WSSR/ndf)    : 1.16914
variance of residuals (reduced chisquare) = WSSR/ndf   : 1.36688
p-value of the Chisq distribution (FIT_P)              : 0.153468

Final set of parameters            Asymptotic Standard Error
=======================            ==========================
x5              = 0.0974453        +/- 0.001292     (1.326%)
y5              = 0.263561         +/- 0.008747     (3.319%)
a5              = 9.02869          +/- 0.2809       (3.111%)
b5              = -2334.41         +/- 332.7        (14.25%)
c5              = 21891.9          +/- 4281         (19.56%)

correlation matrix of the fit parameters:
                x5     y5     a5     b5     c5     
x5              1.000 
y5              0.923  1.000 
a5              0.153 -0.040  1.000 
b5             -0.438 -0.331 -0.873  1.000 
c5              0.436  0.340  0.833 -0.995  1.000 


*******************************************************************************
Mon Oct  6 17:18:51 2025


FIT:    data read from "../Data/D15.48/relvol.Nt10" using 1:2:3:4 xyerrors
        format = x:z:sx:s
        x range restricted to [0.115500 : 0.181500]
        #datapoints = 13
function used for fitting: f4(x)
	f4(x)=y4+a4*(x-x4)+b4*(x-x4)**3+c4*(x-x4)**4
fitted parameters initialized with current variable values

iter      chisq       delta/lim  lambda   x4            y4            a4            b4            c4           
   0 7.6624128130e+04   0.00e+00  3.22e+02    1.500000e-01   1.000000e-01   1.000000e+02  -1.000000e+03   1.000000e+04
   7 4.0540243734e+00  -7.21e-01  3.22e-05    1.417752e-01   2.378417e-01   9.341529e+00  -2.563382e+03   2.597558e+04

After 7 iterations the fit converged.
final sum of squares of residuals : 4.05402
rel. change during last iteration : -7.20888e-06

degrees of freedom    (FIT_NDF)                        : 8
rms of residuals      (FIT_STDFIT) = sqrt(WSSR/ndf)    : 0.711866
variance of residuals (reduced chisquare) = WSSR/ndf   : 0.506753
p-value of the Chisq distribution (FIT_P)              : 0.852217

Final set of parameters            Asymptotic Standard Error
=======================            ==========================
x4              = 0.141775         +/- 0.001926     (1.359%)
y4              = 0.237842         +/- 0.01585      (6.664%)
a4              = 9.34153          +/- 0.2849       (3.05%)
b4              = -2563.38         +/- 696.6        (27.17%)
c4              = 25975.6          +/- 1.884e+04    (72.53%)

correlation matrix of the fit parameters:
                x4     y4     a4     b4     c4     
x4              1.000 
y4              0.990  1.000 
a4             -0.466 -0.518  1.000 
b4              0.686  0.729 -0.905  1.000 
c4             -0.838 -0.876  0.751 -0.945  1.000 


*******************************************************************************
Mon Oct  6 17:18:51 2025


FIT:    data read from "../Data/D15.48/relvol.Nt8" using 1:2:3:4 xyerrors
        format = x:z:sx:s
        x range restricted to [0.190000 : 0.243200]
        #datapoints = 11
function used for fitting: f3(x)
	f3(x)=y3+a3*(x-x3)+b3*(x-x3)**3+c3*(x-x3)**4
fitted parameters initialized with current variable values

iter      chisq       delta/lim  lambda   x3            y3            a3            b3            c3           
   0 2.0041127618e+05   0.00e+00  4.80e+02    2.000000e-01   1.000000e-01   1.000000e+02  -1.000000e+03   1.000000e+04
  15 1.5840167631e+00  -5.99e-02  4.80e-06    2.126053e-01   1.825136e-01   1.021315e+01  -6.119607e+03   1.447969e+05

After 15 iterations the fit converged.
final sum of squares of residuals : 1.58402
rel. change during last iteration : -5.99451e-07

degrees of freedom    (FIT_NDF)                        : 6
rms of residuals      (FIT_STDFIT) = sqrt(WSSR/ndf)    : 0.513812
variance of residuals (reduced chisquare) = WSSR/ndf   : 0.264003
p-value of the Chisq distribution (FIT_P)              : 0.95372

Final set of parameters            Asymptotic Standard Error
=======================            ==========================
x3              = 0.212605         +/- 0.0007859    (0.3697%)
y3              = 0.182514         +/- 0.006592     (3.612%)
a3              = 10.2131          +/- 0.2          (1.958%)
b3              = -6119.61         +/- 918.5        (15.01%)
c3              = 144797           +/- 2.559e+04    (17.67%)

correlation matrix of the fit parameters:
                x3     y3     a3     b3     c3     
x3              1.000 
y3              0.979  1.000 
a3             -0.379 -0.415  1.000 
b3              0.810  0.836 -0.795  1.000 
c3             -0.860 -0.897  0.658 -0.970  1.000 


*******************************************************************************
Mon Oct  6 17:18:51 2025


FIT:    data read from "../Data/D15.48/relvol.Nt6" using 1:2:3:4 xyerrors
        format = x:z:sx:s
        x range restricted to [0.329800 : 0.404600]
        #datapoints = 15
function used for fitting: f2(x)
	f2(x)=y2+a2*(x-x2)+b2*(x-x2)**3+c2*(x-x2)**4
fitted parameters initialized with current variable values

iter      chisq       delta/lim  lambda   x2            y2            a2            b2            c2           
   0 7.5080854767e+05   0.00e+00  1.15e+03    3.500000e-01   1.000000e-01   1.000000e+02  -1.000000e+03   1.000000e+04
   8 1.1397166998e+01  -1.40e-10  1.15e+07    3.658032e-01   2.555035e-01   9.985988e+00  -2.279306e+03   1.369339e+04

After 8 iterations the fit converged.
final sum of squares of residuals : 11.3972
rel. change during last iteration : -1.40274e-15

degrees of freedom    (FIT_NDF)                        : 10
rms of residuals      (FIT_STDFIT) = sqrt(WSSR/ndf)    : 1.06758
variance of residuals (reduced chisquare) = WSSR/ndf   : 1.13972
p-value of the Chisq distribution (FIT_P)              : 0.327423

Final set of parameters            Asymptotic Standard Error
=======================            ==========================
x2              = 0.365803         +/- 0.001386     (0.379%)
y2              = 0.255504         +/- 0.01187      (4.646%)
a2              = 9.98599          +/- 0.1334       (1.336%)
b2              = -2279.31         +/- 175.3        (7.692%)
c2              = 13693.4          +/- 6979         (50.97%)

correlation matrix of the fit parameters:
                x2     y2     a2     b2     c2     
x2              1.000 
y2              0.991  1.000 
a2             -0.218 -0.245  1.000 
b2              0.675  0.695 -0.831  1.000 
c2             -0.965 -0.983  0.296 -0.735  1.000 


*******************************************************************************
Mon Oct  6 17:18:51 2025


FIT:    data read from "../Data/D15.48/relvol.Nt4" using 1:2:3:4 xyerrors
        format = x:z:sx:s
        x range restricted to [0.660000 : 0.712800]
        #datapoints = 11
function used for fitting: f1(x)
	f1(x)=y1+a1*(x-x1)+b1*(x-x1)**3+c1*(x-x1)**4
fitted parameters initialized with current variable values

iter      chisq       delta/lim  lambda   x1            y1            a1            b1            c1           
   0 1.6648211807e+05   0.00e+00  2.68e+03    7.000000e-01   1.000000e-01   1.000000e+02  -1.000000e+03   1.000000e+04
  15 3.3131426532e+00  -4.55e-03  2.68e-06    6.972361e-01   2.739707e-01   1.376660e+01  -9.028365e+03  -1.118609e+05

After 15 iterations the fit converged.
final sum of squares of residuals : 3.31314
rel. change during last iteration : -4.55108e-08

degrees of freedom    (FIT_NDF)                        : 6
rms of residuals      (FIT_STDFIT) = sqrt(WSSR/ndf)    : 0.743095
variance of residuals (reduced chisquare) = WSSR/ndf   : 0.55219
p-value of the Chisq distribution (FIT_P)              : 0.768641

Final set of parameters            Asymptotic Standard Error
=======================            ==========================
x1              = 0.697236         +/- 0.000248     (0.03557%)
y1              = 0.273971         +/- 0.002352     (0.8585%)
a1              = 13.7666          +/- 0.1726       (1.254%)
b1              = -9028.37         +/- 633.3        (7.015%)
c1              = -111861          +/- 1.443e+04    (12.9%)

correlation matrix of the fit parameters:
                x1     y1     a1     b1     c1     
x1              1.000 
y1              0.944  1.000 
a1              0.025  0.057  1.000 
b1              0.100  0.083 -0.950  1.000 
c1              0.019 -0.001 -0.929  0.992  1.000 


*******************************************************************************
Mon Oct  6 17:33:29 2025


FIT:    data read from "../Data/D15.48/relvol.Nt24" using 1:2:3:4 xyerrors
        format = x:z:sx:s
        x range restricted to [0.00000 : 0.0621000]
        #datapoints = 9
function used for fitting: f10(x)
	f10(x)=y10+a10*(x-x10)+b10*(x-x10)**3+c10*(x-x10)**4
fitted parameters initialized with current variable values

iter      chisq       delta/lim  lambda   x10           y10           a10           b10           c10          
   0 2.0712880399e+05   0.00e+00  1.42e+02    5.000000e-02   1.000000e-01   1.000000e+02  -1.000000e+03   1.000000e+04
   7 4.1282942117e+00  -2.05e-02  1.42e-05    2.395258e-02   2.297877e-01   1.098284e+01  -3.340650e+03   5.750974e+03

After 7 iterations the fit converged.
final sum of squares of residuals : 4.12829
rel. change during last iteration : -2.05128e-07

degrees of freedom    (FIT_NDF)                        : 4
rms of residuals      (FIT_STDFIT) = sqrt(WSSR/ndf)    : 1.01591
variance of residuals (reduced chisquare) = WSSR/ndf   : 1.03207
p-value of the Chisq distribution (FIT_P)              : 0.388921

Final set of parameters            Asymptotic Standard Error
=======================            ==========================
x10             = 0.0239526        +/- 0.002041     (8.52%)
y10             = 0.229788         +/- 0.01908      (8.305%)
a10             = 10.9828          +/- 0.3865       (3.519%)
b10             = -3340.65         +/- 853.6        (25.55%)
c10             = 5750.97          +/- 2.802e+04    (487.3%)

correlation matrix of the fit parameters:
                x10    y10    a10    b10    c10    
x10             1.000 
y10             0.990  1.000 
a10            -0.581 -0.607  1.000 
b10             0.684  0.724 -0.964  1.000 
c10            -0.901 -0.934  0.806 -0.910  1.000 


*******************************************************************************
Mon Oct  6 17:33:29 2025


FIT:    data read from "../Data/D15.48/relvol.Nt20" using 1:2:3:4 xyerrors
        format = x:z:sx:s
        x range restricted to [0.00000 : 0.0464000]
        #datapoints = 16
function used for fitting: f9(x)
	f9(x)=y9+a9*(x-x9)+b9*(x-x9)**3+c9*(x-x9)**4
fitted parameters initialized with current variable values

iter      chisq       delta/lim  lambda   x9            y9            a9            b9            c9           
   0 7.1891219971e+05   0.00e+00  1.66e+02    5.000000e-02   1.000000e-01   1.000000e+02  -1.000000e+03   1.000000e+04
 103 1.0948676014e+01  -4.80e-01  1.66e-05    1.550289e-02   1.480445e-01   1.248997e+01  -1.165502e+04   2.805126e+05

After 103 iterations the fit converged.
final sum of squares of residuals : 10.9487
rel. change during last iteration : -4.799e-06

degrees of freedom    (FIT_NDF)                        : 11
rms of residuals      (FIT_STDFIT) = sqrt(WSSR/ndf)    : 0.997664
variance of residuals (reduced chisquare) = WSSR/ndf   : 0.995334
p-value of the Chisq distribution (FIT_P)              : 0.447573

Final set of parameters            Asymptotic Standard Error
=======================            ==========================
x9              = 0.0155029        +/- 0.00103      (6.644%)
y9              = 0.148045         +/- 0.00902      (6.093%)
a9              = 12.49            +/- 0.5227       (4.185%)
b9              = -11655           +/- 2914         (25%)
c9              = 280513           +/- 8.183e+04    (29.17%)

correlation matrix of the fit parameters:
                x9     y9     a9     b9     c9     
x9              1.000 
y9              0.952  1.000 
a9             -0.519 -0.382  1.000 
b9              0.847  0.793 -0.859  1.000 
c9             -0.887 -0.877  0.753 -0.979  1.000 


*******************************************************************************
Mon Oct  6 17:33:29 2025


FIT:    data read from "../Data/D15.48/relvol.Nt18" using 1:2:3:4 xyerrors
        format = x:z:sx:s
        x range restricted to [0.00870000 : 0.0667000]
        #datapoints = 20
function used for fitting: f8(x)
	f8(x)=y8+a8*(x-x8)+b8*(x-x8)**3+c8*(x-x8)**4
fitted parameters initialized with current variable values

iter      chisq       delta/lim  lambda   x8            y8            a8            b8            c8           
   0 2.2464422363e+05   0.00e+00  1.40e+02    5.000000e-02   1.000000e-01   1.000000e+02  -1.000000e+03   1.000000e+04
   7 1.5557526617e+01  -7.23e-01  1.40e-05    2.656453e-02   2.167611e-01   9.752811e+00  -2.894390e+03   2.006700e+04

After 7 iterations the fit converged.
final sum of squares of residuals : 15.5575
rel. change during last iteration : -7.22736e-06

degrees of freedom    (FIT_NDF)                        : 15
rms of residuals      (FIT_STDFIT) = sqrt(WSSR/ndf)    : 1.01841
variance of residuals (reduced chisquare) = WSSR/ndf   : 1.03717
p-value of the Chisq distribution (FIT_P)              : 0.412052

Final set of parameters            Asymptotic Standard Error
=======================            ==========================
x8              = 0.0265645        +/- 0.00332      (12.5%)
y8              = 0.216761         +/- 0.0278       (12.83%)
a8              = 9.75281          +/- 0.5967       (6.118%)
b8              = -2894.39         +/- 2203         (76.12%)
c8              = 20067            +/- 4.456e+04    (222.1%)

correlation matrix of the fit parameters:
                x8     y8     a8     b8     c8     
x8              1.000 
y8              0.992  1.000 
a8              0.204  0.160  1.000 
b8             -0.478 -0.457 -0.892  1.000 
c8              0.328  0.308  0.886 -0.982  1.000 


*******************************************************************************
Mon Oct  6 17:33:29 2025


FIT:    data read from "../Data/D15.48/relvol.Nt16" using 1:2:3:4 xyerrors
        format = x:z:sx:s
        x range restricted to [0.0172000 : 0.0774000]
        #datapoints = 14
function used for fitting: f7(x)
	f7(x)=y7+a7*(x-x7)+b7*(x-x7)**3+c7*(x-x7)**4
fitted parameters initialized with current variable values

iter      chisq       delta/lim  lambda   x7            y7            a7            b7            c7           
   0 9.2352595032e+04   0.00e+00  1.25e+02    5.000000e-02   1.000000e-01   1.000000e+02  -1.000000e+03   1.000000e+04
  15 9.0841872561e+00  -3.25e-02  1.25e-05    3.547816e-02   2.009064e-01   1.024417e+01  -4.837079e+03   7.270969e+04

After 15 iterations the fit converged.
final sum of squares of residuals : 9.08419
rel. change during last iteration : -3.24589e-07

degrees of freedom    (FIT_NDF)                        : 9
rms of residuals      (FIT_STDFIT) = sqrt(WSSR/ndf)    : 1.00467
variance of residuals (reduced chisquare) = WSSR/ndf   : 1.00935
p-value of the Chisq distribution (FIT_P)              : 0.42954

Final set of parameters            Asymptotic Standard Error
=======================            ==========================
x7              = 0.0354782        +/- 0.001612     (4.545%)
y7              = 0.200906         +/- 0.01272      (6.334%)
a7              = 10.2442          +/- 0.5878       (5.737%)
b7              = -4837.08         +/- 1886         (38.98%)
c7              = 72709.7          +/- 3.894e+04    (53.56%)

correlation matrix of the fit parameters:
                x7     y7     a7     b7     c7     
x7              1.000 
y7              0.968  1.000 
a7              0.340  0.235  1.000 
b7             -0.433 -0.361 -0.937  1.000 
c7              0.408  0.337  0.909 -0.995  1.000 


*******************************************************************************
Mon Oct  6 17:33:29 2025


FIT:    data read from "../Data/D15.48/relvol.Nt14" using 1:2:3:4 xyerrors
        format = x:z:sx:s
        x range restricted to [0.0248000 : 0.111600]
        #datapoints = 7
function used for fitting: f6(x)
	f6(x)=y6+a6*(x-x6)+b6*(x-x6)**3+c6*(x-x6)**4
fitted parameters initialized with current variable values

iter      chisq       delta/lim  lambda   x6            y6            a6            b6            c6           
   0 1.2006087888e+05   0.00e+00  1.03e+02    5.000000e-02   1.000000e-01   1.000000e+02  -1.000000e+03   1.000000e+04
   8 1.9643201996e+00   0.00e+00  1.03e+07    5.676117e-02   1.981084e-01   9.797187e+00  -4.618145e+03   6.512058e+04

After 8 iterations the fit converged.
final sum of squares of residuals : 1.96432
rel. change during last iteration : 0

degrees of freedom    (FIT_NDF)                        : 2
rms of residuals      (FIT_STDFIT) = sqrt(WSSR/ndf)    : 0.99104
variance of residuals (reduced chisquare) = WSSR/ndf   : 0.98216
p-value of the Chisq distribution (FIT_P)              : 0.374501

Final set of parameters            Asymptotic Standard Error
=======================            ==========================
x6              = 0.0567612        +/- 0.0008032    (1.415%)
y6              = 0.198108         +/- 0.005327     (2.689%)
a6              = 9.79719          +/- 0.3588       (3.662%)
b6              = -4618.14         +/- 652.3        (14.12%)
c6              = 65120.6          +/- 1.069e+04    (16.42%)

correlation matrix of the fit parameters:
                x6     y6     a6     b6     c6     
x6              1.000 
y6              0.837  1.000 
a6             -0.328 -0.498  1.000 
b6              0.436  0.535 -0.928  1.000 
c6             -0.437 -0.543  0.887 -0.993  1.000 


*******************************************************************************
Mon Oct  6 17:33:29 2025


FIT:    data read from "../Data/D15.48/relvol.Nt12" using 1:2:3:4 xyerrors
        format = x:z:sx:s
        x range restricted to [0.0672000 : 0.163200]
        #datapoints = 10
function used for fitting: f5(x)
	f5(x)=y5+a5*(x-x5)+b5*(x-x5)**3+c5*(x-x5)**4
fitted parameters initialized with current variable values

iter      chisq       delta/lim  lambda   x5            y5            a5            b5            c5           
   0 3.3147608603e+05   0.00e+00  2.52e+02    1.000000e-01   1.000000e-01   1.000000e+02  -1.000000e+03   1.000000e+04
   7 4.9432387558e+00  -4.94e-01  2.52e-05    9.803575e-02   2.684680e-01   8.893847e+00  -2.318879e+03   2.207736e+04

After 7 iterations the fit converged.
final sum of squares of residuals : 4.94324
rel. change during last iteration : -4.93516e-06

degrees of freedom    (FIT_NDF)                        : 5
rms of residuals      (FIT_STDFIT) = sqrt(WSSR/ndf)    : 0.994308
variance of residuals (reduced chisquare) = WSSR/ndf   : 0.988648
p-value of the Chisq distribution (FIT_P)              : 0.422847

Final set of parameters            Asymptotic Standard Error
=======================            ==========================
x5              = 0.0980358        +/- 0.0009343    (0.9531%)
y5              = 0.268468         +/- 0.006239     (2.324%)
a5              = 8.89385          +/- 0.2106       (2.368%)
b5              = -2318.88         +/- 272.7        (11.76%)
c5              = 22077.4          +/- 3640         (16.49%)

correlation matrix of the fit parameters:
                x5     y5     a5     b5     c5     
x5              1.000 
y5              0.930  1.000 
a5              0.196  0.006  1.000 
b5             -0.451 -0.341 -0.893  1.000 
c5              0.443  0.342  0.861 -0.995  1.000 


*******************************************************************************
Mon Oct  6 17:33:29 2025


FIT:    data read from "../Data/D15.48/relvol.Nt10" using 1:2:3:4 xyerrors
        format = x:z:sx:s
        x range restricted to [0.115500 : 0.181500]
        #datapoints = 12
function used for fitting: f4(x)
	f4(x)=y4+a4*(x-x4)+b4*(x-x4)**3+c4*(x-x4)**4
fitted parameters initialized with current variable values

iter      chisq       delta/lim  lambda   x4            y4            a4            b4            c4           
   0 1.4274226124e+05   0.00e+00  4.44e+02    1.500000e-01   1.000000e-01   1.000000e+02  -1.000000e+03   1.000000e+04
   8 7.0005030855e+00   0.00e+00  4.44e+06    1.406294e-01   2.283650e-01   9.350845e+00  -2.567124e+03   2.964820e+04

After 8 iterations the fit converged.
final sum of squares of residuals : 7.0005
rel. change during last iteration : 0

degrees of freedom    (FIT_NDF)                        : 7
rms of residuals      (FIT_STDFIT) = sqrt(WSSR/ndf)    : 1.00004
variance of residuals (reduced chisquare) = WSSR/ndf   : 1.00007
p-value of the Chisq distribution (FIT_P)              : 0.428827

Final set of parameters            Asymptotic Standard Error
=======================            ==========================
x4              = 0.140629         +/- 0.001616     (1.149%)
y4              = 0.228365         +/- 0.01305      (5.716%)
a4              = 9.35084          +/- 0.3026       (3.237%)
b4              = -2567.12         +/- 748.4        (29.15%)
c4              = 29648.2          +/- 1.731e+04    (58.38%)

correlation matrix of the fit parameters:
                x4     y4     a4     b4     c4     
x4              1.000 
y4              0.985  1.000 
a4             -0.416 -0.489  1.000 
b4              0.591  0.655 -0.926  1.000 
c4             -0.715 -0.775  0.830 -0.971  1.000 


*******************************************************************************
Mon Oct  6 17:33:29 2025


FIT:    data read from "../Data/D15.48/relvol.Nt8" using 1:2:3:4 xyerrors
        format = x:z:sx:s
        x range restricted to [0.190000 : 0.243200]
        #datapoints = 14
function used for fitting: f3(x)
	f3(x)=y3+a3*(x-x3)+b3*(x-x3)**3+c3*(x-x3)**4
fitted parameters initialized with current variable values

iter      chisq       delta/lim  lambda   x3            y3            a3            b3            c3           
   0 5.3275546868e+05   0.00e+00  7.43e+02    2.000000e-01   1.000000e-01   1.000000e+02  -1.000000e+03   1.000000e+04
  18 8.9401089154e+00  -1.75e-02  7.43e-06    2.130523e-01   1.865057e-01   1.040456e+01  -6.163303e+03   1.358883e+05

After 18 iterations the fit converged.
final sum of squares of residuals : 8.94011
rel. change during last iteration : -1.74619e-07

degrees of freedom    (FIT_NDF)                        : 9
rms of residuals      (FIT_STDFIT) = sqrt(WSSR/ndf)    : 0.996667
variance of residuals (reduced chisquare) = WSSR/ndf   : 0.993345
p-value of the Chisq distribution (FIT_P)              : 0.442821

Final set of parameters            Asymptotic Standard Error
=======================            ==========================
x3              = 0.213052         +/- 0.001222     (0.5736%)
y3              = 0.186506         +/- 0.01061      (5.691%)
a3              = 10.4046          +/- 0.2665       (2.561%)
b3              = -6163.3          +/- 1239         (20.09%)
c3              = 135888           +/- 3.994e+04    (29.39%)

correlation matrix of the fit parameters:
                x3     y3     a3     b3     c3     
x3              1.000 
y3              0.984  1.000 
a3             -0.333 -0.354  1.000 
b3              0.833  0.848 -0.751  1.000 
c3             -0.911 -0.938  0.536 -0.944  1.000 


*******************************************************************************
Mon Oct  6 17:33:29 2025


FIT:    data read from "../Data/D15.48/relvol.Nt6" using 1:2:3:4 xyerrors
        format = x:z:sx:s
        x range restricted to [0.329800 : 0.404600]
        #datapoints = 22
function used for fitting: f2(x)
	f2(x)=y2+a2*(x-x2)+b2*(x-x2)**3+c2*(x-x2)**4
fitted parameters initialized with current variable values

iter      chisq       delta/lim  lambda   x2            y2            a2            b2            c2           
   0 2.8951062904e+06   0.00e+00  1.87e+03    3.500000e-01   1.000000e-01   1.000000e+02  -1.000000e+03   1.000000e+04
   8 1.6926784044e+01   0.00e+00  1.87e+07    3.660820e-01   2.577035e-01   9.957594e+00  -2.236914e+03   1.156556e+04

After 8 iterations the fit converged.
final sum of squares of residuals : 16.9268
rel. change during last iteration : 0

degrees of freedom    (FIT_NDF)                        : 17
rms of residuals      (FIT_STDFIT) = sqrt(WSSR/ndf)    : 0.997844
variance of residuals (reduced chisquare) = WSSR/ndf   : 0.995693
p-value of the Chisq distribution (FIT_P)              : 0.459337

Final set of parameters            Asymptotic Standard Error
=======================            ==========================
x2              = 0.366082         +/- 0.0008889    (0.2428%)
y2              = 0.257703         +/- 0.007567     (2.936%)
a2              = 9.95759          +/- 0.08271      (0.8306%)
b2              = -2236.91         +/- 100.6        (4.496%)
c2              = 11565.6          +/- 4347         (37.58%)

correlation matrix of the fit parameters:
                x2     y2     a2     b2     c2     
x2              1.000 
y2              0.991  1.000 
a2             -0.126 -0.149  1.000 
b2              0.585  0.602 -0.838  1.000 
c2             -0.964 -0.982  0.190 -0.633  1.000 


*******************************************************************************
Mon Oct  6 17:33:29 2025


FIT:    data read from "../Data/D15.48/relvol.Nt4" using 1:2:3:4 xyerrors
        format = x:z:sx:s
        x range restricted to [0.660000 : 0.712800]
        #datapoints = 12
function used for fitting: f1(x)
	f1(x)=y1+a1*(x-x1)+b1*(x-x1)**3+c1*(x-x1)**4
fitted parameters initialized with current variable values

iter      chisq       delta/lim  lambda   x1            y1            a1            b1            c1           
   0 4.0178716668e+05   0.00e+00  3.89e+03    7.000000e-01   1.000000e-01   1.000000e+02  -1.000000e+03   1.000000e+04
  20 6.8356580147e+00  -1.73e-01  3.89e-06    6.966104e-01   2.667592e-01   1.389380e+01  -1.003649e+04  -1.320062e+05

After 20 iterations the fit converged.
final sum of squares of residuals : 6.83566
rel. change during last iteration : -1.73482e-06

degrees of freedom    (FIT_NDF)                        : 7
rms of residuals      (FIT_STDFIT) = sqrt(WSSR/ndf)    : 0.988192
variance of residuals (reduced chisquare) = WSSR/ndf   : 0.976523
p-value of the Chisq distribution (FIT_P)              : 0.44619

Final set of parameters            Asymptotic Standard Error
=======================            ==========================
x1              = 0.69661          +/- 0.000256     (0.03675%)
y1              = 0.266759         +/- 0.002544     (0.9538%)
a1              = 13.8938          +/- 0.1687       (1.214%)
b1              = -10036.5         +/- 701.7        (6.991%)
c1              = -132006          +/- 1.62e+04     (12.27%)

correlation matrix of the fit parameters:
                x1     y1     a1     b1     c1     
x1              1.000 
y1              0.952  1.000 
a1             -0.122 -0.093  1.000 
b1              0.317  0.314 -0.934  1.000 
c1              0.253  0.252 -0.917  0.994  1.000 


*******************************************************************************
Mon Oct  6 17:34:34 2025


FIT:    data read from "../Data/D15.48/relvol.Nt24" using 1:2:3:4 xyerrors
        format = x:z:sx:s
        x range restricted to [0.00000 : 0.0621000]
        #datapoints = 9
function used for fitting: f10(x)
	f10(x)=y10+a10*(x-x10)+b10*(x-x10)**3+c10*(x-x10)**4
fitted parameters initialized with current variable values

iter      chisq       delta/lim  lambda   x10           y10           a10           b10           c10          
   0 2.0712880399e+05   0.00e+00  1.42e+02    5.000000e-02   1.000000e-01   1.000000e+02  -1.000000e+03   1.000000e+04
   7 4.1282942117e+00  -2.05e-02  1.42e-05    2.395258e-02   2.297877e-01   1.098284e+01  -3.340650e+03   5.750974e+03

After 7 iterations the fit converged.
final sum of squares of residuals : 4.12829
rel. change during last iteration : -2.05128e-07

degrees of freedom    (FIT_NDF)                        : 4
rms of residuals      (FIT_STDFIT) = sqrt(WSSR/ndf)    : 1.01591
variance of residuals (reduced chisquare) = WSSR/ndf   : 1.03207
p-value of the Chisq distribution (FIT_P)              : 0.388921

Final set of parameters            Asymptotic Standard Error
=======================            ==========================
x10             = 0.0239526        +/- 0.002041     (8.52%)
y10             = 0.229788         +/- 0.01908      (8.305%)
a10             = 10.9828          +/- 0.3865       (3.519%)
b10             = -3340.65         +/- 853.6        (25.55%)
c10             = 5750.97          +/- 2.802e+04    (487.3%)

correlation matrix of the fit parameters:
                x10    y10    a10    b10    c10    
x10             1.000 
y10             0.990  1.000 
a10            -0.581 -0.607  1.000 
b10             0.684  0.724 -0.964  1.000 
c10            -0.901 -0.934  0.806 -0.910  1.000 


*******************************************************************************
Mon Oct  6 17:34:34 2025


FIT:    data read from "../Data/D15.48/relvol.Nt20" using 1:2:3:4 xyerrors
        format = x:z:sx:s
        x range restricted to [0.00000 : 0.0464000]
        #datapoints = 16
function used for fitting: f9(x)
	f9(x)=y9+a9*(x-x9)+b9*(x-x9)**3+c9*(x-x9)**4
fitted parameters initialized with current variable values

iter      chisq       delta/lim  lambda   x9            y9            a9            b9            c9           
   0 7.1891219971e+05   0.00e+00  1.66e+02    5.000000e-02   1.000000e-01   1.000000e+02  -1.000000e+03   1.000000e+04
 103 1.0948676014e+01  -4.80e-01  1.66e-05    1.550289e-02   1.480445e-01   1.248997e+01  -1.165502e+04   2.805126e+05

After 103 iterations the fit converged.
final sum of squares of residuals : 10.9487
rel. change during last iteration : -4.799e-06

degrees of freedom    (FIT_NDF)                        : 11
rms of residuals      (FIT_STDFIT) = sqrt(WSSR/ndf)    : 0.997664
variance of residuals (reduced chisquare) = WSSR/ndf   : 0.995334
p-value of the Chisq distribution (FIT_P)              : 0.447573

Final set of parameters            Asymptotic Standard Error
=======================            ==========================
x9              = 0.0155029        +/- 0.00103      (6.644%)
y9              = 0.148045         +/- 0.00902      (6.093%)
a9              = 12.49            +/- 0.5227       (4.185%)
b9              = -11655           +/- 2914         (25%)
c9              = 280513           +/- 8.183e+04    (29.17%)

correlation matrix of the fit parameters:
                x9     y9     a9     b9     c9     
x9              1.000 
y9              0.952  1.000 
a9             -0.519 -0.382  1.000 
b9              0.847  0.793 -0.859  1.000 
c9             -0.887 -0.877  0.753 -0.979  1.000 


*******************************************************************************
Mon Oct  6 17:34:34 2025


FIT:    data read from "../Data/D15.48/relvol.Nt18" using 1:2:3:4 xyerrors
        format = x:z:sx:s
        x range restricted to [0.00870000 : 0.0667000]
        #datapoints = 20
function used for fitting: f8(x)
	f8(x)=y8+a8*(x-x8)+b8*(x-x8)**3+c8*(x-x8)**4
fitted parameters initialized with current variable values

iter      chisq       delta/lim  lambda   x8            y8            a8            b8            c8           
   0 2.2464422363e+05   0.00e+00  1.40e+02    5.000000e-02   1.000000e-01   1.000000e+02  -1.000000e+03   1.000000e+04
   7 1.5557526617e+01  -7.23e-01  1.40e-05    2.656453e-02   2.167611e-01   9.752811e+00  -2.894390e+03   2.006700e+04

After 7 iterations the fit converged.
final sum of squares of residuals : 15.5575
rel. change during last iteration : -7.22736e-06

degrees of freedom    (FIT_NDF)                        : 15
rms of residuals      (FIT_STDFIT) = sqrt(WSSR/ndf)    : 1.01841
variance of residuals (reduced chisquare) = WSSR/ndf   : 1.03717
p-value of the Chisq distribution (FIT_P)              : 0.412052

Final set of parameters            Asymptotic Standard Error
=======================            ==========================
x8              = 0.0265645        +/- 0.00332      (12.5%)
y8              = 0.216761         +/- 0.0278       (12.83%)
a8              = 9.75281          +/- 0.5967       (6.118%)
b8              = -2894.39         +/- 2203         (76.12%)
c8              = 20067            +/- 4.456e+04    (222.1%)

correlation matrix of the fit parameters:
                x8     y8     a8     b8     c8     
x8              1.000 
y8              0.992  1.000 
a8              0.204  0.160  1.000 
b8             -0.478 -0.457 -0.892  1.000 
c8              0.328  0.308  0.886 -0.982  1.000 


*******************************************************************************
Mon Oct  6 17:34:34 2025


FIT:    data read from "../Data/D15.48/relvol.Nt16" using 1:2:3:4 xyerrors
        format = x:z:sx:s
        x range restricted to [0.0172000 : 0.0774000]
        #datapoints = 14
function used for fitting: f7(x)
	f7(x)=y7+a7*(x-x7)+b7*(x-x7)**3+c7*(x-x7)**4
fitted parameters initialized with current variable values

iter      chisq       delta/lim  lambda   x7            y7            a7            b7            c7           
   0 9.2352595032e+04   0.00e+00  1.25e+02    5.000000e-02   1.000000e-01   1.000000e+02  -1.000000e+03   1.000000e+04
  15 9.0841872561e+00  -3.25e-02  1.25e-05    3.547816e-02   2.009064e-01   1.024417e+01  -4.837079e+03   7.270969e+04

After 15 iterations the fit converged.
final sum of squares of residuals : 9.08419
rel. change during last iteration : -3.24589e-07

degrees of freedom    (FIT_NDF)                        : 9
rms of residuals      (FIT_STDFIT) = sqrt(WSSR/ndf)    : 1.00467
variance of residuals (reduced chisquare) = WSSR/ndf   : 1.00935
p-value of the Chisq distribution (FIT_P)              : 0.42954

Final set of parameters            Asymptotic Standard Error
=======================            ==========================
x7              = 0.0354782        +/- 0.001612     (4.545%)
y7              = 0.200906         +/- 0.01272      (6.334%)
a7              = 10.2442          +/- 0.5878       (5.737%)
b7              = -4837.08         +/- 1886         (38.98%)
c7              = 72709.7          +/- 3.894e+04    (53.56%)

correlation matrix of the fit parameters:
                x7     y7     a7     b7     c7     
x7              1.000 
y7              0.968  1.000 
a7              0.340  0.235  1.000 
b7             -0.433 -0.361 -0.937  1.000 
c7              0.408  0.337  0.909 -0.995  1.000 


*******************************************************************************
Mon Oct  6 17:34:34 2025


FIT:    data read from "../Data/D15.48/relvol.Nt14" using 1:2:3:4 xyerrors
        format = x:z:sx:s
        x range restricted to [0.0248000 : 0.111600]
        #datapoints = 7
function used for fitting: f6(x)
	f6(x)=y6+a6*(x-x6)+b6*(x-x6)**3+c6*(x-x6)**4
fitted parameters initialized with current variable values

iter      chisq       delta/lim  lambda   x6            y6            a6            b6            c6           
   0 1.2006087888e+05   0.00e+00  1.03e+02    5.000000e-02   1.000000e-01   1.000000e+02  -1.000000e+03   1.000000e+04
   8 1.9643201996e+00   0.00e+00  1.03e+07    5.676117e-02   1.981084e-01   9.797187e+00  -4.618145e+03   6.512058e+04

After 8 iterations the fit converged.
final sum of squares of residuals : 1.96432
rel. change during last iteration : 0

degrees of freedom    (FIT_NDF)                        : 2
rms of residuals      (FIT_STDFIT) = sqrt(WSSR/ndf)    : 0.99104
variance of residuals (reduced chisquare) = WSSR/ndf   : 0.98216
p-value of the Chisq distribution (FIT_P)              : 0.374501

Final set of parameters            Asymptotic Standard Error
=======================            ==========================
x6              = 0.0567612        +/- 0.0008032    (1.415%)
y6              = 0.198108         +/- 0.005327     (2.689%)
a6              = 9.79719          +/- 0.3588       (3.662%)
b6              = -4618.14         +/- 652.3        (14.12%)
c6              = 65120.6          +/- 1.069e+04    (16.42%)

correlation matrix of the fit parameters:
                x6     y6     a6     b6     c6     
x6              1.000 
y6              0.837  1.000 
a6             -0.328 -0.498  1.000 
b6              0.436  0.535 -0.928  1.000 
c6             -0.437 -0.543  0.887 -0.993  1.000 


*******************************************************************************
Mon Oct  6 17:34:34 2025


FIT:    data read from "../Data/D15.48/relvol.Nt12" using 1:2:3:4 xyerrors
        format = x:z:sx:s
        x range restricted to [0.0672000 : 0.163200]
        #datapoints = 10
function used for fitting: f5(x)
	f5(x)=y5+a5*(x-x5)+b5*(x-x5)**3+c5*(x-x5)**4
fitted parameters initialized with current variable values

iter      chisq       delta/lim  lambda   x5            y5            a5            b5            c5           
   0 3.3147608603e+05   0.00e+00  2.52e+02    1.000000e-01   1.000000e-01   1.000000e+02  -1.000000e+03   1.000000e+04
   7 4.9432387558e+00  -4.94e-01  2.52e-05    9.803575e-02   2.684680e-01   8.893847e+00  -2.318879e+03   2.207736e+04

After 7 iterations the fit converged.
final sum of squares of residuals : 4.94324
rel. change during last iteration : -4.93516e-06

degrees of freedom    (FIT_NDF)                        : 5
rms of residuals      (FIT_STDFIT) = sqrt(WSSR/ndf)    : 0.994308
variance of residuals (reduced chisquare) = WSSR/ndf   : 0.988648
p-value of the Chisq distribution (FIT_P)              : 0.422847

Final set of parameters            Asymptotic Standard Error
=======================            ==========================
x5              = 0.0980358        +/- 0.0009343    (0.9531%)
y5              = 0.268468         +/- 0.006239     (2.324%)
a5              = 8.89385          +/- 0.2106       (2.368%)
b5              = -2318.88         +/- 272.7        (11.76%)
c5              = 22077.4          +/- 3640         (16.49%)

correlation matrix of the fit parameters:
                x5     y5     a5     b5     c5     
x5              1.000 
y5              0.930  1.000 
a5              0.196  0.006  1.000 
b5             -0.451 -0.341 -0.893  1.000 
c5              0.443  0.342  0.861 -0.995  1.000 


*******************************************************************************
Mon Oct  6 17:34:34 2025


FIT:    data read from "../Data/D15.48/relvol.Nt10" using 1:2:3:4 xyerrors
        format = x:z:sx:s
        x range restricted to [0.115500 : 0.181500]
        #datapoints = 12
function used for fitting: f4(x)
	f4(x)=y4+a4*(x-x4)+b4*(x-x4)**3+c4*(x-x4)**4
fitted parameters initialized with current variable values

iter      chisq       delta/lim  lambda   x4            y4            a4            b4            c4           
   0 1.4274226124e+05   0.00e+00  4.44e+02    1.500000e-01   1.000000e-01   1.000000e+02  -1.000000e+03   1.000000e+04
   8 7.0005030855e+00   0.00e+00  4.44e+06    1.406294e-01   2.283650e-01   9.350845e+00  -2.567124e+03   2.964820e+04

After 8 iterations the fit converged.
final sum of squares of residuals : 7.0005
rel. change during last iteration : 0

degrees of freedom    (FIT_NDF)                        : 7
rms of residuals      (FIT_STDFIT) = sqrt(WSSR/ndf)    : 1.00004
variance of residuals (reduced chisquare) = WSSR/ndf   : 1.00007
p-value of the Chisq distribution (FIT_P)              : 0.428827

Final set of parameters            Asymptotic Standard Error
=======================            ==========================
x4              = 0.140629         +/- 0.001616     (1.149%)
y4              = 0.228365         +/- 0.01305      (5.716%)
a4              = 9.35084          +/- 0.3026       (3.237%)
b4              = -2567.12         +/- 748.4        (29.15%)
c4              = 29648.2          +/- 1.731e+04    (58.38%)

correlation matrix of the fit parameters:
                x4     y4     a4     b4     c4     
x4              1.000 
y4              0.985  1.000 
a4             -0.416 -0.489  1.000 
b4              0.591  0.655 -0.926  1.000 
c4             -0.715 -0.775  0.830 -0.971  1.000 


*******************************************************************************
Mon Oct  6 17:34:34 2025


FIT:    data read from "../Data/D15.48/relvol.Nt8" using 1:2:3:4 xyerrors
        format = x:z:sx:s
        x range restricted to [0.190000 : 0.243200]
        #datapoints = 14
function used for fitting: f3(x)
	f3(x)=y3+a3*(x-x3)+b3*(x-x3)**3+c3*(x-x3)**4
fitted parameters initialized with current variable values

iter      chisq       delta/lim  lambda   x3            y3            a3            b3            c3           
   0 5.3275546868e+05   0.00e+00  7.43e+02    2.000000e-01   1.000000e-01   1.000000e+02  -1.000000e+03   1.000000e+04
  18 8.9401089154e+00  -1.75e-02  7.43e-06    2.130523e-01   1.865057e-01   1.040456e+01  -6.163303e+03   1.358883e+05

After 18 iterations the fit converged.
final sum of squares of residuals : 8.94011
rel. change during last iteration : -1.74619e-07

degrees of freedom    (FIT_NDF)                        : 9
rms of residuals      (FIT_STDFIT) = sqrt(WSSR/ndf)    : 0.996667
variance of residuals (reduced chisquare) = WSSR/ndf   : 0.993345
p-value of the Chisq distribution (FIT_P)              : 0.442821

Final set of parameters            Asymptotic Standard Error
=======================            ==========================
x3              = 0.213052         +/- 0.001222     (0.5736%)
y3              = 0.186506         +/- 0.01061      (5.691%)
a3              = 10.4046          +/- 0.2665       (2.561%)
b3              = -6163.3          +/- 1239         (20.09%)
c3              = 135888           +/- 3.994e+04    (29.39%)

correlation matrix of the fit parameters:
                x3     y3     a3     b3     c3     
x3              1.000 
y3              0.984  1.000 
a3             -0.333 -0.354  1.000 
b3              0.833  0.848 -0.751  1.000 
c3             -0.911 -0.938  0.536 -0.944  1.000 


*******************************************************************************
Mon Oct  6 17:34:34 2025


FIT:    data read from "../Data/D15.48/relvol.Nt6" using 1:2:3:4 xyerrors
        format = x:z:sx:s
        x range restricted to [0.329800 : 0.404600]
        #datapoints = 22
function used for fitting: f2(x)
	f2(x)=y2+a2*(x-x2)+b2*(x-x2)**3+c2*(x-x2)**4
fitted parameters initialized with current variable values

iter      chisq       delta/lim  lambda   x2            y2            a2            b2            c2           
   0 2.8951062904e+06   0.00e+00  1.87e+03    3.500000e-01   1.000000e-01   1.000000e+02  -1.000000e+03   1.000000e+04
   8 1.6926784044e+01   0.00e+00  1.87e+07    3.660820e-01   2.577035e-01   9.957594e+00  -2.236914e+03   1.156556e+04

After 8 iterations the fit converged.
final sum of squares of residuals : 16.9268
rel. change during last iteration : 0

degrees of freedom    (FIT_NDF)                        : 17
rms of residuals      (FIT_STDFIT) = sqrt(WSSR/ndf)    : 0.997844
variance of residuals (reduced chisquare) = WSSR/ndf   : 0.995693
p-value of the Chisq distribution (FIT_P)              : 0.459337

Final set of parameters            Asymptotic Standard Error
=======================            ==========================
x2              = 0.366082         +/- 0.0008889    (0.2428%)
y2              = 0.257703         +/- 0.007567     (2.936%)
a2              = 9.95759          +/- 0.08271      (0.8306%)
b2              = -2236.91         +/- 100.6        (4.496%)
c2              = 11565.6          +/- 4347         (37.58%)

correlation matrix of the fit parameters:
                x2     y2     a2     b2     c2     
x2              1.000 
y2              0.991  1.000 
a2             -0.126 -0.149  1.000 
b2              0.585  0.602 -0.838  1.000 
c2             -0.964 -0.982  0.190 -0.633  1.000 


*******************************************************************************
Mon Oct  6 17:34:34 2025


FIT:    data read from "../Data/D15.48/relvol.Nt4" using 1:2:3:4 xyerrors
        format = x:z:sx:s
        x range restricted to [0.660000 : 0.712800]
        #datapoints = 12
function used for fitting: f1(x)
	f1(x)=y1+a1*(x-x1)+b1*(x-x1)**3+c1*(x-x1)**4
fitted parameters initialized with current variable values

iter      chisq       delta/lim  lambda   x1            y1            a1            b1            c1           
   0 4.0178716668e+05   0.00e+00  3.89e+03    7.000000e-01   1.000000e-01   1.000000e+02  -1.000000e+03   1.000000e+04
  20 6.8356580147e+00  -1.73e-01  3.89e-06    6.966104e-01   2.667592e-01   1.389380e+01  -1.003649e+04  -1.320062e+05

After 20 iterations the fit converged.
final sum of squares of residuals : 6.83566
rel. change during last iteration : -1.73482e-06

degrees of freedom    (FIT_NDF)                        : 7
rms of residuals      (FIT_STDFIT) = sqrt(WSSR/ndf)    : 0.988192
variance of residuals (reduced chisquare) = WSSR/ndf   : 0.976523
p-value of the Chisq distribution (FIT_P)              : 0.44619

Final set of parameters            Asymptotic Standard Error
=======================            ==========================
x1              = 0.69661          +/- 0.000256     (0.03675%)
y1              = 0.266759         +/- 0.002544     (0.9538%)
a1              = 13.8938          +/- 0.1687       (1.214%)
b1              = -10036.5         +/- 701.7        (6.991%)
c1              = -132006          +/- 1.62e+04     (12.27%)

correlation matrix of the fit parameters:
                x1     y1     a1     b1     c1     
x1              1.000 
y1              0.952  1.000 
a1             -0.122 -0.093  1.000 
b1              0.317  0.314 -0.934  1.000 
c1              0.253  0.252 -0.917  0.994  1.000 


*******************************************************************************
Mon Oct  6 17:34:42 2025


FIT:    data read from "../Data/D15.48/relvol.Nt24" using 1:2:3:4 xyerrors
        format = x:z:sx:s
        x range restricted to [0.00000 : 0.0621000]
        #datapoints = 9
function used for fitting: f10(x)
	f10(x)=y10+a10*(x-x10)+b10*(x-x10)**3+c10*(x-x10)**4
fitted parameters initialized with current variable values

iter      chisq       delta/lim  lambda   x10           y10           a10           b10           c10          
   0 2.0712880399e+05   0.00e+00  1.42e+02    5.000000e-02   1.000000e-01   1.000000e+02  -1.000000e+03   1.000000e+04
   7 4.1282942117e+00  -2.05e-02  1.42e-05    2.395258e-02   2.297877e-01   1.098284e+01  -3.340650e+03   5.750974e+03

After 7 iterations the fit converged.
final sum of squares of residuals : 4.12829
rel. change during last iteration : -2.05128e-07

degrees of freedom    (FIT_NDF)                        : 4
rms of residuals      (FIT_STDFIT) = sqrt(WSSR/ndf)    : 1.01591
variance of residuals (reduced chisquare) = WSSR/ndf   : 1.03207
p-value of the Chisq distribution (FIT_P)              : 0.388921

Final set of parameters            Asymptotic Standard Error
=======================            ==========================
x10             = 0.0239526        +/- 0.002041     (8.52%)
y10             = 0.229788         +/- 0.01908      (8.305%)
a10             = 10.9828          +/- 0.3865       (3.519%)
b10             = -3340.65         +/- 853.6        (25.55%)
c10             = 5750.97          +/- 2.802e+04    (487.3%)

correlation matrix of the fit parameters:
                x10    y10    a10    b10    c10    
x10             1.000 
y10             0.990  1.000 
a10            -0.581 -0.607  1.000 
b10             0.684  0.724 -0.964  1.000 
c10            -0.901 -0.934  0.806 -0.910  1.000 


*******************************************************************************
Mon Oct  6 17:34:42 2025


FIT:    data read from "../Data/D15.48/relvol.Nt20" using 1:2:3:4 xyerrors
        format = x:z:sx:s
        x range restricted to [0.00000 : 0.0464000]
        #datapoints = 16
function used for fitting: f9(x)
	f9(x)=y9+a9*(x-x9)+b9*(x-x9)**3+c9*(x-x9)**4
fitted parameters initialized with current variable values

iter      chisq       delta/lim  lambda   x9            y9            a9            b9            c9           
   0 7.1891219971e+05   0.00e+00  1.66e+02    5.000000e-02   1.000000e-01   1.000000e+02  -1.000000e+03   1.000000e+04
 103 1.0948676014e+01  -4.80e-01  1.66e-05    1.550289e-02   1.480445e-01   1.248997e+01  -1.165502e+04   2.805126e+05

After 103 iterations the fit converged.
final sum of squares of residuals : 10.9487
rel. change during last iteration : -4.799e-06

degrees of freedom    (FIT_NDF)                        : 11
rms of residuals      (FIT_STDFIT) = sqrt(WSSR/ndf)    : 0.997664
variance of residuals (reduced chisquare) = WSSR/ndf   : 0.995334
p-value of the Chisq distribution (FIT_P)              : 0.447573

Final set of parameters            Asymptotic Standard Error
=======================            ==========================
x9              = 0.0155029        +/- 0.00103      (6.644%)
y9              = 0.148045         +/- 0.00902      (6.093%)
a9              = 12.49            +/- 0.5227       (4.185%)
b9              = -11655           +/- 2914         (25%)
c9              = 280513           +/- 8.183e+04    (29.17%)

correlation matrix of the fit parameters:
                x9     y9     a9     b9     c9     
x9              1.000 
y9              0.952  1.000 
a9             -0.519 -0.382  1.000 
b9              0.847  0.793 -0.859  1.000 
c9             -0.887 -0.877  0.753 -0.979  1.000 


*******************************************************************************
Mon Oct  6 17:34:42 2025


FIT:    data read from "../Data/D15.48/relvol.Nt18" using 1:2:3:4 xyerrors
        format = x:z:sx:s
        x range restricted to [0.00870000 : 0.0667000]
        #datapoints = 20
function used for fitting: f8(x)
	f8(x)=y8+a8*(x-x8)+b8*(x-x8)**3+c8*(x-x8)**4
fitted parameters initialized with current variable values

iter      chisq       delta/lim  lambda   x8            y8            a8            b8            c8           
   0 2.2464422363e+05   0.00e+00  1.40e+02    5.000000e-02   1.000000e-01   1.000000e+02  -1.000000e+03   1.000000e+04
   7 1.5557526617e+01  -7.23e-01  1.40e-05    2.656453e-02   2.167611e-01   9.752811e+00  -2.894390e+03   2.006700e+04

After 7 iterations the fit converged.
final sum of squares of residuals : 15.5575
rel. change during last iteration : -7.22736e-06

degrees of freedom    (FIT_NDF)                        : 15
rms of residuals      (FIT_STDFIT) = sqrt(WSSR/ndf)    : 1.01841
variance of residuals (reduced chisquare) = WSSR/ndf   : 1.03717
p-value of the Chisq distribution (FIT_P)              : 0.412052

Final set of parameters            Asymptotic Standard Error
=======================            ==========================
x8              = 0.0265645        +/- 0.00332      (12.5%)
y8              = 0.216761         +/- 0.0278       (12.83%)
a8              = 9.75281          +/- 0.5967       (6.118%)
b8              = -2894.39         +/- 2203         (76.12%)
c8              = 20067            +/- 4.456e+04    (222.1%)

correlation matrix of the fit parameters:
                x8     y8     a8     b8     c8     
x8              1.000 
y8              0.992  1.000 
a8              0.204  0.160  1.000 
b8             -0.478 -0.457 -0.892  1.000 
c8              0.328  0.308  0.886 -0.982  1.000 


*******************************************************************************
Mon Oct  6 17:34:42 2025


FIT:    data read from "../Data/D15.48/relvol.Nt16" using 1:2:3:4 xyerrors
        format = x:z:sx:s
        x range restricted to [0.0172000 : 0.0774000]
        #datapoints = 14
function used for fitting: f7(x)
	f7(x)=y7+a7*(x-x7)+b7*(x-x7)**3+c7*(x-x7)**4
fitted parameters initialized with current variable values

iter      chisq       delta/lim  lambda   x7            y7            a7            b7            c7           
   0 9.2352595032e+04   0.00e+00  1.25e+02    5.000000e-02   1.000000e-01   1.000000e+02  -1.000000e+03   1.000000e+04
  15 9.0841872561e+00  -3.25e-02  1.25e-05    3.547816e-02   2.009064e-01   1.024417e+01  -4.837079e+03   7.270969e+04

After 15 iterations the fit converged.
final sum of squares of residuals : 9.08419
rel. change during last iteration : -3.24589e-07

degrees of freedom    (FIT_NDF)                        : 9
rms of residuals      (FIT_STDFIT) = sqrt(WSSR/ndf)    : 1.00467
variance of residuals (reduced chisquare) = WSSR/ndf   : 1.00935
p-value of the Chisq distribution (FIT_P)              : 0.42954

Final set of parameters            Asymptotic Standard Error
=======================            ==========================
x7              = 0.0354782        +/- 0.001612     (4.545%)
y7              = 0.200906         +/- 0.01272      (6.334%)
a7              = 10.2442          +/- 0.5878       (5.737%)
b7              = -4837.08         +/- 1886         (38.98%)
c7              = 72709.7          +/- 3.894e+04    (53.56%)

correlation matrix of the fit parameters:
                x7     y7     a7     b7     c7     
x7              1.000 
y7              0.968  1.000 
a7              0.340  0.235  1.000 
b7             -0.433 -0.361 -0.937  1.000 
c7              0.408  0.337  0.909 -0.995  1.000 


*******************************************************************************
Mon Oct  6 17:34:42 2025


FIT:    data read from "../Data/D15.48/relvol.Nt14" using 1:2:3:4 xyerrors
        format = x:z:sx:s
        x range restricted to [0.0248000 : 0.111600]
        #datapoints = 7
function used for fitting: f6(x)
	f6(x)=y6+a6*(x-x6)+b6*(x-x6)**3+c6*(x-x6)**4
fitted parameters initialized with current variable values

iter      chisq       delta/lim  lambda   x6            y6            a6            b6            c6           
   0 1.2006087888e+05   0.00e+00  1.03e+02    5.000000e-02   1.000000e-01   1.000000e+02  -1.000000e+03   1.000000e+04
   8 1.9643201996e+00   0.00e+00  1.03e+07    5.676117e-02   1.981084e-01   9.797187e+00  -4.618145e+03   6.512058e+04

After 8 iterations the fit converged.
final sum of squares of residuals : 1.96432
rel. change during last iteration : 0

degrees of freedom    (FIT_NDF)                        : 2
rms of residuals      (FIT_STDFIT) = sqrt(WSSR/ndf)    : 0.99104
variance of residuals (reduced chisquare) = WSSR/ndf   : 0.98216
p-value of the Chisq distribution (FIT_P)              : 0.374501

Final set of parameters            Asymptotic Standard Error
=======================            ==========================
x6              = 0.0567612        +/- 0.0008032    (1.415%)
y6              = 0.198108         +/- 0.005327     (2.689%)
a6              = 9.79719          +/- 0.3588       (3.662%)
b6              = -4618.14         +/- 652.3        (14.12%)
c6              = 65120.6          +/- 1.069e+04    (16.42%)

correlation matrix of the fit parameters:
                x6     y6     a6     b6     c6     
x6              1.000 
y6              0.837  1.000 
a6             -0.328 -0.498  1.000 
b6              0.436  0.535 -0.928  1.000 
c6             -0.437 -0.543  0.887 -0.993  1.000 


*******************************************************************************
Mon Oct  6 17:34:42 2025


FIT:    data read from "../Data/D15.48/relvol.Nt12" using 1:2:3:4 xyerrors
        format = x:z:sx:s
        x range restricted to [0.0672000 : 0.163200]
        #datapoints = 10
function used for fitting: f5(x)
	f5(x)=y5+a5*(x-x5)+b5*(x-x5)**3+c5*(x-x5)**4
fitted parameters initialized with current variable values

iter      chisq       delta/lim  lambda   x5            y5            a5            b5            c5           
   0 3.3147608603e+05   0.00e+00  2.52e+02    1.000000e-01   1.000000e-01   1.000000e+02  -1.000000e+03   1.000000e+04
   7 4.9432387558e+00  -4.94e-01  2.52e-05    9.803575e-02   2.684680e-01   8.893847e+00  -2.318879e+03   2.207736e+04

After 7 iterations the fit converged.
final sum of squares of residuals : 4.94324
rel. change during last iteration : -4.93516e-06

degrees of freedom    (FIT_NDF)                        : 5
rms of residuals      (FIT_STDFIT) = sqrt(WSSR/ndf)    : 0.994308
variance of residuals (reduced chisquare) = WSSR/ndf   : 0.988648
p-value of the Chisq distribution (FIT_P)              : 0.422847

Final set of parameters            Asymptotic Standard Error
=======================            ==========================
x5              = 0.0980358        +/- 0.0009343    (0.9531%)
y5              = 0.268468         +/- 0.006239     (2.324%)
a5              = 8.89385          +/- 0.2106       (2.368%)
b5              = -2318.88         +/- 272.7        (11.76%)
c5              = 22077.4          +/- 3640         (16.49%)

correlation matrix of the fit parameters:
                x5     y5     a5     b5     c5     
x5              1.000 
y5              0.930  1.000 
a5              0.196  0.006  1.000 
b5             -0.451 -0.341 -0.893  1.000 
c5              0.443  0.342  0.861 -0.995  1.000 


*******************************************************************************
Mon Oct  6 17:34:42 2025


FIT:    data read from "../Data/D15.48/relvol.Nt10" using 1:2:3:4 xyerrors
        format = x:z:sx:s
        x range restricted to [0.115500 : 0.181500]
        #datapoints = 12
function used for fitting: f4(x)
	f4(x)=y4+a4*(x-x4)+b4*(x-x4)**3+c4*(x-x4)**4
fitted parameters initialized with current variable values

iter      chisq       delta/lim  lambda   x4            y4            a4            b4            c4           
   0 1.4274226124e+05   0.00e+00  4.44e+02    1.500000e-01   1.000000e-01   1.000000e+02  -1.000000e+03   1.000000e+04
   8 7.0005030855e+00   0.00e+00  4.44e+06    1.406294e-01   2.283650e-01   9.350845e+00  -2.567124e+03   2.964820e+04

After 8 iterations the fit converged.
final sum of squares of residuals : 7.0005
rel. change during last iteration : 0

degrees of freedom    (FIT_NDF)                        : 7
rms of residuals      (FIT_STDFIT) = sqrt(WSSR/ndf)    : 1.00004
variance of residuals (reduced chisquare) = WSSR/ndf   : 1.00007
p-value of the Chisq distribution (FIT_P)              : 0.428827

Final set of parameters            Asymptotic Standard Error
=======================            ==========================
x4              = 0.140629         +/- 0.001616     (1.149%)
y4              = 0.228365         +/- 0.01305      (5.716%)
a4              = 9.35084          +/- 0.3026       (3.237%)
b4              = -2567.12         +/- 748.4        (29.15%)
c4              = 29648.2          +/- 1.731e+04    (58.38%)

correlation matrix of the fit parameters:
                x4     y4     a4     b4     c4     
x4              1.000 
y4              0.985  1.000 
a4             -0.416 -0.489  1.000 
b4              0.591  0.655 -0.926  1.000 
c4             -0.715 -0.775  0.830 -0.971  1.000 


*******************************************************************************
Mon Oct  6 17:34:42 2025


FIT:    data read from "../Data/D15.48/relvol.Nt8" using 1:2:3:4 xyerrors
        format = x:z:sx:s
        x range restricted to [0.190000 : 0.243200]
        #datapoints = 14
function used for fitting: f3(x)
	f3(x)=y3+a3*(x-x3)+b3*(x-x3)**3+c3*(x-x3)**4
fitted parameters initialized with current variable values

iter      chisq       delta/lim  lambda   x3            y3            a3            b3            c3           
   0 5.3275546868e+05   0.00e+00  7.43e+02    2.000000e-01   1.000000e-01   1.000000e+02  -1.000000e+03   1.000000e+04
  18 8.9401089154e+00  -1.75e-02  7.43e-06    2.130523e-01   1.865057e-01   1.040456e+01  -6.163303e+03   1.358883e+05

After 18 iterations the fit converged.
final sum of squares of residuals : 8.94011
rel. change during last iteration : -1.74619e-07

degrees of freedom    (FIT_NDF)                        : 9
rms of residuals      (FIT_STDFIT) = sqrt(WSSR/ndf)    : 0.996667
variance of residuals (reduced chisquare) = WSSR/ndf   : 0.993345
p-value of the Chisq distribution (FIT_P)              : 0.442821

Final set of parameters            Asymptotic Standard Error
=======================            ==========================
x3              = 0.213052         +/- 0.001222     (0.5736%)
y3              = 0.186506         +/- 0.01061      (5.691%)
a3              = 10.4046          +/- 0.2665       (2.561%)
b3              = -6163.3          +/- 1239         (20.09%)
c3              = 135888           +/- 3.994e+04    (29.39%)

correlation matrix of the fit parameters:
                x3     y3     a3     b3     c3     
x3              1.000 
y3              0.984  1.000 
a3             -0.333 -0.354  1.000 
b3              0.833  0.848 -0.751  1.000 
c3             -0.911 -0.938  0.536 -0.944  1.000 


*******************************************************************************
Mon Oct  6 17:34:42 2025


FIT:    data read from "../Data/D15.48/relvol.Nt6" using 1:2:3:4 xyerrors
        format = x:z:sx:s
        x range restricted to [0.329800 : 0.404600]
        #datapoints = 22
function used for fitting: f2(x)
	f2(x)=y2+a2*(x-x2)+b2*(x-x2)**3+c2*(x-x2)**4
fitted parameters initialized with current variable values

iter      chisq       delta/lim  lambda   x2            y2            a2            b2            c2           
   0 2.8951062904e+06   0.00e+00  1.87e+03    3.500000e-01   1.000000e-01   1.000000e+02  -1.000000e+03   1.000000e+04
   8 1.6926784044e+01   0.00e+00  1.87e+07    3.660820e-01   2.577035e-01   9.957594e+00  -2.236914e+03   1.156556e+04

After 8 iterations the fit converged.
final sum of squares of residuals : 16.9268
rel. change during last iteration : 0

degrees of freedom    (FIT_NDF)                        : 17
rms of residuals      (FIT_STDFIT) = sqrt(WSSR/ndf)    : 0.997844
variance of residuals (reduced chisquare) = WSSR/ndf   : 0.995693
p-value of the Chisq distribution (FIT_P)              : 0.459337

Final set of parameters            Asymptotic Standard Error
=======================            ==========================
x2              = 0.366082         +/- 0.0008889    (0.2428%)
y2              = 0.257703         +/- 0.007567     (2.936%)
a2              = 9.95759          +/- 0.08271      (0.8306%)
b2              = -2236.91         +/- 100.6        (4.496%)
c2              = 11565.6          +/- 4347         (37.58%)

correlation matrix of the fit parameters:
                x2     y2     a2     b2     c2     
x2              1.000 
y2              0.991  1.000 
a2             -0.126 -0.149  1.000 
b2              0.585  0.602 -0.838  1.000 
c2             -0.964 -0.982  0.190 -0.633  1.000 


*******************************************************************************
Mon Oct  6 17:34:42 2025


FIT:    data read from "../Data/D15.48/relvol.Nt4" using 1:2:3:4 xyerrors
        format = x:z:sx:s
        x range restricted to [0.660000 : 0.712800]
        #datapoints = 12
function used for fitting: f1(x)
	f1(x)=y1+a1*(x-x1)+b1*(x-x1)**3+c1*(x-x1)**4
fitted parameters initialized with current variable values

iter      chisq       delta/lim  lambda   x1            y1            a1            b1            c1           
   0 4.0178716668e+05   0.00e+00  3.89e+03    7.000000e-01   1.000000e-01   1.000000e+02  -1.000000e+03   1.000000e+04
  20 6.8356580147e+00  -1.73e-01  3.89e-06    6.966104e-01   2.667592e-01   1.389380e+01  -1.003649e+04  -1.320062e+05

After 20 iterations the fit converged.
final sum of squares of residuals : 6.83566
rel. change during last iteration : -1.73482e-06

degrees of freedom    (FIT_NDF)                        : 7
rms of residuals      (FIT_STDFIT) = sqrt(WSSR/ndf)    : 0.988192
variance of residuals (reduced chisquare) = WSSR/ndf   : 0.976523
p-value of the Chisq distribution (FIT_P)              : 0.44619

Final set of parameters            Asymptotic Standard Error
=======================            ==========================
x1              = 0.69661          +/- 0.000256     (0.03675%)
y1              = 0.266759         +/- 0.002544     (0.9538%)
a1              = 13.8938          +/- 0.1687       (1.214%)
b1              = -10036.5         +/- 701.7        (6.991%)
c1              = -132006          +/- 1.62e+04     (12.27%)

correlation matrix of the fit parameters:
                x1     y1     a1     b1     c1     
x1              1.000 
y1              0.952  1.000 
a1             -0.122 -0.093  1.000 
b1              0.317  0.314 -0.934  1.000 
c1              0.253  0.252 -0.917  0.994  1.000 


*******************************************************************************
Mon Oct  6 17:34:59 2025


FIT:    data read from "../Data/D15.48/relvol.Nt24" using 1:2:3:4 xyerrors
        format = x:z:sx:s
        x range restricted to [0.00000 : 0.0621000]
        #datapoints = 9
function used for fitting: f10(x)
	f10(x)=y10+a10*(x-x10)+b10*(x-x10)**3+c10*(x-x10)**4
fitted parameters initialized with current variable values

iter      chisq       delta/lim  lambda   x10           y10           a10           b10           c10          
   0 2.0712880399e+05   0.00e+00  1.42e+02    5.000000e-02   1.000000e-01   1.000000e+02  -1.000000e+03   1.000000e+04
   7 4.1282942117e+00  -2.05e-02  1.42e-05    2.395258e-02   2.297877e-01   1.098284e+01  -3.340650e+03   5.750974e+03

After 7 iterations the fit converged.
final sum of squares of residuals : 4.12829
rel. change during last iteration : -2.05128e-07

degrees of freedom    (FIT_NDF)                        : 4
rms of residuals      (FIT_STDFIT) = sqrt(WSSR/ndf)    : 1.01591
variance of residuals (reduced chisquare) = WSSR/ndf   : 1.03207
p-value of the Chisq distribution (FIT_P)              : 0.388921

Final set of parameters            Asymptotic Standard Error
=======================            ==========================
x10             = 0.0239526        +/- 0.002041     (8.52%)
y10             = 0.229788         +/- 0.01908      (8.305%)
a10             = 10.9828          +/- 0.3865       (3.519%)
b10             = -3340.65         +/- 853.6        (25.55%)
c10             = 5750.97          +/- 2.802e+04    (487.3%)

correlation matrix of the fit parameters:
                x10    y10    a10    b10    c10    
x10             1.000 
y10             0.990  1.000 
a10            -0.581 -0.607  1.000 
b10             0.684  0.724 -0.964  1.000 
c10            -0.901 -0.934  0.806 -0.910  1.000 


*******************************************************************************
Mon Oct  6 17:34:59 2025


FIT:    data read from "../Data/D15.48/relvol.Nt20" using 1:2:3:4 xyerrors
        format = x:z:sx:s
        x range restricted to [0.00000 : 0.0464000]
        #datapoints = 16
function used for fitting: f9(x)
	f9(x)=y9+a9*(x-x9)+b9*(x-x9)**3+c9*(x-x9)**4
fitted parameters initialized with current variable values

iter      chisq       delta/lim  lambda   x9            y9            a9            b9            c9           
   0 7.1891219971e+05   0.00e+00  1.66e+02    5.000000e-02   1.000000e-01   1.000000e+02  -1.000000e+03   1.000000e+04
 103 1.0948676014e+01  -4.80e-01  1.66e-05    1.550289e-02   1.480445e-01   1.248997e+01  -1.165502e+04   2.805126e+05

After 103 iterations the fit converged.
final sum of squares of residuals : 10.9487
rel. change during last iteration : -4.799e-06

degrees of freedom    (FIT_NDF)                        : 11
rms of residuals      (FIT_STDFIT) = sqrt(WSSR/ndf)    : 0.997664
variance of residuals (reduced chisquare) = WSSR/ndf   : 0.995334
p-value of the Chisq distribution (FIT_P)              : 0.447573

Final set of parameters            Asymptotic Standard Error
=======================            ==========================
x9              = 0.0155029        +/- 0.00103      (6.644%)
y9              = 0.148045         +/- 0.00902      (6.093%)
a9              = 12.49            +/- 0.5227       (4.185%)
b9              = -11655           +/- 2914         (25%)
c9              = 280513           +/- 8.183e+04    (29.17%)

correlation matrix of the fit parameters:
                x9     y9     a9     b9     c9     
x9              1.000 
y9              0.952  1.000 
a9             -0.519 -0.382  1.000 
b9              0.847  0.793 -0.859  1.000 
c9             -0.887 -0.877  0.753 -0.979  1.000 


*******************************************************************************
Mon Oct  6 17:34:59 2025


FIT:    data read from "../Data/D15.48/relvol.Nt18" using 1:2:3:4 xyerrors
        format = x:z:sx:s
        x range restricted to [0.00870000 : 0.0667000]
        #datapoints = 20
function used for fitting: f8(x)
	f8(x)=y8+a8*(x-x8)+b8*(x-x8)**3+c8*(x-x8)**4
fitted parameters initialized with current variable values

iter      chisq       delta/lim  lambda   x8            y8            a8            b8            c8           
   0 2.2464422363e+05   0.00e+00  1.40e+02    5.000000e-02   1.000000e-01   1.000000e+02  -1.000000e+03   1.000000e+04
   7 1.5557526617e+01  -7.23e-01  1.40e-05    2.656453e-02   2.167611e-01   9.752811e+00  -2.894390e+03   2.006700e+04

After 7 iterations the fit converged.
final sum of squares of residuals : 15.5575
rel. change during last iteration : -7.22736e-06

degrees of freedom    (FIT_NDF)                        : 15
rms of residuals      (FIT_STDFIT) = sqrt(WSSR/ndf)    : 1.01841
variance of residuals (reduced chisquare) = WSSR/ndf   : 1.03717
p-value of the Chisq distribution (FIT_P)              : 0.412052

Final set of parameters            Asymptotic Standard Error
=======================            ==========================
x8              = 0.0265645        +/- 0.00332      (12.5%)
y8              = 0.216761         +/- 0.0278       (12.83%)
a8              = 9.75281          +/- 0.5967       (6.118%)
b8              = -2894.39         +/- 2203         (76.12%)
c8              = 20067            +/- 4.456e+04    (222.1%)

correlation matrix of the fit parameters:
                x8     y8     a8     b8     c8     
x8              1.000 
y8              0.992  1.000 
a8              0.204  0.160  1.000 
b8             -0.478 -0.457 -0.892  1.000 
c8              0.328  0.308  0.886 -0.982  1.000 


*******************************************************************************
Mon Oct  6 17:34:59 2025


FIT:    data read from "../Data/D15.48/relvol.Nt16" using 1:2:3:4 xyerrors
        format = x:z:sx:s
        x range restricted to [0.0172000 : 0.0774000]
        #datapoints = 14
function used for fitting: f7(x)
	f7(x)=y7+a7*(x-x7)+b7*(x-x7)**3+c7*(x-x7)**4
fitted parameters initialized with current variable values

iter      chisq       delta/lim  lambda   x7            y7            a7            b7            c7           
   0 9.2352595032e+04   0.00e+00  1.25e+02    5.000000e-02   1.000000e-01   1.000000e+02  -1.000000e+03   1.000000e+04
  15 9.0841872561e+00  -3.25e-02  1.25e-05    3.547816e-02   2.009064e-01   1.024417e+01  -4.837079e+03   7.270969e+04

After 15 iterations the fit converged.
final sum of squares of residuals : 9.08419
rel. change during last iteration : -3.24589e-07

degrees of freedom    (FIT_NDF)                        : 9
rms of residuals      (FIT_STDFIT) = sqrt(WSSR/ndf)    : 1.00467
variance of residuals (reduced chisquare) = WSSR/ndf   : 1.00935
p-value of the Chisq distribution (FIT_P)              : 0.42954

Final set of parameters            Asymptotic Standard Error
=======================            ==========================
x7              = 0.0354782        +/- 0.001612     (4.545%)
y7              = 0.200906         +/- 0.01272      (6.334%)
a7              = 10.2442          +/- 0.5878       (5.737%)
b7              = -4837.08         +/- 1886         (38.98%)
c7              = 72709.7          +/- 3.894e+04    (53.56%)

correlation matrix of the fit parameters:
                x7     y7     a7     b7     c7     
x7              1.000 
y7              0.968  1.000 
a7              0.340  0.235  1.000 
b7             -0.433 -0.361 -0.937  1.000 
c7              0.408  0.337  0.909 -0.995  1.000 


*******************************************************************************
Mon Oct  6 17:34:59 2025


FIT:    data read from "../Data/D15.48/relvol.Nt14" using 1:2:3:4 xyerrors
        format = x:z:sx:s
        x range restricted to [0.0248000 : 0.111600]
        #datapoints = 7
function used for fitting: f6(x)
	f6(x)=y6+a6*(x-x6)+b6*(x-x6)**3+c6*(x-x6)**4
fitted parameters initialized with current variable values

iter      chisq       delta/lim  lambda   x6            y6            a6            b6            c6           
   0 1.2006087888e+05   0.00e+00  1.03e+02    5.000000e-02   1.000000e-01   1.000000e+02  -1.000000e+03   1.000000e+04
   8 1.9643201996e+00   0.00e+00  1.03e+07    5.676117e-02   1.981084e-01   9.797187e+00  -4.618145e+03   6.512058e+04

After 8 iterations the fit converged.
final sum of squares of residuals : 1.96432
rel. change during last iteration : 0

degrees of freedom    (FIT_NDF)                        : 2
rms of residuals      (FIT_STDFIT) = sqrt(WSSR/ndf)    : 0.99104
variance of residuals (reduced chisquare) = WSSR/ndf   : 0.98216
p-value of the Chisq distribution (FIT_P)              : 0.374501

Final set of parameters            Asymptotic Standard Error
=======================            ==========================
x6              = 0.0567612        +/- 0.0008032    (1.415%)
y6              = 0.198108         +/- 0.005327     (2.689%)
a6              = 9.79719          +/- 0.3588       (3.662%)
b6              = -4618.14         +/- 652.3        (14.12%)
c6              = 65120.6          +/- 1.069e+04    (16.42%)

correlation matrix of the fit parameters:
                x6     y6     a6     b6     c6     
x6              1.000 
y6              0.837  1.000 
a6             -0.328 -0.498  1.000 
b6              0.436  0.535 -0.928  1.000 
c6             -0.437 -0.543  0.887 -0.993  1.000 


*******************************************************************************
Mon Oct  6 17:34:59 2025


FIT:    data read from "../Data/D15.48/relvol.Nt12" using 1:2:3:4 xyerrors
        format = x:z:sx:s
        x range restricted to [0.0672000 : 0.163200]
        #datapoints = 10
function used for fitting: f5(x)
	f5(x)=y5+a5*(x-x5)+b5*(x-x5)**3+c5*(x-x5)**4
fitted parameters initialized with current variable values

iter      chisq       delta/lim  lambda   x5            y5            a5            b5            c5           
   0 3.3147608603e+05   0.00e+00  2.52e+02    1.000000e-01   1.000000e-01   1.000000e+02  -1.000000e+03   1.000000e+04
   7 4.9432387558e+00  -4.94e-01  2.52e-05    9.803575e-02   2.684680e-01   8.893847e+00  -2.318879e+03   2.207736e+04

After 7 iterations the fit converged.
final sum of squares of residuals : 4.94324
rel. change during last iteration : -4.93516e-06

degrees of freedom    (FIT_NDF)                        : 5
rms of residuals      (FIT_STDFIT) = sqrt(WSSR/ndf)    : 0.994308
variance of residuals (reduced chisquare) = WSSR/ndf   : 0.988648
p-value of the Chisq distribution (FIT_P)              : 0.422847

Final set of parameters            Asymptotic Standard Error
=======================            ==========================
x5              = 0.0980358        +/- 0.0009343    (0.9531%)
y5              = 0.268468         +/- 0.006239     (2.324%)
a5              = 8.89385          +/- 0.2106       (2.368%)
b5              = -2318.88         +/- 272.7        (11.76%)
c5              = 22077.4          +/- 3640         (16.49%)

correlation matrix of the fit parameters:
                x5     y5     a5     b5     c5     
x5              1.000 
y5              0.930  1.000 
a5              0.196  0.006  1.000 
b5             -0.451 -0.341 -0.893  1.000 
c5              0.443  0.342  0.861 -0.995  1.000 


*******************************************************************************
Mon Oct  6 17:34:59 2025


FIT:    data read from "../Data/D15.48/relvol.Nt10" using 1:2:3:4 xyerrors
        format = x:z:sx:s
        x range restricted to [0.115500 : 0.181500]
        #datapoints = 12
function used for fitting: f4(x)
	f4(x)=y4+a4*(x-x4)+b4*(x-x4)**3+c4*(x-x4)**4
fitted parameters initialized with current variable values

iter      chisq       delta/lim  lambda   x4            y4            a4            b4            c4           
   0 1.4274226124e+05   0.00e+00  4.44e+02    1.500000e-01   1.000000e-01   1.000000e+02  -1.000000e+03   1.000000e+04
   8 7.0005030855e+00   0.00e+00  4.44e+06    1.406294e-01   2.283650e-01   9.350845e+00  -2.567124e+03   2.964820e+04

After 8 iterations the fit converged.
final sum of squares of residuals : 7.0005
rel. change during last iteration : 0

degrees of freedom    (FIT_NDF)                        : 7
rms of residuals      (FIT_STDFIT) = sqrt(WSSR/ndf)    : 1.00004
variance of residuals (reduced chisquare) = WSSR/ndf   : 1.00007
p-value of the Chisq distribution (FIT_P)              : 0.428827

Final set of parameters            Asymptotic Standard Error
=======================            ==========================
x4              = 0.140629         +/- 0.001616     (1.149%)
y4              = 0.228365         +/- 0.01305      (5.716%)
a4              = 9.35084          +/- 0.3026       (3.237%)
b4              = -2567.12         +/- 748.4        (29.15%)
c4              = 29648.2          +/- 1.731e+04    (58.38%)

correlation matrix of the fit parameters:
                x4     y4     a4     b4     c4     
x4              1.000 
y4              0.985  1.000 
a4             -0.416 -0.489  1.000 
b4              0.591  0.655 -0.926  1.000 
c4             -0.715 -0.775  0.830 -0.971  1.000 


*******************************************************************************
Mon Oct  6 17:34:59 2025


FIT:    data read from "../Data/D15.48/relvol.Nt8" using 1:2:3:4 xyerrors
        format = x:z:sx:s
        x range restricted to [0.190000 : 0.243200]
        #datapoints = 14
function used for fitting: f3(x)
	f3(x)=y3+a3*(x-x3)+b3*(x-x3)**3+c3*(x-x3)**4
fitted parameters initialized with current variable values

iter      chisq       delta/lim  lambda   x3            y3            a3            b3            c3           
   0 5.3275546868e+05   0.00e+00  7.43e+02    2.000000e-01   1.000000e-01   1.000000e+02  -1.000000e+03   1.000000e+04
  18 8.9401089154e+00  -1.75e-02  7.43e-06    2.130523e-01   1.865057e-01   1.040456e+01  -6.163303e+03   1.358883e+05

After 18 iterations the fit converged.
final sum of squares of residuals : 8.94011
rel. change during last iteration : -1.74619e-07

degrees of freedom    (FIT_NDF)                        : 9
rms of residuals      (FIT_STDFIT) = sqrt(WSSR/ndf)    : 0.996667
variance of residuals (reduced chisquare) = WSSR/ndf   : 0.993345
p-value of the Chisq distribution (FIT_P)              : 0.442821

Final set of parameters            Asymptotic Standard Error
=======================            ==========================
x3              = 0.213052         +/- 0.001222     (0.5736%)
y3              = 0.186506         +/- 0.01061      (5.691%)
a3              = 10.4046          +/- 0.2665       (2.561%)
b3              = -6163.3          +/- 1239         (20.09%)
c3              = 135888           +/- 3.994e+04    (29.39%)

correlation matrix of the fit parameters:
                x3     y3     a3     b3     c3     
x3              1.000 
y3              0.984  1.000 
a3             -0.333 -0.354  1.000 
b3              0.833  0.848 -0.751  1.000 
c3             -0.911 -0.938  0.536 -0.944  1.000 


*******************************************************************************
Mon Oct  6 17:34:59 2025


FIT:    data read from "../Data/D15.48/relvol.Nt6" using 1:2:3:4 xyerrors
        format = x:z:sx:s
        x range restricted to [0.329800 : 0.404600]
        #datapoints = 22
function used for fitting: f2(x)
	f2(x)=y2+a2*(x-x2)+b2*(x-x2)**3+c2*(x-x2)**4
fitted parameters initialized with current variable values

iter      chisq       delta/lim  lambda   x2            y2            a2            b2            c2           
   0 2.8951062904e+06   0.00e+00  1.87e+03    3.500000e-01   1.000000e-01   1.000000e+02  -1.000000e+03   1.000000e+04
   8 1.6926784044e+01   0.00e+00  1.87e+07    3.660820e-01   2.577035e-01   9.957594e+00  -2.236914e+03   1.156556e+04

After 8 iterations the fit converged.
final sum of squares of residuals : 16.9268
rel. change during last iteration : 0

degrees of freedom    (FIT_NDF)                        : 17
rms of residuals      (FIT_STDFIT) = sqrt(WSSR/ndf)    : 0.997844
variance of residuals (reduced chisquare) = WSSR/ndf   : 0.995693
p-value of the Chisq distribution (FIT_P)              : 0.459337

Final set of parameters            Asymptotic Standard Error
=======================            ==========================
x2              = 0.366082         +/- 0.0008889    (0.2428%)
y2              = 0.257703         +/- 0.007567     (2.936%)
a2              = 9.95759          +/- 0.08271      (0.8306%)
b2              = -2236.91         +/- 100.6        (4.496%)
c2              = 11565.6          +/- 4347         (37.58%)

correlation matrix of the fit parameters:
                x2     y2     a2     b2     c2     
x2              1.000 
y2              0.991  1.000 
a2             -0.126 -0.149  1.000 
b2              0.585  0.602 -0.838  1.000 
c2             -0.964 -0.982  0.190 -0.633  1.000 


*******************************************************************************
Mon Oct  6 17:34:59 2025


FIT:    data read from "../Data/D15.48/relvol.Nt4" using 1:2:3:4 xyerrors
        format = x:z:sx:s
        x range restricted to [0.660000 : 0.712800]
        #datapoints = 12
function used for fitting: f1(x)
	f1(x)=y1+a1*(x-x1)+b1*(x-x1)**3+c1*(x-x1)**4
fitted parameters initialized with current variable values

iter      chisq       delta/lim  lambda   x1            y1            a1            b1            c1           
   0 4.0178716668e+05   0.00e+00  3.89e+03    7.000000e-01   1.000000e-01   1.000000e+02  -1.000000e+03   1.000000e+04
  20 6.8356580147e+00  -1.73e-01  3.89e-06    6.966104e-01   2.667592e-01   1.389380e+01  -1.003649e+04  -1.320062e+05

After 20 iterations the fit converged.
final sum of squares of residuals : 6.83566
rel. change during last iteration : -1.73482e-06

degrees of freedom    (FIT_NDF)                        : 7
rms of residuals      (FIT_STDFIT) = sqrt(WSSR/ndf)    : 0.988192
variance of residuals (reduced chisquare) = WSSR/ndf   : 0.976523
p-value of the Chisq distribution (FIT_P)              : 0.44619

Final set of parameters            Asymptotic Standard Error
=======================            ==========================
x1              = 0.69661          +/- 0.000256     (0.03675%)
y1              = 0.266759         +/- 0.002544     (0.9538%)
a1              = 13.8938          +/- 0.1687       (1.214%)
b1              = -10036.5         +/- 701.7        (6.991%)
c1              = -132006          +/- 1.62e+04     (12.27%)

correlation matrix of the fit parameters:
                x1     y1     a1     b1     c1     
x1              1.000 
y1              0.952  1.000 
a1             -0.122 -0.093  1.000 
b1              0.317  0.314 -0.934  1.000 
c1              0.253  0.252 -0.917  0.994  1.000 


*******************************************************************************
Mon Oct  6 20:10:50 2025


FIT:    data read from "../Data/D15.48/relvol.Nt24" using 1:2:3:4 xyerrors
        format = x:z:sx:s
        x range restricted to [0.00000 : 0.0621000]
        #datapoints = 9
function used for fitting: f10(x)
	f10(x)=y10+a10*(x-x10)+b10*(x-x10)**3+c10*(x-x10)**4
fitted parameters initialized with current variable values

iter      chisq       delta/lim  lambda   x10           y10           a10           b10           c10          
   0 2.0712880399e+05   0.00e+00  1.42e+02    5.000000e-02   1.000000e-01   1.000000e+02  -1.000000e+03   1.000000e+04
   7 4.1282942117e+00  -2.05e-02  1.42e-05    2.395258e-02   2.297877e-01   1.098284e+01  -3.340650e+03   5.750974e+03

After 7 iterations the fit converged.
final sum of squares of residuals : 4.12829
rel. change during last iteration : -2.05128e-07

degrees of freedom    (FIT_NDF)                        : 4
rms of residuals      (FIT_STDFIT) = sqrt(WSSR/ndf)    : 1.01591
variance of residuals (reduced chisquare) = WSSR/ndf   : 1.03207
p-value of the Chisq distribution (FIT_P)              : 0.388921

Final set of parameters            Asymptotic Standard Error
=======================            ==========================
x10             = 0.0239526        +/- 0.002041     (8.52%)
y10             = 0.229788         +/- 0.01908      (8.305%)
a10             = 10.9828          +/- 0.3865       (3.519%)
b10             = -3340.65         +/- 853.6        (25.55%)
c10             = 5750.97          +/- 2.802e+04    (487.3%)

correlation matrix of the fit parameters:
                x10    y10    a10    b10    c10    
x10             1.000 
y10             0.990  1.000 
a10            -0.581 -0.607  1.000 
b10             0.684  0.724 -0.964  1.000 
c10            -0.901 -0.934  0.806 -0.910  1.000 


*******************************************************************************
Mon Oct  6 20:10:50 2025


FIT:    data read from "../Data/D15.48/relvol.Nt20" using 1:2:3:4 xyerrors
        format = x:z:sx:s
        x range restricted to [0.00000 : 0.0464000]
        #datapoints = 16
function used for fitting: f9(x)
	f9(x)=y9+a9*(x-x9)+b9*(x-x9)**3+c9*(x-x9)**4
fitted parameters initialized with current variable values

iter      chisq       delta/lim  lambda   x9            y9            a9            b9            c9           
   0 7.1891219971e+05   0.00e+00  1.66e+02    5.000000e-02   1.000000e-01   1.000000e+02  -1.000000e+03   1.000000e+04
 103 1.0948676014e+01  -4.80e-01  1.66e-05    1.550289e-02   1.480445e-01   1.248997e+01  -1.165502e+04   2.805126e+05

After 103 iterations the fit converged.
final sum of squares of residuals : 10.9487
rel. change during last iteration : -4.799e-06

degrees of freedom    (FIT_NDF)                        : 11
rms of residuals      (FIT_STDFIT) = sqrt(WSSR/ndf)    : 0.997664
variance of residuals (reduced chisquare) = WSSR/ndf   : 0.995334
p-value of the Chisq distribution (FIT_P)              : 0.447573

Final set of parameters            Asymptotic Standard Error
=======================            ==========================
x9              = 0.0155029        +/- 0.00103      (6.644%)
y9              = 0.148045         +/- 0.00902      (6.093%)
a9              = 12.49            +/- 0.5227       (4.185%)
b9              = -11655           +/- 2914         (25%)
c9              = 280513           +/- 8.183e+04    (29.17%)

correlation matrix of the fit parameters:
                x9     y9     a9     b9     c9     
x9              1.000 
y9              0.952  1.000 
a9             -0.519 -0.382  1.000 
b9              0.847  0.793 -0.859  1.000 
c9             -0.887 -0.877  0.753 -0.979  1.000 


*******************************************************************************
Mon Oct  6 20:10:50 2025


FIT:    data read from "../Data/D15.48/relvol.Nt18" using 1:2:3:4 xyerrors
        format = x:z:sx:s
        x range restricted to [0.00870000 : 0.0667000]
        #datapoints = 20
function used for fitting: f8(x)
	f8(x)=y8+a8*(x-x8)+b8*(x-x8)**3+c8*(x-x8)**4
fitted parameters initialized with current variable values

iter      chisq       delta/lim  lambda   x8            y8            a8            b8            c8           
   0 2.2464422363e+05   0.00e+00  1.40e+02    5.000000e-02   1.000000e-01   1.000000e+02  -1.000000e+03   1.000000e+04
   7 1.5557526617e+01  -7.23e-01  1.40e-05    2.656453e-02   2.167611e-01   9.752811e+00  -2.894390e+03   2.006700e+04

After 7 iterations the fit converged.
final sum of squares of residuals : 15.5575
rel. change during last iteration : -7.22736e-06

degrees of freedom    (FIT_NDF)                        : 15
rms of residuals      (FIT_STDFIT) = sqrt(WSSR/ndf)    : 1.01841
variance of residuals (reduced chisquare) = WSSR/ndf   : 1.03717
p-value of the Chisq distribution (FIT_P)              : 0.412052

Final set of parameters            Asymptotic Standard Error
=======================            ==========================
x8              = 0.0265645        +/- 0.00332      (12.5%)
y8              = 0.216761         +/- 0.0278       (12.83%)
a8              = 9.75281          +/- 0.5967       (6.118%)
b8              = -2894.39         +/- 2203         (76.12%)
c8              = 20067            +/- 4.456e+04    (222.1%)

correlation matrix of the fit parameters:
                x8     y8     a8     b8     c8     
x8              1.000 
y8              0.992  1.000 
a8              0.204  0.160  1.000 
b8             -0.478 -0.457 -0.892  1.000 
c8              0.328  0.308  0.886 -0.982  1.000 


*******************************************************************************
Mon Oct  6 20:10:50 2025


FIT:    data read from "../Data/D15.48/relvol.Nt16" using 1:2:3:4 xyerrors
        format = x:z:sx:s
        x range restricted to [0.0172000 : 0.0774000]
        #datapoints = 14
function used for fitting: f7(x)
	f7(x)=y7+a7*(x-x7)+b7*(x-x7)**3+c7*(x-x7)**4
fitted parameters initialized with current variable values

iter      chisq       delta/lim  lambda   x7            y7            a7            b7            c7           
   0 9.2352595032e+04   0.00e+00  1.25e+02    5.000000e-02   1.000000e-01   1.000000e+02  -1.000000e+03   1.000000e+04
  15 9.0841872561e+00  -3.25e-02  1.25e-05    3.547816e-02   2.009064e-01   1.024417e+01  -4.837079e+03   7.270969e+04

After 15 iterations the fit converged.
final sum of squares of residuals : 9.08419
rel. change during last iteration : -3.24589e-07

degrees of freedom    (FIT_NDF)                        : 9
rms of residuals      (FIT_STDFIT) = sqrt(WSSR/ndf)    : 1.00467
variance of residuals (reduced chisquare) = WSSR/ndf   : 1.00935
p-value of the Chisq distribution (FIT_P)              : 0.42954

Final set of parameters            Asymptotic Standard Error
=======================            ==========================
x7              = 0.0354782        +/- 0.001612     (4.545%)
y7              = 0.200906         +/- 0.01272      (6.334%)
a7              = 10.2442          +/- 0.5878       (5.737%)
b7              = -4837.08         +/- 1886         (38.98%)
c7              = 72709.7          +/- 3.894e+04    (53.56%)

correlation matrix of the fit parameters:
                x7     y7     a7     b7     c7     
x7              1.000 
y7              0.968  1.000 
a7              0.340  0.235  1.000 
b7             -0.433 -0.361 -0.937  1.000 
c7              0.408  0.337  0.909 -0.995  1.000 


*******************************************************************************
Mon Oct  6 20:10:50 2025


FIT:    data read from "../Data/D15.48/relvol.Nt14" using 1:2:3:4 xyerrors
        format = x:z:sx:s
        x range restricted to [0.0248000 : 0.111600]
        #datapoints = 7
function used for fitting: f6(x)
	f6(x)=y6+a6*(x-x6)+b6*(x-x6)**3+c6*(x-x6)**4
fitted parameters initialized with current variable values

iter      chisq       delta/lim  lambda   x6            y6            a6            b6            c6           
   0 1.2006087888e+05   0.00e+00  1.03e+02    5.000000e-02   1.000000e-01   1.000000e+02  -1.000000e+03   1.000000e+04
   8 1.9643201996e+00   0.00e+00  1.03e+07    5.676117e-02   1.981084e-01   9.797187e+00  -4.618145e+03   6.512058e+04

After 8 iterations the fit converged.
final sum of squares of residuals : 1.96432
rel. change during last iteration : 0

degrees of freedom    (FIT_NDF)                        : 2
rms of residuals      (FIT_STDFIT) = sqrt(WSSR/ndf)    : 0.99104
variance of residuals (reduced chisquare) = WSSR/ndf   : 0.98216
p-value of the Chisq distribution (FIT_P)              : 0.374501

Final set of parameters            Asymptotic Standard Error
=======================            ==========================
x6              = 0.0567612        +/- 0.0008032    (1.415%)
y6              = 0.198108         +/- 0.005327     (2.689%)
a6              = 9.79719          +/- 0.3588       (3.662%)
b6              = -4618.14         +/- 652.3        (14.12%)
c6              = 65120.6          +/- 1.069e+04    (16.42%)

correlation matrix of the fit parameters:
                x6     y6     a6     b6     c6     
x6              1.000 
y6              0.837  1.000 
a6             -0.328 -0.498  1.000 
b6              0.436  0.535 -0.928  1.000 
c6             -0.437 -0.543  0.887 -0.993  1.000 


*******************************************************************************
Mon Oct  6 20:10:50 2025


FIT:    data read from "../Data/D15.48/relvol.Nt12" using 1:2:3:4 xyerrors
        format = x:z:sx:s
        x range restricted to [0.0672000 : 0.163200]
        #datapoints = 10
function used for fitting: f5(x)
	f5(x)=y5+a5*(x-x5)+b5*(x-x5)**3+c5*(x-x5)**4
fitted parameters initialized with current variable values

iter      chisq       delta/lim  lambda   x5            y5            a5            b5            c5           
   0 3.3147608603e+05   0.00e+00  2.52e+02    1.000000e-01   1.000000e-01   1.000000e+02  -1.000000e+03   1.000000e+04
   7 4.9432387558e+00  -4.94e-01  2.52e-05    9.803575e-02   2.684680e-01   8.893847e+00  -2.318879e+03   2.207736e+04

After 7 iterations the fit converged.
final sum of squares of residuals : 4.94324
rel. change during last iteration : -4.93516e-06

degrees of freedom    (FIT_NDF)                        : 5
rms of residuals      (FIT_STDFIT) = sqrt(WSSR/ndf)    : 0.994308
variance of residuals (reduced chisquare) = WSSR/ndf   : 0.988648
p-value of the Chisq distribution (FIT_P)              : 0.422847

Final set of parameters            Asymptotic Standard Error
=======================            ==========================
x5              = 0.0980358        +/- 0.0009343    (0.9531%)
y5              = 0.268468         +/- 0.006239     (2.324%)
a5              = 8.89385          +/- 0.2106       (2.368%)
b5              = -2318.88         +/- 272.7        (11.76%)
c5              = 22077.4          +/- 3640         (16.49%)

correlation matrix of the fit parameters:
                x5     y5     a5     b5     c5     
x5              1.000 
y5              0.930  1.000 
a5              0.196  0.006  1.000 
b5             -0.451 -0.341 -0.893  1.000 
c5              0.443  0.342  0.861 -0.995  1.000 


*******************************************************************************
Mon Oct  6 20:10:50 2025


FIT:    data read from "../Data/D15.48/relvol.Nt10" using 1:2:3:4 xyerrors
        format = x:z:sx:s
        x range restricted to [0.115500 : 0.181500]
        #datapoints = 12
function used for fitting: f4(x)
	f4(x)=y4+a4*(x-x4)+b4*(x-x4)**3+c4*(x-x4)**4
fitted parameters initialized with current variable values

iter      chisq       delta/lim  lambda   x4            y4            a4            b4            c4           
   0 1.4274226124e+05   0.00e+00  4.44e+02    1.500000e-01   1.000000e-01   1.000000e+02  -1.000000e+03   1.000000e+04
   8 7.0005030855e+00   0.00e+00  4.44e+06    1.406294e-01   2.283650e-01   9.350845e+00  -2.567124e+03   2.964820e+04

After 8 iterations the fit converged.
final sum of squares of residuals : 7.0005
rel. change during last iteration : 0

degrees of freedom    (FIT_NDF)                        : 7
rms of residuals      (FIT_STDFIT) = sqrt(WSSR/ndf)    : 1.00004
variance of residuals (reduced chisquare) = WSSR/ndf   : 1.00007
p-value of the Chisq distribution (FIT_P)              : 0.428827

Final set of parameters            Asymptotic Standard Error
=======================            ==========================
x4              = 0.140629         +/- 0.001616     (1.149%)
y4              = 0.228365         +/- 0.01305      (5.716%)
a4              = 9.35084          +/- 0.3026       (3.237%)
b4              = -2567.12         +/- 748.4        (29.15%)
c4              = 29648.2          +/- 1.731e+04    (58.38%)

correlation matrix of the fit parameters:
                x4     y4     a4     b4     c4     
x4              1.000 
y4              0.985  1.000 
a4             -0.416 -0.489  1.000 
b4              0.591  0.655 -0.926  1.000 
c4             -0.715 -0.775  0.830 -0.971  1.000 


*******************************************************************************
Mon Oct  6 20:10:50 2025


FIT:    data read from "../Data/D15.48/relvol.Nt8" using 1:2:3:4 xyerrors
        format = x:z:sx:s
        x range restricted to [0.190000 : 0.243200]
        #datapoints = 14
function used for fitting: f3(x)
	f3(x)=y3+a3*(x-x3)+b3*(x-x3)**3+c3*(x-x3)**4
fitted parameters initialized with current variable values

iter      chisq       delta/lim  lambda   x3            y3            a3            b3            c3           
   0 5.3275546868e+05   0.00e+00  7.43e+02    2.000000e-01   1.000000e-01   1.000000e+02  -1.000000e+03   1.000000e+04
  18 8.9401089154e+00  -1.75e-02  7.43e-06    2.130523e-01   1.865057e-01   1.040456e+01  -6.163303e+03   1.358883e+05

After 18 iterations the fit converged.
final sum of squares of residuals : 8.94011
rel. change during last iteration : -1.74619e-07

degrees of freedom    (FIT_NDF)                        : 9
rms of residuals      (FIT_STDFIT) = sqrt(WSSR/ndf)    : 0.996667
variance of residuals (reduced chisquare) = WSSR/ndf   : 0.993345
p-value of the Chisq distribution (FIT_P)              : 0.442821

Final set of parameters            Asymptotic Standard Error
=======================            ==========================
x3              = 0.213052         +/- 0.001222     (0.5736%)
y3              = 0.186506         +/- 0.01061      (5.691%)
a3              = 10.4046          +/- 0.2665       (2.561%)
b3              = -6163.3          +/- 1239         (20.09%)
c3              = 135888           +/- 3.994e+04    (29.39%)

correlation matrix of the fit parameters:
                x3     y3     a3     b3     c3     
x3              1.000 
y3              0.984  1.000 
a3             -0.333 -0.354  1.000 
b3              0.833  0.848 -0.751  1.000 
c3             -0.911 -0.938  0.536 -0.944  1.000 


*******************************************************************************
Mon Oct  6 20:10:50 2025


FIT:    data read from "../Data/D15.48/relvol.Nt6" using 1:2:3:4 xyerrors
        format = x:z:sx:s
        x range restricted to [0.329800 : 0.404600]
        #datapoints = 22
function used for fitting: f2(x)
	f2(x)=y2+a2*(x-x2)+b2*(x-x2)**3+c2*(x-x2)**4
fitted parameters initialized with current variable values

iter      chisq       delta/lim  lambda   x2            y2            a2            b2            c2           
   0 2.8951062904e+06   0.00e+00  1.87e+03    3.500000e-01   1.000000e-01   1.000000e+02  -1.000000e+03   1.000000e+04
   8 1.6926784044e+01   0.00e+00  1.87e+07    3.660820e-01   2.577035e-01   9.957594e+00  -2.236914e+03   1.156556e+04

After 8 iterations the fit converged.
final sum of squares of residuals : 16.9268
rel. change during last iteration : 0

degrees of freedom    (FIT_NDF)                        : 17
rms of residuals      (FIT_STDFIT) = sqrt(WSSR/ndf)    : 0.997844
variance of residuals (reduced chisquare) = WSSR/ndf   : 0.995693
p-value of the Chisq distribution (FIT_P)              : 0.459337

Final set of parameters            Asymptotic Standard Error
=======================            ==========================
x2              = 0.366082         +/- 0.0008889    (0.2428%)
y2              = 0.257703         +/- 0.007567     (2.936%)
a2              = 9.95759          +/- 0.08271      (0.8306%)
b2              = -2236.91         +/- 100.6        (4.496%)
c2              = 11565.6          +/- 4347         (37.58%)

correlation matrix of the fit parameters:
                x2     y2     a2     b2     c2     
x2              1.000 
y2              0.991  1.000 
a2             -0.126 -0.149  1.000 
b2              0.585  0.602 -0.838  1.000 
c2             -0.964 -0.982  0.190 -0.633  1.000 


*******************************************************************************
Mon Oct  6 20:10:50 2025


FIT:    data read from "../Data/D15.48/relvol.Nt4" using 1:2:3:4 xyerrors
        format = x:z:sx:s
        x range restricted to [0.660000 : 0.712800]
        #datapoints = 12
function used for fitting: f1(x)
	f1(x)=y1+a1*(x-x1)+b1*(x-x1)**3+c1*(x-x1)**4
fitted parameters initialized with current variable values

iter      chisq       delta/lim  lambda   x1            y1            a1            b1            c1           
   0 4.0178716668e+05   0.00e+00  3.89e+03    7.000000e-01   1.000000e-01   1.000000e+02  -1.000000e+03   1.000000e+04
  20 6.8356580147e+00  -1.73e-01  3.89e-06    6.966104e-01   2.667592e-01   1.389380e+01  -1.003649e+04  -1.320062e+05

After 20 iterations the fit converged.
final sum of squares of residuals : 6.83566
rel. change during last iteration : -1.73482e-06

degrees of freedom    (FIT_NDF)                        : 7
rms of residuals      (FIT_STDFIT) = sqrt(WSSR/ndf)    : 0.988192
variance of residuals (reduced chisquare) = WSSR/ndf   : 0.976523
p-value of the Chisq distribution (FIT_P)              : 0.44619

Final set of parameters            Asymptotic Standard Error
=======================            ==========================
x1              = 0.69661          +/- 0.000256     (0.03675%)
y1              = 0.266759         +/- 0.002544     (0.9538%)
a1              = 13.8938          +/- 0.1687       (1.214%)
b1              = -10036.5         +/- 701.7        (6.991%)
c1              = -132006          +/- 1.62e+04     (12.27%)

correlation matrix of the fit parameters:
                x1     y1     a1     b1     c1     
x1              1.000 
y1              0.952  1.000 
a1             -0.122 -0.093  1.000 
b1              0.317  0.314 -0.934  1.000 
c1              0.253  0.252 -0.917  0.994  1.000 


*******************************************************************************
Mon Oct  6 20:18:36 2025


FIT:    data read from "../Data/D15.48/relvol.Nt24" using 1:2:3:4 xyerrors
        format = x:z:sx:s
        x range restricted to [0.00000 : 0.0621000]
        #datapoints = 9
function used for fitting: f10(x)
	f10(x)=y10+a10*(x-x10)+b10*(x-x10)**3+c10*(x-x10)**4
fitted parameters initialized with current variable values

iter      chisq       delta/lim  lambda   x10           y10           a10           b10           c10          
   0 2.0712880399e+05   0.00e+00  1.42e+02    5.000000e-02   1.000000e-01   1.000000e+02  -1.000000e+03   1.000000e+04
   7 4.1282942117e+00  -2.05e-02  1.42e-05    2.395258e-02   2.297877e-01   1.098284e+01  -3.340650e+03   5.750974e+03

After 7 iterations the fit converged.
final sum of squares of residuals : 4.12829
rel. change during last iteration : -2.05128e-07

degrees of freedom    (FIT_NDF)                        : 4
rms of residuals      (FIT_STDFIT) = sqrt(WSSR/ndf)    : 1.01591
variance of residuals (reduced chisquare) = WSSR/ndf   : 1.03207
p-value of the Chisq distribution (FIT_P)              : 0.388921

Final set of parameters            Asymptotic Standard Error
=======================            ==========================
x10             = 0.0239526        +/- 0.002041     (8.52%)
y10             = 0.229788         +/- 0.01908      (8.305%)
a10             = 10.9828          +/- 0.3865       (3.519%)
b10             = -3340.65         +/- 853.6        (25.55%)
c10             = 5750.97          +/- 2.802e+04    (487.3%)

correlation matrix of the fit parameters:
                x10    y10    a10    b10    c10    
x10             1.000 
y10             0.990  1.000 
a10            -0.581 -0.607  1.000 
b10             0.684  0.724 -0.964  1.000 
c10            -0.901 -0.934  0.806 -0.910  1.000 


*******************************************************************************
Mon Oct  6 20:18:36 2025


FIT:    data read from "../Data/D15.48/relvol.Nt20" using 1:2:3:4 xyerrors
        format = x:z:sx:s
        x range restricted to [0.00000 : 0.0464000]
        #datapoints = 16
function used for fitting: f9(x)
	f9(x)=y9+a9*(x-x9)+b9*(x-x9)**3+c9*(x-x9)**4
fitted parameters initialized with current variable values

iter      chisq       delta/lim  lambda   x9            y9            a9            b9            c9           
   0 7.1891219971e+05   0.00e+00  1.66e+02    5.000000e-02   1.000000e-01   1.000000e+02  -1.000000e+03   1.000000e+04
 103 1.0948676014e+01  -4.80e-01  1.66e-05    1.550289e-02   1.480445e-01   1.248997e+01  -1.165502e+04   2.805126e+05

After 103 iterations the fit converged.
final sum of squares of residuals : 10.9487
rel. change during last iteration : -4.799e-06

degrees of freedom    (FIT_NDF)                        : 11
rms of residuals      (FIT_STDFIT) = sqrt(WSSR/ndf)    : 0.997664
variance of residuals (reduced chisquare) = WSSR/ndf   : 0.995334
p-value of the Chisq distribution (FIT_P)              : 0.447573

Final set of parameters            Asymptotic Standard Error
=======================            ==========================
x9              = 0.0155029        +/- 0.00103      (6.644%)
y9              = 0.148045         +/- 0.00902      (6.093%)
a9              = 12.49            +/- 0.5227       (4.185%)
b9              = -11655           +/- 2914         (25%)
c9              = 280513           +/- 8.183e+04    (29.17%)

correlation matrix of the fit parameters:
                x9     y9     a9     b9     c9     
x9              1.000 
y9              0.952  1.000 
a9             -0.519 -0.382  1.000 
b9              0.847  0.793 -0.859  1.000 
c9             -0.887 -0.877  0.753 -0.979  1.000 


*******************************************************************************
Mon Oct  6 20:18:36 2025


FIT:    data read from "../Data/D15.48/relvol.Nt18" using 1:2:3:4 xyerrors
        format = x:z:sx:s
        x range restricted to [0.00870000 : 0.0667000]
        #datapoints = 20
function used for fitting: f8(x)
	f8(x)=y8+a8*(x-x8)+b8*(x-x8)**3+c8*(x-x8)**4
fitted parameters initialized with current variable values

iter      chisq       delta/lim  lambda   x8            y8            a8            b8            c8           
   0 2.2464422363e+05   0.00e+00  1.40e+02    5.000000e-02   1.000000e-01   1.000000e+02  -1.000000e+03   1.000000e+04
   7 1.5557526617e+01  -7.23e-01  1.40e-05    2.656453e-02   2.167611e-01   9.752811e+00  -2.894390e+03   2.006700e+04

After 7 iterations the fit converged.
final sum of squares of residuals : 15.5575
rel. change during last iteration : -7.22736e-06

degrees of freedom    (FIT_NDF)                        : 15
rms of residuals      (FIT_STDFIT) = sqrt(WSSR/ndf)    : 1.01841
variance of residuals (reduced chisquare) = WSSR/ndf   : 1.03717
p-value of the Chisq distribution (FIT_P)              : 0.412052

Final set of parameters            Asymptotic Standard Error
=======================            ==========================
x8              = 0.0265645        +/- 0.00332      (12.5%)
y8              = 0.216761         +/- 0.0278       (12.83%)
a8              = 9.75281          +/- 0.5967       (6.118%)
b8              = -2894.39         +/- 2203         (76.12%)
c8              = 20067            +/- 4.456e+04    (222.1%)

correlation matrix of the fit parameters:
                x8     y8     a8     b8     c8     
x8              1.000 
y8              0.992  1.000 
a8              0.204  0.160  1.000 
b8             -0.478 -0.457 -0.892  1.000 
c8              0.328  0.308  0.886 -0.982  1.000 


*******************************************************************************
Mon Oct  6 20:18:36 2025


FIT:    data read from "../Data/D15.48/relvol.Nt16" using 1:2:3:4 xyerrors
        format = x:z:sx:s
        x range restricted to [0.0172000 : 0.0774000]
        #datapoints = 14
function used for fitting: f7(x)
	f7(x)=y7+a7*(x-x7)+b7*(x-x7)**3+c7*(x-x7)**4
fitted parameters initialized with current variable values

iter      chisq       delta/lim  lambda   x7            y7            a7            b7            c7           
   0 9.2352595032e+04   0.00e+00  1.25e+02    5.000000e-02   1.000000e-01   1.000000e+02  -1.000000e+03   1.000000e+04
  15 9.0841872561e+00  -3.25e-02  1.25e-05    3.547816e-02   2.009064e-01   1.024417e+01  -4.837079e+03   7.270969e+04

After 15 iterations the fit converged.
final sum of squares of residuals : 9.08419
rel. change during last iteration : -3.24589e-07

degrees of freedom    (FIT_NDF)                        : 9
rms of residuals      (FIT_STDFIT) = sqrt(WSSR/ndf)    : 1.00467
variance of residuals (reduced chisquare) = WSSR/ndf   : 1.00935
p-value of the Chisq distribution (FIT_P)              : 0.42954

Final set of parameters            Asymptotic Standard Error
=======================            ==========================
x7              = 0.0354782        +/- 0.001612     (4.545%)
y7              = 0.200906         +/- 0.01272      (6.334%)
a7              = 10.2442          +/- 0.5878       (5.737%)
b7              = -4837.08         +/- 1886         (38.98%)
c7              = 72709.7          +/- 3.894e+04    (53.56%)

correlation matrix of the fit parameters:
                x7     y7     a7     b7     c7     
x7              1.000 
y7              0.968  1.000 
a7              0.340  0.235  1.000 
b7             -0.433 -0.361 -0.937  1.000 
c7              0.408  0.337  0.909 -0.995  1.000 


*******************************************************************************
Mon Oct  6 20:18:36 2025


FIT:    data read from "../Data/D15.48/relvol.Nt14" using 1:2:3:4 xyerrors
        format = x:z:sx:s
        x range restricted to [0.0248000 : 0.111600]
        #datapoints = 7
function used for fitting: f6(x)
	f6(x)=y6+a6*(x-x6)+b6*(x-x6)**3+c6*(x-x6)**4
fitted parameters initialized with current variable values

iter      chisq       delta/lim  lambda   x6            y6            a6            b6            c6           
   0 1.2006087888e+05   0.00e+00  1.03e+02    5.000000e-02   1.000000e-01   1.000000e+02  -1.000000e+03   1.000000e+04
   8 1.9643201996e+00   0.00e+00  1.03e+07    5.676117e-02   1.981084e-01   9.797187e+00  -4.618145e+03   6.512058e+04

After 8 iterations the fit converged.
final sum of squares of residuals : 1.96432
rel. change during last iteration : 0

degrees of freedom    (FIT_NDF)                        : 2
rms of residuals      (FIT_STDFIT) = sqrt(WSSR/ndf)    : 0.99104
variance of residuals (reduced chisquare) = WSSR/ndf   : 0.98216
p-value of the Chisq distribution (FIT_P)              : 0.374501

Final set of parameters            Asymptotic Standard Error
=======================            ==========================
x6              = 0.0567612        +/- 0.0008032    (1.415%)
y6              = 0.198108         +/- 0.005327     (2.689%)
a6              = 9.79719          +/- 0.3588       (3.662%)
b6              = -4618.14         +/- 652.3        (14.12%)
c6              = 65120.6          +/- 1.069e+04    (16.42%)

correlation matrix of the fit parameters:
                x6     y6     a6     b6     c6     
x6              1.000 
y6              0.837  1.000 
a6             -0.328 -0.498  1.000 
b6              0.436  0.535 -0.928  1.000 
c6             -0.437 -0.543  0.887 -0.993  1.000 


*******************************************************************************
Mon Oct  6 20:18:36 2025


FIT:    data read from "../Data/D15.48/relvol.Nt12" using 1:2:3:4 xyerrors
        format = x:z:sx:s
        x range restricted to [0.0672000 : 0.163200]
        #datapoints = 10
function used for fitting: f5(x)
	f5(x)=y5+a5*(x-x5)+b5*(x-x5)**3+c5*(x-x5)**4
fitted parameters initialized with current variable values

iter      chisq       delta/lim  lambda   x5            y5            a5            b5            c5           
   0 3.3147608603e+05   0.00e+00  2.52e+02    1.000000e-01   1.000000e-01   1.000000e+02  -1.000000e+03   1.000000e+04
   7 4.9432387558e+00  -4.94e-01  2.52e-05    9.803575e-02   2.684680e-01   8.893847e+00  -2.318879e+03   2.207736e+04

After 7 iterations the fit converged.
final sum of squares of residuals : 4.94324
rel. change during last iteration : -4.93516e-06

degrees of freedom    (FIT_NDF)                        : 5
rms of residuals      (FIT_STDFIT) = sqrt(WSSR/ndf)    : 0.994308
variance of residuals (reduced chisquare) = WSSR/ndf   : 0.988648
p-value of the Chisq distribution (FIT_P)              : 0.422847

Final set of parameters            Asymptotic Standard Error
=======================            ==========================
x5              = 0.0980358        +/- 0.0009343    (0.9531%)
y5              = 0.268468         +/- 0.006239     (2.324%)
a5              = 8.89385          +/- 0.2106       (2.368%)
b5              = -2318.88         +/- 272.7        (11.76%)
c5              = 22077.4          +/- 3640         (16.49%)

correlation matrix of the fit parameters:
                x5     y5     a5     b5     c5     
x5              1.000 
y5              0.930  1.000 
a5              0.196  0.006  1.000 
b5             -0.451 -0.341 -0.893  1.000 
c5              0.443  0.342  0.861 -0.995  1.000 


*******************************************************************************
Mon Oct  6 20:18:36 2025


FIT:    data read from "../Data/D15.48/relvol.Nt10" using 1:2:3:4 xyerrors
        format = x:z:sx:s
        x range restricted to [0.115500 : 0.181500]
        #datapoints = 12
function used for fitting: f4(x)
	f4(x)=y4+a4*(x-x4)+b4*(x-x4)**3+c4*(x-x4)**4
fitted parameters initialized with current variable values

iter      chisq       delta/lim  lambda   x4            y4            a4            b4            c4           
   0 1.4274226124e+05   0.00e+00  4.44e+02    1.500000e-01   1.000000e-01   1.000000e+02  -1.000000e+03   1.000000e+04
   8 7.0005030855e+00   0.00e+00  4.44e+06    1.406294e-01   2.283650e-01   9.350845e+00  -2.567124e+03   2.964820e+04

After 8 iterations the fit converged.
final sum of squares of residuals : 7.0005
rel. change during last iteration : 0

degrees of freedom    (FIT_NDF)                        : 7
rms of residuals      (FIT_STDFIT) = sqrt(WSSR/ndf)    : 1.00004
variance of residuals (reduced chisquare) = WSSR/ndf   : 1.00007
p-value of the Chisq distribution (FIT_P)              : 0.428827

Final set of parameters            Asymptotic Standard Error
=======================            ==========================
x4              = 0.140629         +/- 0.001616     (1.149%)
y4              = 0.228365         +/- 0.01305      (5.716%)
a4              = 9.35084          +/- 0.3026       (3.237%)
b4              = -2567.12         +/- 748.4        (29.15%)
c4              = 29648.2          +/- 1.731e+04    (58.38%)

correlation matrix of the fit parameters:
                x4     y4     a4     b4     c4     
x4              1.000 
y4              0.985  1.000 
a4             -0.416 -0.489  1.000 
b4              0.591  0.655 -0.926  1.000 
c4             -0.715 -0.775  0.830 -0.971  1.000 


*******************************************************************************
Mon Oct  6 20:18:36 2025


FIT:    data read from "../Data/D15.48/relvol.Nt8" using 1:2:3:4 xyerrors
        format = x:z:sx:s
        x range restricted to [0.190000 : 0.243200]
        #datapoints = 14
function used for fitting: f3(x)
	f3(x)=y3+a3*(x-x3)+b3*(x-x3)**3+c3*(x-x3)**4
fitted parameters initialized with current variable values

iter      chisq       delta/lim  lambda   x3            y3            a3            b3            c3           
   0 5.3275546868e+05   0.00e+00  7.43e+02    2.000000e-01   1.000000e-01   1.000000e+02  -1.000000e+03   1.000000e+04
  18 8.9401089154e+00  -1.75e-02  7.43e-06    2.130523e-01   1.865057e-01   1.040456e+01  -6.163303e+03   1.358883e+05

After 18 iterations the fit converged.
final sum of squares of residuals : 8.94011
rel. change during last iteration : -1.74619e-07

degrees of freedom    (FIT_NDF)                        : 9
rms of residuals      (FIT_STDFIT) = sqrt(WSSR/ndf)    : 0.996667
variance of residuals (reduced chisquare) = WSSR/ndf   : 0.993345
p-value of the Chisq distribution (FIT_P)              : 0.442821

Final set of parameters            Asymptotic Standard Error
=======================            ==========================
x3              = 0.213052         +/- 0.001222     (0.5736%)
y3              = 0.186506         +/- 0.01061      (5.691%)
a3              = 10.4046          +/- 0.2665       (2.561%)
b3              = -6163.3          +/- 1239         (20.09%)
c3              = 135888           +/- 3.994e+04    (29.39%)

correlation matrix of the fit parameters:
                x3     y3     a3     b3     c3     
x3              1.000 
y3              0.984  1.000 
a3             -0.333 -0.354  1.000 
b3              0.833  0.848 -0.751  1.000 
c3             -0.911 -0.938  0.536 -0.944  1.000 


*******************************************************************************
Mon Oct  6 20:18:36 2025


FIT:    data read from "../Data/D15.48/relvol.Nt6" using 1:2:3:4 xyerrors
        format = x:z:sx:s
        x range restricted to [0.329800 : 0.404600]
        #datapoints = 22
function used for fitting: f2(x)
	f2(x)=y2+a2*(x-x2)+b2*(x-x2)**3+c2*(x-x2)**4
fitted parameters initialized with current variable values

iter      chisq       delta/lim  lambda   x2            y2            a2            b2            c2           
   0 2.8951062904e+06   0.00e+00  1.87e+03    3.500000e-01   1.000000e-01   1.000000e+02  -1.000000e+03   1.000000e+04
   8 1.6926784044e+01   0.00e+00  1.87e+07    3.660820e-01   2.577035e-01   9.957594e+00  -2.236914e+03   1.156556e+04

After 8 iterations the fit converged.
final sum of squares of residuals : 16.9268
rel. change during last iteration : 0

degrees of freedom    (FIT_NDF)                        : 17
rms of residuals      (FIT_STDFIT) = sqrt(WSSR/ndf)    : 0.997844
variance of residuals (reduced chisquare) = WSSR/ndf   : 0.995693
p-value of the Chisq distribution (FIT_P)              : 0.459337

Final set of parameters            Asymptotic Standard Error
=======================            ==========================
x2              = 0.366082         +/- 0.0008889    (0.2428%)
y2              = 0.257703         +/- 0.007567     (2.936%)
a2              = 9.95759          +/- 0.08271      (0.8306%)
b2              = -2236.91         +/- 100.6        (4.496%)
c2              = 11565.6          +/- 4347         (37.58%)

correlation matrix of the fit parameters:
                x2     y2     a2     b2     c2     
x2              1.000 
y2              0.991  1.000 
a2             -0.126 -0.149  1.000 
b2              0.585  0.602 -0.838  1.000 
c2             -0.964 -0.982  0.190 -0.633  1.000 


*******************************************************************************
Mon Oct  6 20:18:36 2025


FIT:    data read from "../Data/D15.48/relvol.Nt4" using 1:2:3:4 xyerrors
        format = x:z:sx:s
        x range restricted to [0.660000 : 0.712800]
        #datapoints = 12
function used for fitting: f1(x)
	f1(x)=y1+a1*(x-x1)+b1*(x-x1)**3+c1*(x-x1)**4
fitted parameters initialized with current variable values

iter      chisq       delta/lim  lambda   x1            y1            a1            b1            c1           
   0 4.0178716668e+05   0.00e+00  3.89e+03    7.000000e-01   1.000000e-01   1.000000e+02  -1.000000e+03   1.000000e+04
  20 6.8356580147e+00  -1.73e-01  3.89e-06    6.966104e-01   2.667592e-01   1.389380e+01  -1.003649e+04  -1.320062e+05

After 20 iterations the fit converged.
final sum of squares of residuals : 6.83566
rel. change during last iteration : -1.73482e-06

degrees of freedom    (FIT_NDF)                        : 7
rms of residuals      (FIT_STDFIT) = sqrt(WSSR/ndf)    : 0.988192
variance of residuals (reduced chisquare) = WSSR/ndf   : 0.976523
p-value of the Chisq distribution (FIT_P)              : 0.44619

Final set of parameters            Asymptotic Standard Error
=======================            ==========================
x1              = 0.69661          +/- 0.000256     (0.03675%)
y1              = 0.266759         +/- 0.002544     (0.9538%)
a1              = 13.8938          +/- 0.1687       (1.214%)
b1              = -10036.5         +/- 701.7        (6.991%)
c1              = -132006          +/- 1.62e+04     (12.27%)

correlation matrix of the fit parameters:
                x1     y1     a1     b1     c1     
x1              1.000 
y1              0.952  1.000 
a1             -0.122 -0.093  1.000 
b1              0.317  0.314 -0.934  1.000 
c1              0.253  0.252 -0.917  0.994  1.000 


*******************************************************************************
Mon Oct  6 20:18:50 2025


FIT:    data read from "../Data/D15.48/relvol.Nt24" using 1:2:3:4 xyerrors
        format = x:z:sx:s
        x range restricted to [0.00000 : 0.0621000]
        #datapoints = 9
function used for fitting: f10(x)
	f10(x)=y10+a10*(x-x10)+b10*(x-x10)**3+c10*(x-x10)**4
fitted parameters initialized with current variable values

iter      chisq       delta/lim  lambda   x10           y10           a10           b10           c10          
   0 2.0712880399e+05   0.00e+00  1.42e+02    5.000000e-02   1.000000e-01   1.000000e+02  -1.000000e+03   1.000000e+04
   7 4.1282942117e+00  -2.05e-02  1.42e-05    2.395258e-02   2.297877e-01   1.098284e+01  -3.340650e+03   5.750974e+03

After 7 iterations the fit converged.
final sum of squares of residuals : 4.12829
rel. change during last iteration : -2.05128e-07

degrees of freedom    (FIT_NDF)                        : 4
rms of residuals      (FIT_STDFIT) = sqrt(WSSR/ndf)    : 1.01591
variance of residuals (reduced chisquare) = WSSR/ndf   : 1.03207
p-value of the Chisq distribution (FIT_P)              : 0.388921

Final set of parameters            Asymptotic Standard Error
=======================            ==========================
x10             = 0.0239526        +/- 0.002041     (8.52%)
y10             = 0.229788         +/- 0.01908      (8.305%)
a10             = 10.9828          +/- 0.3865       (3.519%)
b10             = -3340.65         +/- 853.6        (25.55%)
c10             = 5750.97          +/- 2.802e+04    (487.3%)

correlation matrix of the fit parameters:
                x10    y10    a10    b10    c10    
x10             1.000 
y10             0.990  1.000 
a10            -0.581 -0.607  1.000 
b10             0.684  0.724 -0.964  1.000 
c10            -0.901 -0.934  0.806 -0.910  1.000 


*******************************************************************************
Mon Oct  6 20:18:50 2025


FIT:    data read from "../Data/D15.48/relvol.Nt20" using 1:2:3:4 xyerrors
        format = x:z:sx:s
        x range restricted to [0.00000 : 0.0464000]
        #datapoints = 16
function used for fitting: f9(x)
	f9(x)=y9+a9*(x-x9)+b9*(x-x9)**3+c9*(x-x9)**4
fitted parameters initialized with current variable values

iter      chisq       delta/lim  lambda   x9            y9            a9            b9            c9           
   0 7.1891219971e+05   0.00e+00  1.66e+02    5.000000e-02   1.000000e-01   1.000000e+02  -1.000000e+03   1.000000e+04
 103 1.0948676014e+01  -4.80e-01  1.66e-05    1.550289e-02   1.480445e-01   1.248997e+01  -1.165502e+04   2.805126e+05

After 103 iterations the fit converged.
final sum of squares of residuals : 10.9487
rel. change during last iteration : -4.799e-06

degrees of freedom    (FIT_NDF)                        : 11
rms of residuals      (FIT_STDFIT) = sqrt(WSSR/ndf)    : 0.997664
variance of residuals (reduced chisquare) = WSSR/ndf   : 0.995334
p-value of the Chisq distribution (FIT_P)              : 0.447573

Final set of parameters            Asymptotic Standard Error
=======================            ==========================
x9              = 0.0155029        +/- 0.00103      (6.644%)
y9              = 0.148045         +/- 0.00902      (6.093%)
a9              = 12.49            +/- 0.5227       (4.185%)
b9              = -11655           +/- 2914         (25%)
c9              = 280513           +/- 8.183e+04    (29.17%)

correlation matrix of the fit parameters:
                x9     y9     a9     b9     c9     
x9              1.000 
y9              0.952  1.000 
a9             -0.519 -0.382  1.000 
b9              0.847  0.793 -0.859  1.000 
c9             -0.887 -0.877  0.753 -0.979  1.000 


*******************************************************************************
Mon Oct  6 20:18:50 2025


FIT:    data read from "../Data/D15.48/relvol.Nt18" using 1:2:3:4 xyerrors
        format = x:z:sx:s
        x range restricted to [0.00870000 : 0.0667000]
        #datapoints = 20
function used for fitting: f8(x)
	f8(x)=y8+a8*(x-x8)+b8*(x-x8)**3+c8*(x-x8)**4
fitted parameters initialized with current variable values

iter      chisq       delta/lim  lambda   x8            y8            a8            b8            c8           
   0 2.2464422363e+05   0.00e+00  1.40e+02    5.000000e-02   1.000000e-01   1.000000e+02  -1.000000e+03   1.000000e+04
   7 1.5557526617e+01  -7.23e-01  1.40e-05    2.656453e-02   2.167611e-01   9.752811e+00  -2.894390e+03   2.006700e+04

After 7 iterations the fit converged.
final sum of squares of residuals : 15.5575
rel. change during last iteration : -7.22736e-06

degrees of freedom    (FIT_NDF)                        : 15
rms of residuals      (FIT_STDFIT) = sqrt(WSSR/ndf)    : 1.01841
variance of residuals (reduced chisquare) = WSSR/ndf   : 1.03717
p-value of the Chisq distribution (FIT_P)              : 0.412052

Final set of parameters            Asymptotic Standard Error
=======================            ==========================
x8              = 0.0265645        +/- 0.00332      (12.5%)
y8              = 0.216761         +/- 0.0278       (12.83%)
a8              = 9.75281          +/- 0.5967       (6.118%)
b8              = -2894.39         +/- 2203         (76.12%)
c8              = 20067            +/- 4.456e+04    (222.1%)

correlation matrix of the fit parameters:
                x8     y8     a8     b8     c8     
x8              1.000 
y8              0.992  1.000 
a8              0.204  0.160  1.000 
b8             -0.478 -0.457 -0.892  1.000 
c8              0.328  0.308  0.886 -0.982  1.000 


*******************************************************************************
Mon Oct  6 20:18:50 2025


FIT:    data read from "../Data/D15.48/relvol.Nt16" using 1:2:3:4 xyerrors
        format = x:z:sx:s
        x range restricted to [0.0172000 : 0.0774000]
        #datapoints = 14
function used for fitting: f7(x)
	f7(x)=y7+a7*(x-x7)+b7*(x-x7)**3+c7*(x-x7)**4
fitted parameters initialized with current variable values

iter      chisq       delta/lim  lambda   x7            y7            a7            b7            c7           
   0 9.2352595032e+04   0.00e+00  1.25e+02    5.000000e-02   1.000000e-01   1.000000e+02  -1.000000e+03   1.000000e+04
  15 9.0841872561e+00  -3.25e-02  1.25e-05    3.547816e-02   2.009064e-01   1.024417e+01  -4.837079e+03   7.270969e+04

After 15 iterations the fit converged.
final sum of squares of residuals : 9.08419
rel. change during last iteration : -3.24589e-07

degrees of freedom    (FIT_NDF)                        : 9
rms of residuals      (FIT_STDFIT) = sqrt(WSSR/ndf)    : 1.00467
variance of residuals (reduced chisquare) = WSSR/ndf   : 1.00935
p-value of the Chisq distribution (FIT_P)              : 0.42954

Final set of parameters            Asymptotic Standard Error
=======================            ==========================
x7              = 0.0354782        +/- 0.001612     (4.545%)
y7              = 0.200906         +/- 0.01272      (6.334%)
a7              = 10.2442          +/- 0.5878       (5.737%)
b7              = -4837.08         +/- 1886         (38.98%)
c7              = 72709.7          +/- 3.894e+04    (53.56%)

correlation matrix of the fit parameters:
                x7     y7     a7     b7     c7     
x7              1.000 
y7              0.968  1.000 
a7              0.340  0.235  1.000 
b7             -0.433 -0.361 -0.937  1.000 
c7              0.408  0.337  0.909 -0.995  1.000 


*******************************************************************************
Mon Oct  6 20:18:50 2025


FIT:    data read from "../Data/D15.48/relvol.Nt14" using 1:2:3:4 xyerrors
        format = x:z:sx:s
        x range restricted to [0.0248000 : 0.111600]
        #datapoints = 7
function used for fitting: f6(x)
	f6(x)=y6+a6*(x-x6)+b6*(x-x6)**3+c6*(x-x6)**4
fitted parameters initialized with current variable values

iter      chisq       delta/lim  lambda   x6            y6            a6            b6            c6           
   0 1.2006087888e+05   0.00e+00  1.03e+02    5.000000e-02   1.000000e-01   1.000000e+02  -1.000000e+03   1.000000e+04
   8 1.9643201996e+00   0.00e+00  1.03e+07    5.676117e-02   1.981084e-01   9.797187e+00  -4.618145e+03   6.512058e+04

After 8 iterations the fit converged.
final sum of squares of residuals : 1.96432
rel. change during last iteration : 0

degrees of freedom    (FIT_NDF)                        : 2
rms of residuals      (FIT_STDFIT) = sqrt(WSSR/ndf)    : 0.99104
variance of residuals (reduced chisquare) = WSSR/ndf   : 0.98216
p-value of the Chisq distribution (FIT_P)              : 0.374501

Final set of parameters            Asymptotic Standard Error
=======================            ==========================
x6              = 0.0567612        +/- 0.0008032    (1.415%)
y6              = 0.198108         +/- 0.005327     (2.689%)
a6              = 9.79719          +/- 0.3588       (3.662%)
b6              = -4618.14         +/- 652.3        (14.12%)
c6              = 65120.6          +/- 1.069e+04    (16.42%)

correlation matrix of the fit parameters:
                x6     y6     a6     b6     c6     
x6              1.000 
y6              0.837  1.000 
a6             -0.328 -0.498  1.000 
b6              0.436  0.535 -0.928  1.000 
c6             -0.437 -0.543  0.887 -0.993  1.000 


*******************************************************************************
Mon Oct  6 20:18:50 2025


FIT:    data read from "../Data/D15.48/relvol.Nt12" using 1:2:3:4 xyerrors
        format = x:z:sx:s
        x range restricted to [0.0672000 : 0.163200]
        #datapoints = 10
function used for fitting: f5(x)
	f5(x)=y5+a5*(x-x5)+b5*(x-x5)**3+c5*(x-x5)**4
fitted parameters initialized with current variable values

iter      chisq       delta/lim  lambda   x5            y5            a5            b5            c5           
   0 3.3147608603e+05   0.00e+00  2.52e+02    1.000000e-01   1.000000e-01   1.000000e+02  -1.000000e+03   1.000000e+04
   7 4.9432387558e+00  -4.94e-01  2.52e-05    9.803575e-02   2.684680e-01   8.893847e+00  -2.318879e+03   2.207736e+04

After 7 iterations the fit converged.
final sum of squares of residuals : 4.94324
rel. change during last iteration : -4.93516e-06

degrees of freedom    (FIT_NDF)                        : 5
rms of residuals      (FIT_STDFIT) = sqrt(WSSR/ndf)    : 0.994308
variance of residuals (reduced chisquare) = WSSR/ndf   : 0.988648
p-value of the Chisq distribution (FIT_P)              : 0.422847

Final set of parameters            Asymptotic Standard Error
=======================            ==========================
x5              = 0.0980358        +/- 0.0009343    (0.9531%)
y5              = 0.268468         +/- 0.006239     (2.324%)
a5              = 8.89385          +/- 0.2106       (2.368%)
b5              = -2318.88         +/- 272.7        (11.76%)
c5              = 22077.4          +/- 3640         (16.49%)

correlation matrix of the fit parameters:
                x5     y5     a5     b5     c5     
x5              1.000 
y5              0.930  1.000 
a5              0.196  0.006  1.000 
b5             -0.451 -0.341 -0.893  1.000 
c5              0.443  0.342  0.861 -0.995  1.000 


*******************************************************************************
Mon Oct  6 20:18:50 2025


FIT:    data read from "../Data/D15.48/relvol.Nt10" using 1:2:3:4 xyerrors
        format = x:z:sx:s
        x range restricted to [0.115500 : 0.181500]
        #datapoints = 12
function used for fitting: f4(x)
	f4(x)=y4+a4*(x-x4)+b4*(x-x4)**3+c4*(x-x4)**4
fitted parameters initialized with current variable values

iter      chisq       delta/lim  lambda   x4            y4            a4            b4            c4           
   0 1.4274226124e+05   0.00e+00  4.44e+02    1.500000e-01   1.000000e-01   1.000000e+02  -1.000000e+03   1.000000e+04
   8 7.0005030855e+00   0.00e+00  4.44e+06    1.406294e-01   2.283650e-01   9.350845e+00  -2.567124e+03   2.964820e+04

After 8 iterations the fit converged.
final sum of squares of residuals : 7.0005
rel. change during last iteration : 0

degrees of freedom    (FIT_NDF)                        : 7
rms of residuals      (FIT_STDFIT) = sqrt(WSSR/ndf)    : 1.00004
variance of residuals (reduced chisquare) = WSSR/ndf   : 1.00007
p-value of the Chisq distribution (FIT_P)              : 0.428827

Final set of parameters            Asymptotic Standard Error
=======================            ==========================
x4              = 0.140629         +/- 0.001616     (1.149%)
y4              = 0.228365         +/- 0.01305      (5.716%)
a4              = 9.35084          +/- 0.3026       (3.237%)
b4              = -2567.12         +/- 748.4        (29.15%)
c4              = 29648.2          +/- 1.731e+04    (58.38%)

correlation matrix of the fit parameters:
                x4     y4     a4     b4     c4     
x4              1.000 
y4              0.985  1.000 
a4             -0.416 -0.489  1.000 
b4              0.591  0.655 -0.926  1.000 
c4             -0.715 -0.775  0.830 -0.971  1.000 


*******************************************************************************
Mon Oct  6 20:18:50 2025


FIT:    data read from "../Data/D15.48/relvol.Nt8" using 1:2:3:4 xyerrors
        format = x:z:sx:s
        x range restricted to [0.190000 : 0.243200]
        #datapoints = 14
function used for fitting: f3(x)
	f3(x)=y3+a3*(x-x3)+b3*(x-x3)**3+c3*(x-x3)**4
fitted parameters initialized with current variable values

iter      chisq       delta/lim  lambda   x3            y3            a3            b3            c3           
   0 5.3275546868e+05   0.00e+00  7.43e+02    2.000000e-01   1.000000e-01   1.000000e+02  -1.000000e+03   1.000000e+04
  18 8.9401089154e+00  -1.75e-02  7.43e-06    2.130523e-01   1.865057e-01   1.040456e+01  -6.163303e+03   1.358883e+05

After 18 iterations the fit converged.
final sum of squares of residuals : 8.94011
rel. change during last iteration : -1.74619e-07

degrees of freedom    (FIT_NDF)                        : 9
rms of residuals      (FIT_STDFIT) = sqrt(WSSR/ndf)    : 0.996667
variance of residuals (reduced chisquare) = WSSR/ndf   : 0.993345
p-value of the Chisq distribution (FIT_P)              : 0.442821

Final set of parameters            Asymptotic Standard Error
=======================            ==========================
x3              = 0.213052         +/- 0.001222     (0.5736%)
y3              = 0.186506         +/- 0.01061      (5.691%)
a3              = 10.4046          +/- 0.2665       (2.561%)
b3              = -6163.3          +/- 1239         (20.09%)
c3              = 135888           +/- 3.994e+04    (29.39%)

correlation matrix of the fit parameters:
                x3     y3     a3     b3     c3     
x3              1.000 
y3              0.984  1.000 
a3             -0.333 -0.354  1.000 
b3              0.833  0.848 -0.751  1.000 
c3             -0.911 -0.938  0.536 -0.944  1.000 


*******************************************************************************
Mon Oct  6 20:18:50 2025


FIT:    data read from "../Data/D15.48/relvol.Nt6" using 1:2:3:4 xyerrors
        format = x:z:sx:s
        x range restricted to [0.329800 : 0.404600]
        #datapoints = 22
function used for fitting: f2(x)
	f2(x)=y2+a2*(x-x2)+b2*(x-x2)**3+c2*(x-x2)**4
fitted parameters initialized with current variable values

iter      chisq       delta/lim  lambda   x2            y2            a2            b2            c2           
   0 2.8951062904e+06   0.00e+00  1.87e+03    3.500000e-01   1.000000e-01   1.000000e+02  -1.000000e+03   1.000000e+04
   8 1.6926784044e+01   0.00e+00  1.87e+07    3.660820e-01   2.577035e-01   9.957594e+00  -2.236914e+03   1.156556e+04

After 8 iterations the fit converged.
final sum of squares of residuals : 16.9268
rel. change during last iteration : 0

degrees of freedom    (FIT_NDF)                        : 17
rms of residuals      (FIT_STDFIT) = sqrt(WSSR/ndf)    : 0.997844
variance of residuals (reduced chisquare) = WSSR/ndf   : 0.995693
p-value of the Chisq distribution (FIT_P)              : 0.459337

Final set of parameters            Asymptotic Standard Error
=======================            ==========================
x2              = 0.366082         +/- 0.0008889    (0.2428%)
y2              = 0.257703         +/- 0.007567     (2.936%)
a2              = 9.95759          +/- 0.08271      (0.8306%)
b2              = -2236.91         +/- 100.6        (4.496%)
c2              = 11565.6          +/- 4347         (37.58%)

correlation matrix of the fit parameters:
                x2     y2     a2     b2     c2     
x2              1.000 
y2              0.991  1.000 
a2             -0.126 -0.149  1.000 
b2              0.585  0.602 -0.838  1.000 
c2             -0.964 -0.982  0.190 -0.633  1.000 


*******************************************************************************
Mon Oct  6 20:18:50 2025


FIT:    data read from "../Data/D15.48/relvol.Nt4" using 1:2:3:4 xyerrors
        format = x:z:sx:s
        x range restricted to [0.660000 : 0.712800]
        #datapoints = 12
function used for fitting: f1(x)
	f1(x)=y1+a1*(x-x1)+b1*(x-x1)**3+c1*(x-x1)**4
fitted parameters initialized with current variable values

iter      chisq       delta/lim  lambda   x1            y1            a1            b1            c1           
   0 4.0178716668e+05   0.00e+00  3.89e+03    7.000000e-01   1.000000e-01   1.000000e+02  -1.000000e+03   1.000000e+04
  20 6.8356580147e+00  -1.73e-01  3.89e-06    6.966104e-01   2.667592e-01   1.389380e+01  -1.003649e+04  -1.320062e+05

After 20 iterations the fit converged.
final sum of squares of residuals : 6.83566
rel. change during last iteration : -1.73482e-06

degrees of freedom    (FIT_NDF)                        : 7
rms of residuals      (FIT_STDFIT) = sqrt(WSSR/ndf)    : 0.988192
variance of residuals (reduced chisquare) = WSSR/ndf   : 0.976523
p-value of the Chisq distribution (FIT_P)              : 0.44619

Final set of parameters            Asymptotic Standard Error
=======================            ==========================
x1              = 0.69661          +/- 0.000256     (0.03675%)
y1              = 0.266759         +/- 0.002544     (0.9538%)
a1              = 13.8938          +/- 0.1687       (1.214%)
b1              = -10036.5         +/- 701.7        (6.991%)
c1              = -132006          +/- 1.62e+04     (12.27%)

correlation matrix of the fit parameters:
                x1     y1     a1     b1     c1     
x1              1.000 
y1              0.952  1.000 
a1             -0.122 -0.093  1.000 
b1              0.317  0.314 -0.934  1.000 
c1              0.253  0.252 -0.917  0.994  1.000 


*******************************************************************************
Mon Oct  6 20:20:26 2025


FIT:    data read from "../Data/D15.48/relvol.Nt24" using 1:2:3:4 xyerrors
        format = x:z:sx:s
        x range restricted to [0.00000 : 0.0621000]
        #datapoints = 9
function used for fitting: f10(x)
	f10(x)=y10+a10*(x-x10)+b10*(x-x10)**3+c10*(x-x10)**4
fitted parameters initialized with current variable values

iter      chisq       delta/lim  lambda   x10           y10           a10           b10           c10          
   0 2.0712880399e+05   0.00e+00  1.42e+02    5.000000e-02   1.000000e-01   1.000000e+02  -1.000000e+03   1.000000e+04
   7 4.1282942117e+00  -2.05e-02  1.42e-05    2.395258e-02   2.297877e-01   1.098284e+01  -3.340650e+03   5.750974e+03

After 7 iterations the fit converged.
final sum of squares of residuals : 4.12829
rel. change during last iteration : -2.05128e-07

degrees of freedom    (FIT_NDF)                        : 4
rms of residuals      (FIT_STDFIT) = sqrt(WSSR/ndf)    : 1.01591
variance of residuals (reduced chisquare) = WSSR/ndf   : 1.03207
p-value of the Chisq distribution (FIT_P)              : 0.388921

Final set of parameters            Asymptotic Standard Error
=======================            ==========================
x10             = 0.0239526        +/- 0.002041     (8.52%)
y10             = 0.229788         +/- 0.01908      (8.305%)
a10             = 10.9828          +/- 0.3865       (3.519%)
b10             = -3340.65         +/- 853.6        (25.55%)
c10             = 5750.97          +/- 2.802e+04    (487.3%)

correlation matrix of the fit parameters:
                x10    y10    a10    b10    c10    
x10             1.000 
y10             0.990  1.000 
a10            -0.581 -0.607  1.000 
b10             0.684  0.724 -0.964  1.000 
c10            -0.901 -0.934  0.806 -0.910  1.000 


*******************************************************************************
Mon Oct  6 20:20:26 2025


FIT:    data read from "../Data/D15.48/relvol.Nt20" using 1:2:3:4 xyerrors
        format = x:z:sx:s
        x range restricted to [0.00000 : 0.0464000]
        #datapoints = 16
function used for fitting: f9(x)
	f9(x)=y9+a9*(x-x9)+b9*(x-x9)**3+c9*(x-x9)**4
fitted parameters initialized with current variable values

iter      chisq       delta/lim  lambda   x9            y9            a9            b9            c9           
   0 7.1891219971e+05   0.00e+00  1.66e+02    5.000000e-02   1.000000e-01   1.000000e+02  -1.000000e+03   1.000000e+04
 103 1.0948676014e+01  -4.80e-01  1.66e-05    1.550289e-02   1.480445e-01   1.248997e+01  -1.165502e+04   2.805126e+05

After 103 iterations the fit converged.
final sum of squares of residuals : 10.9487
rel. change during last iteration : -4.799e-06

degrees of freedom    (FIT_NDF)                        : 11
rms of residuals      (FIT_STDFIT) = sqrt(WSSR/ndf)    : 0.997664
variance of residuals (reduced chisquare) = WSSR/ndf   : 0.995334
p-value of the Chisq distribution (FIT_P)              : 0.447573

Final set of parameters            Asymptotic Standard Error
=======================            ==========================
x9              = 0.0155029        +/- 0.00103      (6.644%)
y9              = 0.148045         +/- 0.00902      (6.093%)
a9              = 12.49            +/- 0.5227       (4.185%)
b9              = -11655           +/- 2914         (25%)
c9              = 280513           +/- 8.183e+04    (29.17%)

correlation matrix of the fit parameters:
                x9     y9     a9     b9     c9     
x9              1.000 
y9              0.952  1.000 
a9             -0.519 -0.382  1.000 
b9              0.847  0.793 -0.859  1.000 
c9             -0.887 -0.877  0.753 -0.979  1.000 


*******************************************************************************
Mon Oct  6 20:20:26 2025


FIT:    data read from "../Data/D15.48/relvol.Nt18" using 1:2:3:4 xyerrors
        format = x:z:sx:s
        x range restricted to [0.00870000 : 0.0667000]
        #datapoints = 20
function used for fitting: f8(x)
	f8(x)=y8+a8*(x-x8)+b8*(x-x8)**3+c8*(x-x8)**4
fitted parameters initialized with current variable values

iter      chisq       delta/lim  lambda   x8            y8            a8            b8            c8           
   0 2.2464422363e+05   0.00e+00  1.40e+02    5.000000e-02   1.000000e-01   1.000000e+02  -1.000000e+03   1.000000e+04
   7 1.5557526617e+01  -7.23e-01  1.40e-05    2.656453e-02   2.167611e-01   9.752811e+00  -2.894390e+03   2.006700e+04

After 7 iterations the fit converged.
final sum of squares of residuals : 15.5575
rel. change during last iteration : -7.22736e-06

degrees of freedom    (FIT_NDF)                        : 15
rms of residuals      (FIT_STDFIT) = sqrt(WSSR/ndf)    : 1.01841
variance of residuals (reduced chisquare) = WSSR/ndf   : 1.03717
p-value of the Chisq distribution (FIT_P)              : 0.412052

Final set of parameters            Asymptotic Standard Error
=======================            ==========================
x8              = 0.0265645        +/- 0.00332      (12.5%)
y8              = 0.216761         +/- 0.0278       (12.83%)
a8              = 9.75281          +/- 0.5967       (6.118%)
b8              = -2894.39         +/- 2203         (76.12%)
c8              = 20067            +/- 4.456e+04    (222.1%)

correlation matrix of the fit parameters:
                x8     y8     a8     b8     c8     
x8              1.000 
y8              0.992  1.000 
a8              0.204  0.160  1.000 
b8             -0.478 -0.457 -0.892  1.000 
c8              0.328  0.308  0.886 -0.982  1.000 


*******************************************************************************
Mon Oct  6 20:20:26 2025


FIT:    data read from "../Data/D15.48/relvol.Nt16" using 1:2:3:4 xyerrors
        format = x:z:sx:s
        x range restricted to [0.0172000 : 0.0774000]
        #datapoints = 14
function used for fitting: f7(x)
	f7(x)=y7+a7*(x-x7)+b7*(x-x7)**3+c7*(x-x7)**4
fitted parameters initialized with current variable values

iter      chisq       delta/lim  lambda   x7            y7            a7            b7            c7           
   0 9.2352595032e+04   0.00e+00  1.25e+02    5.000000e-02   1.000000e-01   1.000000e+02  -1.000000e+03   1.000000e+04
  15 9.0841872561e+00  -3.25e-02  1.25e-05    3.547816e-02   2.009064e-01   1.024417e+01  -4.837079e+03   7.270969e+04

After 15 iterations the fit converged.
final sum of squares of residuals : 9.08419
rel. change during last iteration : -3.24589e-07

degrees of freedom    (FIT_NDF)                        : 9
rms of residuals      (FIT_STDFIT) = sqrt(WSSR/ndf)    : 1.00467
variance of residuals (reduced chisquare) = WSSR/ndf   : 1.00935
p-value of the Chisq distribution (FIT_P)              : 0.42954

Final set of parameters            Asymptotic Standard Error
=======================            ==========================
x7              = 0.0354782        +/- 0.001612     (4.545%)
y7              = 0.200906         +/- 0.01272      (6.334%)
a7              = 10.2442          +/- 0.5878       (5.737%)
b7              = -4837.08         +/- 1886         (38.98%)
c7              = 72709.7          +/- 3.894e+04    (53.56%)

correlation matrix of the fit parameters:
                x7     y7     a7     b7     c7     
x7              1.000 
y7              0.968  1.000 
a7              0.340  0.235  1.000 
b7             -0.433 -0.361 -0.937  1.000 
c7              0.408  0.337  0.909 -0.995  1.000 


*******************************************************************************
Mon Oct  6 20:20:26 2025


FIT:    data read from "../Data/D15.48/relvol.Nt14" using 1:2:3:4 xyerrors
        format = x:z:sx:s
        x range restricted to [0.0248000 : 0.111600]
        #datapoints = 7
function used for fitting: f6(x)
	f6(x)=y6+a6*(x-x6)+b6*(x-x6)**3+c6*(x-x6)**4
fitted parameters initialized with current variable values

iter      chisq       delta/lim  lambda   x6            y6            a6            b6            c6           
   0 1.2006087888e+05   0.00e+00  1.03e+02    5.000000e-02   1.000000e-01   1.000000e+02  -1.000000e+03   1.000000e+04
   8 1.9643201996e+00   0.00e+00  1.03e+07    5.676117e-02   1.981084e-01   9.797187e+00  -4.618145e+03   6.512058e+04

After 8 iterations the fit converged.
final sum of squares of residuals : 1.96432
rel. change during last iteration : 0

degrees of freedom    (FIT_NDF)                        : 2
rms of residuals      (FIT_STDFIT) = sqrt(WSSR/ndf)    : 0.99104
variance of residuals (reduced chisquare) = WSSR/ndf   : 0.98216
p-value of the Chisq distribution (FIT_P)              : 0.374501

Final set of parameters            Asymptotic Standard Error
=======================            ==========================
x6              = 0.0567612        +/- 0.0008032    (1.415%)
y6              = 0.198108         +/- 0.005327     (2.689%)
a6              = 9.79719          +/- 0.3588       (3.662%)
b6              = -4618.14         +/- 652.3        (14.12%)
c6              = 65120.6          +/- 1.069e+04    (16.42%)

correlation matrix of the fit parameters:
                x6     y6     a6     b6     c6     
x6              1.000 
y6              0.837  1.000 
a6             -0.328 -0.498  1.000 
b6              0.436  0.535 -0.928  1.000 
c6             -0.437 -0.543  0.887 -0.993  1.000 


*******************************************************************************
Mon Oct  6 20:20:26 2025


FIT:    data read from "../Data/D15.48/relvol.Nt12" using 1:2:3:4 xyerrors
        format = x:z:sx:s
        x range restricted to [0.0672000 : 0.163200]
        #datapoints = 10
function used for fitting: f5(x)
	f5(x)=y5+a5*(x-x5)+b5*(x-x5)**3+c5*(x-x5)**4
fitted parameters initialized with current variable values

iter      chisq       delta/lim  lambda   x5            y5            a5            b5            c5           
   0 3.3147608603e+05   0.00e+00  2.52e+02    1.000000e-01   1.000000e-01   1.000000e+02  -1.000000e+03   1.000000e+04
   7 4.9432387558e+00  -4.94e-01  2.52e-05    9.803575e-02   2.684680e-01   8.893847e+00  -2.318879e+03   2.207736e+04

After 7 iterations the fit converged.
final sum of squares of residuals : 4.94324
rel. change during last iteration : -4.93516e-06

degrees of freedom    (FIT_NDF)                        : 5
rms of residuals      (FIT_STDFIT) = sqrt(WSSR/ndf)    : 0.994308
variance of residuals (reduced chisquare) = WSSR/ndf   : 0.988648
p-value of the Chisq distribution (FIT_P)              : 0.422847

Final set of parameters            Asymptotic Standard Error
=======================            ==========================
x5              = 0.0980358        +/- 0.0009343    (0.9531%)
y5              = 0.268468         +/- 0.006239     (2.324%)
a5              = 8.89385          +/- 0.2106       (2.368%)
b5              = -2318.88         +/- 272.7        (11.76%)
c5              = 22077.4          +/- 3640         (16.49%)

correlation matrix of the fit parameters:
                x5     y5     a5     b5     c5     
x5              1.000 
y5              0.930  1.000 
a5              0.196  0.006  1.000 
b5             -0.451 -0.341 -0.893  1.000 
c5              0.443  0.342  0.861 -0.995  1.000 


*******************************************************************************
Mon Oct  6 20:20:26 2025


FIT:    data read from "../Data/D15.48/relvol.Nt10" using 1:2:3:4 xyerrors
        format = x:z:sx:s
        x range restricted to [0.115500 : 0.181500]
        #datapoints = 12
function used for fitting: f4(x)
	f4(x)=y4+a4*(x-x4)+b4*(x-x4)**3+c4*(x-x4)**4
fitted parameters initialized with current variable values

iter      chisq       delta/lim  lambda   x4            y4            a4            b4            c4           
   0 1.4274226124e+05   0.00e+00  4.44e+02    1.500000e-01   1.000000e-01   1.000000e+02  -1.000000e+03   1.000000e+04
   8 7.0005030855e+00   0.00e+00  4.44e+06    1.406294e-01   2.283650e-01   9.350845e+00  -2.567124e+03   2.964820e+04

After 8 iterations the fit converged.
final sum of squares of residuals : 7.0005
rel. change during last iteration : 0

degrees of freedom    (FIT_NDF)                        : 7
rms of residuals      (FIT_STDFIT) = sqrt(WSSR/ndf)    : 1.00004
variance of residuals (reduced chisquare) = WSSR/ndf   : 1.00007
p-value of the Chisq distribution (FIT_P)              : 0.428827

Final set of parameters            Asymptotic Standard Error
=======================            ==========================
x4              = 0.140629         +/- 0.001616     (1.149%)
y4              = 0.228365         +/- 0.01305      (5.716%)
a4              = 9.35084          +/- 0.3026       (3.237%)
b4              = -2567.12         +/- 748.4        (29.15%)
c4              = 29648.2          +/- 1.731e+04    (58.38%)

correlation matrix of the fit parameters:
                x4     y4     a4     b4     c4     
x4              1.000 
y4              0.985  1.000 
a4             -0.416 -0.489  1.000 
b4              0.591  0.655 -0.926  1.000 
c4             -0.715 -0.775  0.830 -0.971  1.000 


*******************************************************************************
Mon Oct  6 20:20:26 2025


FIT:    data read from "../Data/D15.48/relvol.Nt8" using 1:2:3:4 xyerrors
        format = x:z:sx:s
        x range restricted to [0.190000 : 0.243200]
        #datapoints = 14
function used for fitting: f3(x)
	f3(x)=y3+a3*(x-x3)+b3*(x-x3)**3+c3*(x-x3)**4
fitted parameters initialized with current variable values

iter      chisq       delta/lim  lambda   x3            y3            a3            b3            c3           
   0 5.3275546868e+05   0.00e+00  7.43e+02    2.000000e-01   1.000000e-01   1.000000e+02  -1.000000e+03   1.000000e+04
  18 8.9401089154e+00  -1.75e-02  7.43e-06    2.130523e-01   1.865057e-01   1.040456e+01  -6.163303e+03   1.358883e+05

After 18 iterations the fit converged.
final sum of squares of residuals : 8.94011
rel. change during last iteration : -1.74619e-07

degrees of freedom    (FIT_NDF)                        : 9
rms of residuals      (FIT_STDFIT) = sqrt(WSSR/ndf)    : 0.996667
variance of residuals (reduced chisquare) = WSSR/ndf   : 0.993345
p-value of the Chisq distribution (FIT_P)              : 0.442821

Final set of parameters            Asymptotic Standard Error
=======================            ==========================
x3              = 0.213052         +/- 0.001222     (0.5736%)
y3              = 0.186506         +/- 0.01061      (5.691%)
a3              = 10.4046          +/- 0.2665       (2.561%)
b3              = -6163.3          +/- 1239         (20.09%)
c3              = 135888           +/- 3.994e+04    (29.39%)

correlation matrix of the fit parameters:
                x3     y3     a3     b3     c3     
x3              1.000 
y3              0.984  1.000 
a3             -0.333 -0.354  1.000 
b3              0.833  0.848 -0.751  1.000 
c3             -0.911 -0.938  0.536 -0.944  1.000 


*******************************************************************************
Mon Oct  6 20:20:26 2025


FIT:    data read from "../Data/D15.48/relvol.Nt6" using 1:2:3:4 xyerrors
        format = x:z:sx:s
        x range restricted to [0.329800 : 0.404600]
        #datapoints = 22
function used for fitting: f2(x)
	f2(x)=y2+a2*(x-x2)+b2*(x-x2)**3+c2*(x-x2)**4
fitted parameters initialized with current variable values

iter      chisq       delta/lim  lambda   x2            y2            a2            b2            c2           
   0 2.8951062904e+06   0.00e+00  1.87e+03    3.500000e-01   1.000000e-01   1.000000e+02  -1.000000e+03   1.000000e+04
   8 1.6926784044e+01   0.00e+00  1.87e+07    3.660820e-01   2.577035e-01   9.957594e+00  -2.236914e+03   1.156556e+04

After 8 iterations the fit converged.
final sum of squares of residuals : 16.9268
rel. change during last iteration : 0

degrees of freedom    (FIT_NDF)                        : 17
rms of residuals      (FIT_STDFIT) = sqrt(WSSR/ndf)    : 0.997844
variance of residuals (reduced chisquare) = WSSR/ndf   : 0.995693
p-value of the Chisq distribution (FIT_P)              : 0.459337

Final set of parameters            Asymptotic Standard Error
=======================            ==========================
x2              = 0.366082         +/- 0.0008889    (0.2428%)
y2              = 0.257703         +/- 0.007567     (2.936%)
a2              = 9.95759          +/- 0.08271      (0.8306%)
b2              = -2236.91         +/- 100.6        (4.496%)
c2              = 11565.6          +/- 4347         (37.58%)

correlation matrix of the fit parameters:
                x2     y2     a2     b2     c2     
x2              1.000 
y2              0.991  1.000 
a2             -0.126 -0.149  1.000 
b2              0.585  0.602 -0.838  1.000 
c2             -0.964 -0.982  0.190 -0.633  1.000 


*******************************************************************************
Mon Oct  6 20:20:26 2025


FIT:    data read from "../Data/D15.48/relvol.Nt4" using 1:2:3:4 xyerrors
        format = x:z:sx:s
        x range restricted to [0.660000 : 0.712800]
        #datapoints = 12
function used for fitting: f1(x)
	f1(x)=y1+a1*(x-x1)+b1*(x-x1)**3+c1*(x-x1)**4
fitted parameters initialized with current variable values

iter      chisq       delta/lim  lambda   x1            y1            a1            b1            c1           
   0 4.0178716668e+05   0.00e+00  3.89e+03    7.000000e-01   1.000000e-01   1.000000e+02  -1.000000e+03   1.000000e+04
  20 6.8356580147e+00  -1.73e-01  3.89e-06    6.966104e-01   2.667592e-01   1.389380e+01  -1.003649e+04  -1.320062e+05

After 20 iterations the fit converged.
final sum of squares of residuals : 6.83566
rel. change during last iteration : -1.73482e-06

degrees of freedom    (FIT_NDF)                        : 7
rms of residuals      (FIT_STDFIT) = sqrt(WSSR/ndf)    : 0.988192
variance of residuals (reduced chisquare) = WSSR/ndf   : 0.976523
p-value of the Chisq distribution (FIT_P)              : 0.44619

Final set of parameters            Asymptotic Standard Error
=======================            ==========================
x1              = 0.69661          +/- 0.000256     (0.03675%)
y1              = 0.266759         +/- 0.002544     (0.9538%)
a1              = 13.8938          +/- 0.1687       (1.214%)
b1              = -10036.5         +/- 701.7        (6.991%)
c1              = -132006          +/- 1.62e+04     (12.27%)

correlation matrix of the fit parameters:
                x1     y1     a1     b1     c1     
x1              1.000 
y1              0.952  1.000 
a1             -0.122 -0.093  1.000 
b1              0.317  0.314 -0.934  1.000 
c1              0.253  0.252 -0.917  0.994  1.000 


*******************************************************************************
Mon Oct  6 20:21:15 2025


FIT:    data read from "../Data/D15.48/relvol.Nt24" using 1:2:3:4 xyerrors
        format = x:z:sx:s
        x range restricted to [0.00000 : 0.0621000]
        #datapoints = 9
function used for fitting: f10(x)
	f10(x)=y10+a10*(x-x10)+b10*(x-x10)**3+c10*(x-x10)**4
fitted parameters initialized with current variable values

iter      chisq       delta/lim  lambda   x10           y10           a10           b10           c10          
   0 2.0712880399e+05   0.00e+00  1.42e+02    5.000000e-02   1.000000e-01   1.000000e+02  -1.000000e+03   1.000000e+04
   7 4.1282942117e+00  -2.05e-02  1.42e-05    2.395258e-02   2.297877e-01   1.098284e+01  -3.340650e+03   5.750974e+03

After 7 iterations the fit converged.
final sum of squares of residuals : 4.12829
rel. change during last iteration : -2.05128e-07

degrees of freedom    (FIT_NDF)                        : 4
rms of residuals      (FIT_STDFIT) = sqrt(WSSR/ndf)    : 1.01591
variance of residuals (reduced chisquare) = WSSR/ndf   : 1.03207
p-value of the Chisq distribution (FIT_P)              : 0.388921

Final set of parameters            Asymptotic Standard Error
=======================            ==========================
x10             = 0.0239526        +/- 0.002041     (8.52%)
y10             = 0.229788         +/- 0.01908      (8.305%)
a10             = 10.9828          +/- 0.3865       (3.519%)
b10             = -3340.65         +/- 853.6        (25.55%)
c10             = 5750.97          +/- 2.802e+04    (487.3%)

correlation matrix of the fit parameters:
                x10    y10    a10    b10    c10    
x10             1.000 
y10             0.990  1.000 
a10            -0.581 -0.607  1.000 
b10             0.684  0.724 -0.964  1.000 
c10            -0.901 -0.934  0.806 -0.910  1.000 


*******************************************************************************
Mon Oct  6 20:21:15 2025


FIT:    data read from "../Data/D15.48/relvol.Nt20" using 1:2:3:4 xyerrors
        format = x:z:sx:s
        x range restricted to [0.00000 : 0.0464000]
        #datapoints = 16
function used for fitting: f9(x)
	f9(x)=y9+a9*(x-x9)+b9*(x-x9)**3+c9*(x-x9)**4
fitted parameters initialized with current variable values

iter      chisq       delta/lim  lambda   x9            y9            a9            b9            c9           
   0 7.1891219971e+05   0.00e+00  1.66e+02    5.000000e-02   1.000000e-01   1.000000e+02  -1.000000e+03   1.000000e+04
 103 1.0948676014e+01  -4.80e-01  1.66e-05    1.550289e-02   1.480445e-01   1.248997e+01  -1.165502e+04   2.805126e+05

After 103 iterations the fit converged.
final sum of squares of residuals : 10.9487
rel. change during last iteration : -4.799e-06

degrees of freedom    (FIT_NDF)                        : 11
rms of residuals      (FIT_STDFIT) = sqrt(WSSR/ndf)    : 0.997664
variance of residuals (reduced chisquare) = WSSR/ndf   : 0.995334
p-value of the Chisq distribution (FIT_P)              : 0.447573

Final set of parameters            Asymptotic Standard Error
=======================            ==========================
x9              = 0.0155029        +/- 0.00103      (6.644%)
y9              = 0.148045         +/- 0.00902      (6.093%)
a9              = 12.49            +/- 0.5227       (4.185%)
b9              = -11655           +/- 2914         (25%)
c9              = 280513           +/- 8.183e+04    (29.17%)

correlation matrix of the fit parameters:
                x9     y9     a9     b9     c9     
x9              1.000 
y9              0.952  1.000 
a9             -0.519 -0.382  1.000 
b9              0.847  0.793 -0.859  1.000 
c9             -0.887 -0.877  0.753 -0.979  1.000 


*******************************************************************************
Mon Oct  6 20:21:15 2025


FIT:    data read from "../Data/D15.48/relvol.Nt18" using 1:2:3:4 xyerrors
        format = x:z:sx:s
        x range restricted to [0.00870000 : 0.0667000]
        #datapoints = 20
function used for fitting: f8(x)
	f8(x)=y8+a8*(x-x8)+b8*(x-x8)**3+c8*(x-x8)**4
fitted parameters initialized with current variable values

iter      chisq       delta/lim  lambda   x8            y8            a8            b8            c8           
   0 2.2464422363e+05   0.00e+00  1.40e+02    5.000000e-02   1.000000e-01   1.000000e+02  -1.000000e+03   1.000000e+04
   7 1.5557526617e+01  -7.23e-01  1.40e-05    2.656453e-02   2.167611e-01   9.752811e+00  -2.894390e+03   2.006700e+04

After 7 iterations the fit converged.
final sum of squares of residuals : 15.5575
rel. change during last iteration : -7.22736e-06

degrees of freedom    (FIT_NDF)                        : 15
rms of residuals      (FIT_STDFIT) = sqrt(WSSR/ndf)    : 1.01841
variance of residuals (reduced chisquare) = WSSR/ndf   : 1.03717
p-value of the Chisq distribution (FIT_P)              : 0.412052

Final set of parameters            Asymptotic Standard Error
=======================            ==========================
x8              = 0.0265645        +/- 0.00332      (12.5%)
y8              = 0.216761         +/- 0.0278       (12.83%)
a8              = 9.75281          +/- 0.5967       (6.118%)
b8              = -2894.39         +/- 2203         (76.12%)
c8              = 20067            +/- 4.456e+04    (222.1%)

correlation matrix of the fit parameters:
                x8     y8     a8     b8     c8     
x8              1.000 
y8              0.992  1.000 
a8              0.204  0.160  1.000 
b8             -0.478 -0.457 -0.892  1.000 
c8              0.328  0.308  0.886 -0.982  1.000 


*******************************************************************************
Mon Oct  6 20:21:15 2025


FIT:    data read from "../Data/D15.48/relvol.Nt16" using 1:2:3:4 xyerrors
        format = x:z:sx:s
        x range restricted to [0.0172000 : 0.0774000]
        #datapoints = 14
function used for fitting: f7(x)
	f7(x)=y7+a7*(x-x7)+b7*(x-x7)**3+c7*(x-x7)**4
fitted parameters initialized with current variable values

iter      chisq       delta/lim  lambda   x7            y7            a7            b7            c7           
   0 9.2352595032e+04   0.00e+00  1.25e+02    5.000000e-02   1.000000e-01   1.000000e+02  -1.000000e+03   1.000000e+04
  15 9.0841872561e+00  -3.25e-02  1.25e-05    3.547816e-02   2.009064e-01   1.024417e+01  -4.837079e+03   7.270969e+04

After 15 iterations the fit converged.
final sum of squares of residuals : 9.08419
rel. change during last iteration : -3.24589e-07

degrees of freedom    (FIT_NDF)                        : 9
rms of residuals      (FIT_STDFIT) = sqrt(WSSR/ndf)    : 1.00467
variance of residuals (reduced chisquare) = WSSR/ndf   : 1.00935
p-value of the Chisq distribution (FIT_P)              : 0.42954

Final set of parameters            Asymptotic Standard Error
=======================            ==========================
x7              = 0.0354782        +/- 0.001612     (4.545%)
y7              = 0.200906         +/- 0.01272      (6.334%)
a7              = 10.2442          +/- 0.5878       (5.737%)
b7              = -4837.08         +/- 1886         (38.98%)
c7              = 72709.7          +/- 3.894e+04    (53.56%)

correlation matrix of the fit parameters:
                x7     y7     a7     b7     c7     
x7              1.000 
y7              0.968  1.000 
a7              0.340  0.235  1.000 
b7             -0.433 -0.361 -0.937  1.000 
c7              0.408  0.337  0.909 -0.995  1.000 


*******************************************************************************
Mon Oct  6 20:21:15 2025


FIT:    data read from "../Data/D15.48/relvol.Nt14" using 1:2:3:4 xyerrors
        format = x:z:sx:s
        x range restricted to [0.0248000 : 0.111600]
        #datapoints = 7
function used for fitting: f6(x)
	f6(x)=y6+a6*(x-x6)+b6*(x-x6)**3+c6*(x-x6)**4
fitted parameters initialized with current variable values

iter      chisq       delta/lim  lambda   x6            y6            a6            b6            c6           
   0 1.2006087888e+05   0.00e+00  1.03e+02    5.000000e-02   1.000000e-01   1.000000e+02  -1.000000e+03   1.000000e+04
   8 1.9643201996e+00   0.00e+00  1.03e+07    5.676117e-02   1.981084e-01   9.797187e+00  -4.618145e+03   6.512058e+04

After 8 iterations the fit converged.
final sum of squares of residuals : 1.96432
rel. change during last iteration : 0

degrees of freedom    (FIT_NDF)                        : 2
rms of residuals      (FIT_STDFIT) = sqrt(WSSR/ndf)    : 0.99104
variance of residuals (reduced chisquare) = WSSR/ndf   : 0.98216
p-value of the Chisq distribution (FIT_P)              : 0.374501

Final set of parameters            Asymptotic Standard Error
=======================            ==========================
x6              = 0.0567612        +/- 0.0008032    (1.415%)
y6              = 0.198108         +/- 0.005327     (2.689%)
a6              = 9.79719          +/- 0.3588       (3.662%)
b6              = -4618.14         +/- 652.3        (14.12%)
c6              = 65120.6          +/- 1.069e+04    (16.42%)

correlation matrix of the fit parameters:
                x6     y6     a6     b6     c6     
x6              1.000 
y6              0.837  1.000 
a6             -0.328 -0.498  1.000 
b6              0.436  0.535 -0.928  1.000 
c6             -0.437 -0.543  0.887 -0.993  1.000 


*******************************************************************************
Mon Oct  6 20:21:15 2025


FIT:    data read from "../Data/D15.48/relvol.Nt12" using 1:2:3:4 xyerrors
        format = x:z:sx:s
        x range restricted to [0.0672000 : 0.163200]
        #datapoints = 10
function used for fitting: f5(x)
	f5(x)=y5+a5*(x-x5)+b5*(x-x5)**3+c5*(x-x5)**4
fitted parameters initialized with current variable values

iter      chisq       delta/lim  lambda   x5            y5            a5            b5            c5           
   0 3.3147608603e+05   0.00e+00  2.52e+02    1.000000e-01   1.000000e-01   1.000000e+02  -1.000000e+03   1.000000e+04
   7 4.9432387558e+00  -4.94e-01  2.52e-05    9.803575e-02   2.684680e-01   8.893847e+00  -2.318879e+03   2.207736e+04

After 7 iterations the fit converged.
final sum of squares of residuals : 4.94324
rel. change during last iteration : -4.93516e-06

degrees of freedom    (FIT_NDF)                        : 5
rms of residuals      (FIT_STDFIT) = sqrt(WSSR/ndf)    : 0.994308
variance of residuals (reduced chisquare) = WSSR/ndf   : 0.988648
p-value of the Chisq distribution (FIT_P)              : 0.422847

Final set of parameters            Asymptotic Standard Error
=======================            ==========================
x5              = 0.0980358        +/- 0.0009343    (0.9531%)
y5              = 0.268468         +/- 0.006239     (2.324%)
a5              = 8.89385          +/- 0.2106       (2.368%)
b5              = -2318.88         +/- 272.7        (11.76%)
c5              = 22077.4          +/- 3640         (16.49%)

correlation matrix of the fit parameters:
                x5     y5     a5     b5     c5     
x5              1.000 
y5              0.930  1.000 
a5              0.196  0.006  1.000 
b5             -0.451 -0.341 -0.893  1.000 
c5              0.443  0.342  0.861 -0.995  1.000 


*******************************************************************************
Mon Oct  6 20:21:15 2025


FIT:    data read from "../Data/D15.48/relvol.Nt10" using 1:2:3:4 xyerrors
        format = x:z:sx:s
        x range restricted to [0.115500 : 0.181500]
        #datapoints = 12
function used for fitting: f4(x)
	f4(x)=y4+a4*(x-x4)+b4*(x-x4)**3+c4*(x-x4)**4
fitted parameters initialized with current variable values

iter      chisq       delta/lim  lambda   x4            y4            a4            b4            c4           
   0 1.4274226124e+05   0.00e+00  4.44e+02    1.500000e-01   1.000000e-01   1.000000e+02  -1.000000e+03   1.000000e+04
   8 7.0005030855e+00   0.00e+00  4.44e+06    1.406294e-01   2.283650e-01   9.350845e+00  -2.567124e+03   2.964820e+04

After 8 iterations the fit converged.
final sum of squares of residuals : 7.0005
rel. change during last iteration : 0

degrees of freedom    (FIT_NDF)                        : 7
rms of residuals      (FIT_STDFIT) = sqrt(WSSR/ndf)    : 1.00004
variance of residuals (reduced chisquare) = WSSR/ndf   : 1.00007
p-value of the Chisq distribution (FIT_P)              : 0.428827

Final set of parameters            Asymptotic Standard Error
=======================            ==========================
x4              = 0.140629         +/- 0.001616     (1.149%)
y4              = 0.228365         +/- 0.01305      (5.716%)
a4              = 9.35084          +/- 0.3026       (3.237%)
b4              = -2567.12         +/- 748.4        (29.15%)
c4              = 29648.2          +/- 1.731e+04    (58.38%)

correlation matrix of the fit parameters:
                x4     y4     a4     b4     c4     
x4              1.000 
y4              0.985  1.000 
a4             -0.416 -0.489  1.000 
b4              0.591  0.655 -0.926  1.000 
c4             -0.715 -0.775  0.830 -0.971  1.000 


*******************************************************************************
Mon Oct  6 20:21:15 2025


FIT:    data read from "../Data/D15.48/relvol.Nt8" using 1:2:3:4 xyerrors
        format = x:z:sx:s
        x range restricted to [0.190000 : 0.243200]
        #datapoints = 14
function used for fitting: f3(x)
	f3(x)=y3+a3*(x-x3)+b3*(x-x3)**3+c3*(x-x3)**4
fitted parameters initialized with current variable values

iter      chisq       delta/lim  lambda   x3            y3            a3            b3            c3           
   0 5.3275546868e+05   0.00e+00  7.43e+02    2.000000e-01   1.000000e-01   1.000000e+02  -1.000000e+03   1.000000e+04
  18 8.9401089154e+00  -1.75e-02  7.43e-06    2.130523e-01   1.865057e-01   1.040456e+01  -6.163303e+03   1.358883e+05

After 18 iterations the fit converged.
final sum of squares of residuals : 8.94011
rel. change during last iteration : -1.74619e-07

degrees of freedom    (FIT_NDF)                        : 9
rms of residuals      (FIT_STDFIT) = sqrt(WSSR/ndf)    : 0.996667
variance of residuals (reduced chisquare) = WSSR/ndf   : 0.993345
p-value of the Chisq distribution (FIT_P)              : 0.442821

Final set of parameters            Asymptotic Standard Error
=======================            ==========================
x3              = 0.213052         +/- 0.001222     (0.5736%)
y3              = 0.186506         +/- 0.01061      (5.691%)
a3              = 10.4046          +/- 0.2665       (2.561%)
b3              = -6163.3          +/- 1239         (20.09%)
c3              = 135888           +/- 3.994e+04    (29.39%)

correlation matrix of the fit parameters:
                x3     y3     a3     b3     c3     
x3              1.000 
y3              0.984  1.000 
a3             -0.333 -0.354  1.000 
b3              0.833  0.848 -0.751  1.000 
c3             -0.911 -0.938  0.536 -0.944  1.000 


*******************************************************************************
Mon Oct  6 20:21:15 2025


FIT:    data read from "../Data/D15.48/relvol.Nt6" using 1:2:3:4 xyerrors
        format = x:z:sx:s
        x range restricted to [0.329800 : 0.404600]
        #datapoints = 22
function used for fitting: f2(x)
	f2(x)=y2+a2*(x-x2)+b2*(x-x2)**3+c2*(x-x2)**4
fitted parameters initialized with current variable values

iter      chisq       delta/lim  lambda   x2            y2            a2            b2            c2           
   0 2.8951062904e+06   0.00e+00  1.87e+03    3.500000e-01   1.000000e-01   1.000000e+02  -1.000000e+03   1.000000e+04
   8 1.6926784044e+01   0.00e+00  1.87e+07    3.660820e-01   2.577035e-01   9.957594e+00  -2.236914e+03   1.156556e+04

After 8 iterations the fit converged.
final sum of squares of residuals : 16.9268
rel. change during last iteration : 0

degrees of freedom    (FIT_NDF)                        : 17
rms of residuals      (FIT_STDFIT) = sqrt(WSSR/ndf)    : 0.997844
variance of residuals (reduced chisquare) = WSSR/ndf   : 0.995693
p-value of the Chisq distribution (FIT_P)              : 0.459337

Final set of parameters            Asymptotic Standard Error
=======================            ==========================
x2              = 0.366082         +/- 0.0008889    (0.2428%)
y2              = 0.257703         +/- 0.007567     (2.936%)
a2              = 9.95759          +/- 0.08271      (0.8306%)
b2              = -2236.91         +/- 100.6        (4.496%)
c2              = 11565.6          +/- 4347         (37.58%)

correlation matrix of the fit parameters:
                x2     y2     a2     b2     c2     
x2              1.000 
y2              0.991  1.000 
a2             -0.126 -0.149  1.000 
b2              0.585  0.602 -0.838  1.000 
c2             -0.964 -0.982  0.190 -0.633  1.000 


*******************************************************************************
Mon Oct  6 20:21:15 2025


FIT:    data read from "../Data/D15.48/relvol.Nt4" using 1:2:3:4 xyerrors
        format = x:z:sx:s
        x range restricted to [0.660000 : 0.712800]
        #datapoints = 12
function used for fitting: f1(x)
	f1(x)=y1+a1*(x-x1)+b1*(x-x1)**3+c1*(x-x1)**4
fitted parameters initialized with current variable values

iter      chisq       delta/lim  lambda   x1            y1            a1            b1            c1           
   0 4.0178716668e+05   0.00e+00  3.89e+03    7.000000e-01   1.000000e-01   1.000000e+02  -1.000000e+03   1.000000e+04
  20 6.8356580147e+00  -1.73e-01  3.89e-06    6.966104e-01   2.667592e-01   1.389380e+01  -1.003649e+04  -1.320062e+05

After 20 iterations the fit converged.
final sum of squares of residuals : 6.83566
rel. change during last iteration : -1.73482e-06

degrees of freedom    (FIT_NDF)                        : 7
rms of residuals      (FIT_STDFIT) = sqrt(WSSR/ndf)    : 0.988192
variance of residuals (reduced chisquare) = WSSR/ndf   : 0.976523
p-value of the Chisq distribution (FIT_P)              : 0.44619

Final set of parameters            Asymptotic Standard Error
=======================            ==========================
x1              = 0.69661          +/- 0.000256     (0.03675%)
y1              = 0.266759         +/- 0.002544     (0.9538%)
a1              = 13.8938          +/- 0.1687       (1.214%)
b1              = -10036.5         +/- 701.7        (6.991%)
c1              = -132006          +/- 1.62e+04     (12.27%)

correlation matrix of the fit parameters:
                x1     y1     a1     b1     c1     
x1              1.000 
y1              0.952  1.000 
a1             -0.122 -0.093  1.000 
b1              0.317  0.314 -0.934  1.000 
c1              0.253  0.252 -0.917  0.994  1.000 


*******************************************************************************
Mon Oct  6 20:22:45 2025


FIT:    data read from "../Data/D15.48/relvol.Nt24" using 1:2:3:4 xyerrors
        format = x:z:sx:s
        x range restricted to [0.00000 : 0.0621000]
        #datapoints = 9
function used for fitting: f10(x)
	f10(x)=y10+a10*(x-x10)+b10*(x-x10)**3+c10*(x-x10)**4
fitted parameters initialized with current variable values

iter      chisq       delta/lim  lambda   x10           y10           a10           b10           c10          
   0 2.0712880399e+05   0.00e+00  1.42e+02    5.000000e-02   1.000000e-01   1.000000e+02  -1.000000e+03   1.000000e+04
   7 4.1282942117e+00  -2.05e-02  1.42e-05    2.395258e-02   2.297877e-01   1.098284e+01  -3.340650e+03   5.750974e+03

After 7 iterations the fit converged.
final sum of squares of residuals : 4.12829
rel. change during last iteration : -2.05128e-07

degrees of freedom    (FIT_NDF)                        : 4
rms of residuals      (FIT_STDFIT) = sqrt(WSSR/ndf)    : 1.01591
variance of residuals (reduced chisquare) = WSSR/ndf   : 1.03207
p-value of the Chisq distribution (FIT_P)              : 0.388921

Final set of parameters            Asymptotic Standard Error
=======================            ==========================
x10             = 0.0239526        +/- 0.002041     (8.52%)
y10             = 0.229788         +/- 0.01908      (8.305%)
a10             = 10.9828          +/- 0.3865       (3.519%)
b10             = -3340.65         +/- 853.6        (25.55%)
c10             = 5750.97          +/- 2.802e+04    (487.3%)

correlation matrix of the fit parameters:
                x10    y10    a10    b10    c10    
x10             1.000 
y10             0.990  1.000 
a10            -0.581 -0.607  1.000 
b10             0.684  0.724 -0.964  1.000 
c10            -0.901 -0.934  0.806 -0.910  1.000 


*******************************************************************************
Mon Oct  6 20:22:45 2025


FIT:    data read from "../Data/D15.48/relvol.Nt20" using 1:2:3:4 xyerrors
        format = x:z:sx:s
        x range restricted to [0.00000 : 0.0464000]
        #datapoints = 16
function used for fitting: f9(x)
	f9(x)=y9+a9*(x-x9)+b9*(x-x9)**3+c9*(x-x9)**4
fitted parameters initialized with current variable values

iter      chisq       delta/lim  lambda   x9            y9            a9            b9            c9           
   0 7.1891219971e+05   0.00e+00  1.66e+02    5.000000e-02   1.000000e-01   1.000000e+02  -1.000000e+03   1.000000e+04
 103 1.0948676014e+01  -4.80e-01  1.66e-05    1.550289e-02   1.480445e-01   1.248997e+01  -1.165502e+04   2.805126e+05

After 103 iterations the fit converged.
final sum of squares of residuals : 10.9487
rel. change during last iteration : -4.799e-06

degrees of freedom    (FIT_NDF)                        : 11
rms of residuals      (FIT_STDFIT) = sqrt(WSSR/ndf)    : 0.997664
variance of residuals (reduced chisquare) = WSSR/ndf   : 0.995334
p-value of the Chisq distribution (FIT_P)              : 0.447573

Final set of parameters            Asymptotic Standard Error
=======================            ==========================
x9              = 0.0155029        +/- 0.00103      (6.644%)
y9              = 0.148045         +/- 0.00902      (6.093%)
a9              = 12.49            +/- 0.5227       (4.185%)
b9              = -11655           +/- 2914         (25%)
c9              = 280513           +/- 8.183e+04    (29.17%)

correlation matrix of the fit parameters:
                x9     y9     a9     b9     c9     
x9              1.000 
y9              0.952  1.000 
a9             -0.519 -0.382  1.000 
b9              0.847  0.793 -0.859  1.000 
c9             -0.887 -0.877  0.753 -0.979  1.000 


*******************************************************************************
Mon Oct  6 20:22:45 2025


FIT:    data read from "../Data/D15.48/relvol.Nt18" using 1:2:3:4 xyerrors
        format = x:z:sx:s
        x range restricted to [0.00870000 : 0.0667000]
        #datapoints = 20
function used for fitting: f8(x)
	f8(x)=y8+a8*(x-x8)+b8*(x-x8)**3+c8*(x-x8)**4
fitted parameters initialized with current variable values

iter      chisq       delta/lim  lambda   x8            y8            a8            b8            c8           
   0 2.2464422363e+05   0.00e+00  1.40e+02    5.000000e-02   1.000000e-01   1.000000e+02  -1.000000e+03   1.000000e+04
   7 1.5557526617e+01  -7.23e-01  1.40e-05    2.656453e-02   2.167611e-01   9.752811e+00  -2.894390e+03   2.006700e+04

After 7 iterations the fit converged.
final sum of squares of residuals : 15.5575
rel. change during last iteration : -7.22736e-06

degrees of freedom    (FIT_NDF)                        : 15
rms of residuals      (FIT_STDFIT) = sqrt(WSSR/ndf)    : 1.01841
variance of residuals (reduced chisquare) = WSSR/ndf   : 1.03717
p-value of the Chisq distribution (FIT_P)              : 0.412052

Final set of parameters            Asymptotic Standard Error
=======================            ==========================
x8              = 0.0265645        +/- 0.00332      (12.5%)
y8              = 0.216761         +/- 0.0278       (12.83%)
a8              = 9.75281          +/- 0.5967       (6.118%)
b8              = -2894.39         +/- 2203         (76.12%)
c8              = 20067            +/- 4.456e+04    (222.1%)

correlation matrix of the fit parameters:
                x8     y8     a8     b8     c8     
x8              1.000 
y8              0.992  1.000 
a8              0.204  0.160  1.000 
b8             -0.478 -0.457 -0.892  1.000 
c8              0.328  0.308  0.886 -0.982  1.000 


*******************************************************************************
Mon Oct  6 20:22:45 2025


FIT:    data read from "../Data/D15.48/relvol.Nt16" using 1:2:3:4 xyerrors
        format = x:z:sx:s
        x range restricted to [0.0172000 : 0.0774000]
        #datapoints = 14
function used for fitting: f7(x)
	f7(x)=y7+a7*(x-x7)+b7*(x-x7)**3+c7*(x-x7)**4
fitted parameters initialized with current variable values

iter      chisq       delta/lim  lambda   x7            y7            a7            b7            c7           
   0 9.2352595032e+04   0.00e+00  1.25e+02    5.000000e-02   1.000000e-01   1.000000e+02  -1.000000e+03   1.000000e+04
  15 9.0841872561e+00  -3.25e-02  1.25e-05    3.547816e-02   2.009064e-01   1.024417e+01  -4.837079e+03   7.270969e+04

After 15 iterations the fit converged.
final sum of squares of residuals : 9.08419
rel. change during last iteration : -3.24589e-07

degrees of freedom    (FIT_NDF)                        : 9
rms of residuals      (FIT_STDFIT) = sqrt(WSSR/ndf)    : 1.00467
variance of residuals (reduced chisquare) = WSSR/ndf   : 1.00935
p-value of the Chisq distribution (FIT_P)              : 0.42954

Final set of parameters            Asymptotic Standard Error
=======================            ==========================
x7              = 0.0354782        +/- 0.001612     (4.545%)
y7              = 0.200906         +/- 0.01272      (6.334%)
a7              = 10.2442          +/- 0.5878       (5.737%)
b7              = -4837.08         +/- 1886         (38.98%)
c7              = 72709.7          +/- 3.894e+04    (53.56%)

correlation matrix of the fit parameters:
                x7     y7     a7     b7     c7     
x7              1.000 
y7              0.968  1.000 
a7              0.340  0.235  1.000 
b7             -0.433 -0.361 -0.937  1.000 
c7              0.408  0.337  0.909 -0.995  1.000 


*******************************************************************************
Mon Oct  6 20:22:45 2025


FIT:    data read from "../Data/D15.48/relvol.Nt14" using 1:2:3:4 xyerrors
        format = x:z:sx:s
        x range restricted to [0.0248000 : 0.111600]
        #datapoints = 7
function used for fitting: f6(x)
	f6(x)=y6+a6*(x-x6)+b6*(x-x6)**3+c6*(x-x6)**4
fitted parameters initialized with current variable values

iter      chisq       delta/lim  lambda   x6            y6            a6            b6            c6           
   0 1.2006087888e+05   0.00e+00  1.03e+02    5.000000e-02   1.000000e-01   1.000000e+02  -1.000000e+03   1.000000e+04
   8 1.9643201996e+00   0.00e+00  1.03e+07    5.676117e-02   1.981084e-01   9.797187e+00  -4.618145e+03   6.512058e+04

After 8 iterations the fit converged.
final sum of squares of residuals : 1.96432
rel. change during last iteration : 0

degrees of freedom    (FIT_NDF)                        : 2
rms of residuals      (FIT_STDFIT) = sqrt(WSSR/ndf)    : 0.99104
variance of residuals (reduced chisquare) = WSSR/ndf   : 0.98216
p-value of the Chisq distribution (FIT_P)              : 0.374501

Final set of parameters            Asymptotic Standard Error
=======================            ==========================
x6              = 0.0567612        +/- 0.0008032    (1.415%)
y6              = 0.198108         +/- 0.005327     (2.689%)
a6              = 9.79719          +/- 0.3588       (3.662%)
b6              = -4618.14         +/- 652.3        (14.12%)
c6              = 65120.6          +/- 1.069e+04    (16.42%)

correlation matrix of the fit parameters:
                x6     y6     a6     b6     c6     
x6              1.000 
y6              0.837  1.000 
a6             -0.328 -0.498  1.000 
b6              0.436  0.535 -0.928  1.000 
c6             -0.437 -0.543  0.887 -0.993  1.000 


*******************************************************************************
Mon Oct  6 20:22:45 2025


FIT:    data read from "../Data/D15.48/relvol.Nt12" using 1:2:3:4 xyerrors
        format = x:z:sx:s
        x range restricted to [0.0672000 : 0.163200]
        #datapoints = 10
function used for fitting: f5(x)
	f5(x)=y5+a5*(x-x5)+b5*(x-x5)**3+c5*(x-x5)**4
fitted parameters initialized with current variable values

iter      chisq       delta/lim  lambda   x5            y5            a5            b5            c5           
   0 3.3147608603e+05   0.00e+00  2.52e+02    1.000000e-01   1.000000e-01   1.000000e+02  -1.000000e+03   1.000000e+04
   7 4.9432387558e+00  -4.94e-01  2.52e-05    9.803575e-02   2.684680e-01   8.893847e+00  -2.318879e+03   2.207736e+04

After 7 iterations the fit converged.
final sum of squares of residuals : 4.94324
rel. change during last iteration : -4.93516e-06

degrees of freedom    (FIT_NDF)                        : 5
rms of residuals      (FIT_STDFIT) = sqrt(WSSR/ndf)    : 0.994308
variance of residuals (reduced chisquare) = WSSR/ndf   : 0.988648
p-value of the Chisq distribution (FIT_P)              : 0.422847

Final set of parameters            Asymptotic Standard Error
=======================            ==========================
x5              = 0.0980358        +/- 0.0009343    (0.9531%)
y5              = 0.268468         +/- 0.006239     (2.324%)
a5              = 8.89385          +/- 0.2106       (2.368%)
b5              = -2318.88         +/- 272.7        (11.76%)
c5              = 22077.4          +/- 3640         (16.49%)

correlation matrix of the fit parameters:
                x5     y5     a5     b5     c5     
x5              1.000 
y5              0.930  1.000 
a5              0.196  0.006  1.000 
b5             -0.451 -0.341 -0.893  1.000 
c5              0.443  0.342  0.861 -0.995  1.000 


*******************************************************************************
Mon Oct  6 20:22:45 2025


FIT:    data read from "../Data/D15.48/relvol.Nt10" using 1:2:3:4 xyerrors
        format = x:z:sx:s
        x range restricted to [0.115500 : 0.181500]
        #datapoints = 12
function used for fitting: f4(x)
	f4(x)=y4+a4*(x-x4)+b4*(x-x4)**3+c4*(x-x4)**4
fitted parameters initialized with current variable values

iter      chisq       delta/lim  lambda   x4            y4            a4            b4            c4           
   0 1.4274226124e+05   0.00e+00  4.44e+02    1.500000e-01   1.000000e-01   1.000000e+02  -1.000000e+03   1.000000e+04
   8 7.0005030855e+00   0.00e+00  4.44e+06    1.406294e-01   2.283650e-01   9.350845e+00  -2.567124e+03   2.964820e+04

After 8 iterations the fit converged.
final sum of squares of residuals : 7.0005
rel. change during last iteration : 0

degrees of freedom    (FIT_NDF)                        : 7
rms of residuals      (FIT_STDFIT) = sqrt(WSSR/ndf)    : 1.00004
variance of residuals (reduced chisquare) = WSSR/ndf   : 1.00007
p-value of the Chisq distribution (FIT_P)              : 0.428827

Final set of parameters            Asymptotic Standard Error
=======================            ==========================
x4              = 0.140629         +/- 0.001616     (1.149%)
y4              = 0.228365         +/- 0.01305      (5.716%)
a4              = 9.35084          +/- 0.3026       (3.237%)
b4              = -2567.12         +/- 748.4        (29.15%)
c4              = 29648.2          +/- 1.731e+04    (58.38%)

correlation matrix of the fit parameters:
                x4     y4     a4     b4     c4     
x4              1.000 
y4              0.985  1.000 
a4             -0.416 -0.489  1.000 
b4              0.591  0.655 -0.926  1.000 
c4             -0.715 -0.775  0.830 -0.971  1.000 


*******************************************************************************
Mon Oct  6 20:22:45 2025


FIT:    data read from "../Data/D15.48/relvol.Nt8" using 1:2:3:4 xyerrors
        format = x:z:sx:s
        x range restricted to [0.190000 : 0.243200]
        #datapoints = 14
function used for fitting: f3(x)
	f3(x)=y3+a3*(x-x3)+b3*(x-x3)**3+c3*(x-x3)**4
fitted parameters initialized with current variable values

iter      chisq       delta/lim  lambda   x3            y3            a3            b3            c3           
   0 5.3275546868e+05   0.00e+00  7.43e+02    2.000000e-01   1.000000e-01   1.000000e+02  -1.000000e+03   1.000000e+04
  18 8.9401089154e+00  -1.75e-02  7.43e-06    2.130523e-01   1.865057e-01   1.040456e+01  -6.163303e+03   1.358883e+05

After 18 iterations the fit converged.
final sum of squares of residuals : 8.94011
rel. change during last iteration : -1.74619e-07

degrees of freedom    (FIT_NDF)                        : 9
rms of residuals      (FIT_STDFIT) = sqrt(WSSR/ndf)    : 0.996667
variance of residuals (reduced chisquare) = WSSR/ndf   : 0.993345
p-value of the Chisq distribution (FIT_P)              : 0.442821

Final set of parameters            Asymptotic Standard Error
=======================            ==========================
x3              = 0.213052         +/- 0.001222     (0.5736%)
y3              = 0.186506         +/- 0.01061      (5.691%)
a3              = 10.4046          +/- 0.2665       (2.561%)
b3              = -6163.3          +/- 1239         (20.09%)
c3              = 135888           +/- 3.994e+04    (29.39%)

correlation matrix of the fit parameters:
                x3     y3     a3     b3     c3     
x3              1.000 
y3              0.984  1.000 
a3             -0.333 -0.354  1.000 
b3              0.833  0.848 -0.751  1.000 
c3             -0.911 -0.938  0.536 -0.944  1.000 


*******************************************************************************
Mon Oct  6 20:22:45 2025


FIT:    data read from "../Data/D15.48/relvol.Nt6" using 1:2:3:4 xyerrors
        format = x:z:sx:s
        x range restricted to [0.329800 : 0.404600]
        #datapoints = 22
function used for fitting: f2(x)
	f2(x)=y2+a2*(x-x2)+b2*(x-x2)**3+c2*(x-x2)**4
fitted parameters initialized with current variable values

iter      chisq       delta/lim  lambda   x2            y2            a2            b2            c2           
   0 2.8951062904e+06   0.00e+00  1.87e+03    3.500000e-01   1.000000e-01   1.000000e+02  -1.000000e+03   1.000000e+04
   8 1.6926784044e+01   0.00e+00  1.87e+07    3.660820e-01   2.577035e-01   9.957594e+00  -2.236914e+03   1.156556e+04

After 8 iterations the fit converged.
final sum of squares of residuals : 16.9268
rel. change during last iteration : 0

degrees of freedom    (FIT_NDF)                        : 17
rms of residuals      (FIT_STDFIT) = sqrt(WSSR/ndf)    : 0.997844
variance of residuals (reduced chisquare) = WSSR/ndf   : 0.995693
p-value of the Chisq distribution (FIT_P)              : 0.459337

Final set of parameters            Asymptotic Standard Error
=======================            ==========================
x2              = 0.366082         +/- 0.0008889    (0.2428%)
y2              = 0.257703         +/- 0.007567     (2.936%)
a2              = 9.95759          +/- 0.08271      (0.8306%)
b2              = -2236.91         +/- 100.6        (4.496%)
c2              = 11565.6          +/- 4347         (37.58%)

correlation matrix of the fit parameters:
                x2     y2     a2     b2     c2     
x2              1.000 
y2              0.991  1.000 
a2             -0.126 -0.149  1.000 
b2              0.585  0.602 -0.838  1.000 
c2             -0.964 -0.982  0.190 -0.633  1.000 


*******************************************************************************
Mon Oct  6 20:22:45 2025


FIT:    data read from "../Data/D15.48/relvol.Nt4" using 1:2:3:4 xyerrors
        format = x:z:sx:s
        x range restricted to [0.660000 : 0.712800]
        #datapoints = 12
function used for fitting: f1(x)
	f1(x)=y1+a1*(x-x1)+b1*(x-x1)**3+c1*(x-x1)**4
fitted parameters initialized with current variable values

iter      chisq       delta/lim  lambda   x1            y1            a1            b1            c1           
   0 4.0178716668e+05   0.00e+00  3.89e+03    7.000000e-01   1.000000e-01   1.000000e+02  -1.000000e+03   1.000000e+04
  20 6.8356580147e+00  -1.73e-01  3.89e-06    6.966104e-01   2.667592e-01   1.389380e+01  -1.003649e+04  -1.320062e+05

After 20 iterations the fit converged.
final sum of squares of residuals : 6.83566
rel. change during last iteration : -1.73482e-06

degrees of freedom    (FIT_NDF)                        : 7
rms of residuals      (FIT_STDFIT) = sqrt(WSSR/ndf)    : 0.988192
variance of residuals (reduced chisquare) = WSSR/ndf   : 0.976523
p-value of the Chisq distribution (FIT_P)              : 0.44619

Final set of parameters            Asymptotic Standard Error
=======================            ==========================
x1              = 0.69661          +/- 0.000256     (0.03675%)
y1              = 0.266759         +/- 0.002544     (0.9538%)
a1              = 13.8938          +/- 0.1687       (1.214%)
b1              = -10036.5         +/- 701.7        (6.991%)
c1              = -132006          +/- 1.62e+04     (12.27%)

correlation matrix of the fit parameters:
                x1     y1     a1     b1     c1     
x1              1.000 
y1              0.952  1.000 
a1             -0.122 -0.093  1.000 
b1              0.317  0.314 -0.934  1.000 
c1              0.253  0.252 -0.917  0.994  1.000 


*******************************************************************************
Mon Oct  6 20:23:42 2025


FIT:    data read from "../Data/D15.48/relvol.Nt24" using 1:2:3:4 xyerrors
        format = x:z:sx:s
        x range restricted to [0.00000 : 0.0621000]
        #datapoints = 9
function used for fitting: f10(x)
	f10(x)=y10+a10*(x-x10)+b10*(x-x10)**3+c10*(x-x10)**4
fitted parameters initialized with current variable values

iter      chisq       delta/lim  lambda   x10           y10           a10           b10           c10          
   0 2.0712880399e+05   0.00e+00  1.42e+02    5.000000e-02   1.000000e-01   1.000000e+02  -1.000000e+03   1.000000e+04
   7 4.1282942117e+00  -2.05e-02  1.42e-05    2.395258e-02   2.297877e-01   1.098284e+01  -3.340650e+03   5.750974e+03

After 7 iterations the fit converged.
final sum of squares of residuals : 4.12829
rel. change during last iteration : -2.05128e-07

degrees of freedom    (FIT_NDF)                        : 4
rms of residuals      (FIT_STDFIT) = sqrt(WSSR/ndf)    : 1.01591
variance of residuals (reduced chisquare) = WSSR/ndf   : 1.03207
p-value of the Chisq distribution (FIT_P)              : 0.388921

Final set of parameters            Asymptotic Standard Error
=======================            ==========================
x10             = 0.0239526        +/- 0.002041     (8.52%)
y10             = 0.229788         +/- 0.01908      (8.305%)
a10             = 10.9828          +/- 0.3865       (3.519%)
b10             = -3340.65         +/- 853.6        (25.55%)
c10             = 5750.97          +/- 2.802e+04    (487.3%)

correlation matrix of the fit parameters:
                x10    y10    a10    b10    c10    
x10             1.000 
y10             0.990  1.000 
a10            -0.581 -0.607  1.000 
b10             0.684  0.724 -0.964  1.000 
c10            -0.901 -0.934  0.806 -0.910  1.000 


*******************************************************************************
Mon Oct  6 20:23:42 2025


FIT:    data read from "../Data/D15.48/relvol.Nt20" using 1:2:3:4 xyerrors
        format = x:z:sx:s
        x range restricted to [0.00000 : 0.0464000]
        #datapoints = 16
function used for fitting: f9(x)
	f9(x)=y9+a9*(x-x9)+b9*(x-x9)**3+c9*(x-x9)**4
fitted parameters initialized with current variable values

iter      chisq       delta/lim  lambda   x9            y9            a9            b9            c9           
   0 7.1891219971e+05   0.00e+00  1.66e+02    5.000000e-02   1.000000e-01   1.000000e+02  -1.000000e+03   1.000000e+04
 103 1.0948676014e+01  -4.80e-01  1.66e-05    1.550289e-02   1.480445e-01   1.248997e+01  -1.165502e+04   2.805126e+05

After 103 iterations the fit converged.
final sum of squares of residuals : 10.9487
rel. change during last iteration : -4.799e-06

degrees of freedom    (FIT_NDF)                        : 11
rms of residuals      (FIT_STDFIT) = sqrt(WSSR/ndf)    : 0.997664
variance of residuals (reduced chisquare) = WSSR/ndf   : 0.995334
p-value of the Chisq distribution (FIT_P)              : 0.447573

Final set of parameters            Asymptotic Standard Error
=======================            ==========================
x9              = 0.0155029        +/- 0.00103      (6.644%)
y9              = 0.148045         +/- 0.00902      (6.093%)
a9              = 12.49            +/- 0.5227       (4.185%)
b9              = -11655           +/- 2914         (25%)
c9              = 280513           +/- 8.183e+04    (29.17%)

correlation matrix of the fit parameters:
                x9     y9     a9     b9     c9     
x9              1.000 
y9              0.952  1.000 
a9             -0.519 -0.382  1.000 
b9              0.847  0.793 -0.859  1.000 
c9             -0.887 -0.877  0.753 -0.979  1.000 


*******************************************************************************
Mon Oct  6 20:23:42 2025


FIT:    data read from "../Data/D15.48/relvol.Nt18" using 1:2:3:4 xyerrors
        format = x:z:sx:s
        x range restricted to [0.00870000 : 0.0667000]
        #datapoints = 20
function used for fitting: f8(x)
	f8(x)=y8+a8*(x-x8)+b8*(x-x8)**3+c8*(x-x8)**4
fitted parameters initialized with current variable values

iter      chisq       delta/lim  lambda   x8            y8            a8            b8            c8           
   0 2.2464422363e+05   0.00e+00  1.40e+02    5.000000e-02   1.000000e-01   1.000000e+02  -1.000000e+03   1.000000e+04
   7 1.5557526617e+01  -7.23e-01  1.40e-05    2.656453e-02   2.167611e-01   9.752811e+00  -2.894390e+03   2.006700e+04

After 7 iterations the fit converged.
final sum of squares of residuals : 15.5575
rel. change during last iteration : -7.22736e-06

degrees of freedom    (FIT_NDF)                        : 15
rms of residuals      (FIT_STDFIT) = sqrt(WSSR/ndf)    : 1.01841
variance of residuals (reduced chisquare) = WSSR/ndf   : 1.03717
p-value of the Chisq distribution (FIT_P)              : 0.412052

Final set of parameters            Asymptotic Standard Error
=======================            ==========================
x8              = 0.0265645        +/- 0.00332      (12.5%)
y8              = 0.216761         +/- 0.0278       (12.83%)
a8              = 9.75281          +/- 0.5967       (6.118%)
b8              = -2894.39         +/- 2203         (76.12%)
c8              = 20067            +/- 4.456e+04    (222.1%)

correlation matrix of the fit parameters:
                x8     y8     a8     b8     c8     
x8              1.000 
y8              0.992  1.000 
a8              0.204  0.160  1.000 
b8             -0.478 -0.457 -0.892  1.000 
c8              0.328  0.308  0.886 -0.982  1.000 


*******************************************************************************
Mon Oct  6 20:23:42 2025


FIT:    data read from "../Data/D15.48/relvol.Nt16" using 1:2:3:4 xyerrors
        format = x:z:sx:s
        x range restricted to [0.0172000 : 0.0774000]
        #datapoints = 14
function used for fitting: f7(x)
	f7(x)=y7+a7*(x-x7)+b7*(x-x7)**3+c7*(x-x7)**4
fitted parameters initialized with current variable values

iter      chisq       delta/lim  lambda   x7            y7            a7            b7            c7           
   0 9.2352595032e+04   0.00e+00  1.25e+02    5.000000e-02   1.000000e-01   1.000000e+02  -1.000000e+03   1.000000e+04
  15 9.0841872561e+00  -3.25e-02  1.25e-05    3.547816e-02   2.009064e-01   1.024417e+01  -4.837079e+03   7.270969e+04

After 15 iterations the fit converged.
final sum of squares of residuals : 9.08419
rel. change during last iteration : -3.24589e-07

degrees of freedom    (FIT_NDF)                        : 9
rms of residuals      (FIT_STDFIT) = sqrt(WSSR/ndf)    : 1.00467
variance of residuals (reduced chisquare) = WSSR/ndf   : 1.00935
p-value of the Chisq distribution (FIT_P)              : 0.42954

Final set of parameters            Asymptotic Standard Error
=======================            ==========================
x7              = 0.0354782        +/- 0.001612     (4.545%)
y7              = 0.200906         +/- 0.01272      (6.334%)
a7              = 10.2442          +/- 0.5878       (5.737%)
b7              = -4837.08         +/- 1886         (38.98%)
c7              = 72709.7          +/- 3.894e+04    (53.56%)

correlation matrix of the fit parameters:
                x7     y7     a7     b7     c7     
x7              1.000 
y7              0.968  1.000 
a7              0.340  0.235  1.000 
b7             -0.433 -0.361 -0.937  1.000 
c7              0.408  0.337  0.909 -0.995  1.000 


*******************************************************************************
Mon Oct  6 20:23:42 2025


FIT:    data read from "../Data/D15.48/relvol.Nt14" using 1:2:3:4 xyerrors
        format = x:z:sx:s
        x range restricted to [0.0248000 : 0.111600]
        #datapoints = 7
function used for fitting: f6(x)
	f6(x)=y6+a6*(x-x6)+b6*(x-x6)**3+c6*(x-x6)**4
fitted parameters initialized with current variable values

iter      chisq       delta/lim  lambda   x6            y6            a6            b6            c6           
   0 1.2006087888e+05   0.00e+00  1.03e+02    5.000000e-02   1.000000e-01   1.000000e+02  -1.000000e+03   1.000000e+04
   8 1.9643201996e+00   0.00e+00  1.03e+07    5.676117e-02   1.981084e-01   9.797187e+00  -4.618145e+03   6.512058e+04

After 8 iterations the fit converged.
final sum of squares of residuals : 1.96432
rel. change during last iteration : 0

degrees of freedom    (FIT_NDF)                        : 2
rms of residuals      (FIT_STDFIT) = sqrt(WSSR/ndf)    : 0.99104
variance of residuals (reduced chisquare) = WSSR/ndf   : 0.98216
p-value of the Chisq distribution (FIT_P)              : 0.374501

Final set of parameters            Asymptotic Standard Error
=======================            ==========================
x6              = 0.0567612        +/- 0.0008032    (1.415%)
y6              = 0.198108         +/- 0.005327     (2.689%)
a6              = 9.79719          +/- 0.3588       (3.662%)
b6              = -4618.14         +/- 652.3        (14.12%)
c6              = 65120.6          +/- 1.069e+04    (16.42%)

correlation matrix of the fit parameters:
                x6     y6     a6     b6     c6     
x6              1.000 
y6              0.837  1.000 
a6             -0.328 -0.498  1.000 
b6              0.436  0.535 -0.928  1.000 
c6             -0.437 -0.543  0.887 -0.993  1.000 


*******************************************************************************
Mon Oct  6 20:23:42 2025


FIT:    data read from "../Data/D15.48/relvol.Nt12" using 1:2:3:4 xyerrors
        format = x:z:sx:s
        x range restricted to [0.0672000 : 0.163200]
        #datapoints = 10
function used for fitting: f5(x)
	f5(x)=y5+a5*(x-x5)+b5*(x-x5)**3+c5*(x-x5)**4
fitted parameters initialized with current variable values

iter      chisq       delta/lim  lambda   x5            y5            a5            b5            c5           
   0 3.3147608603e+05   0.00e+00  2.52e+02    1.000000e-01   1.000000e-01   1.000000e+02  -1.000000e+03   1.000000e+04
   7 4.9432387558e+00  -4.94e-01  2.52e-05    9.803575e-02   2.684680e-01   8.893847e+00  -2.318879e+03   2.207736e+04

After 7 iterations the fit converged.
final sum of squares of residuals : 4.94324
rel. change during last iteration : -4.93516e-06

degrees of freedom    (FIT_NDF)                        : 5
rms of residuals      (FIT_STDFIT) = sqrt(WSSR/ndf)    : 0.994308
variance of residuals (reduced chisquare) = WSSR/ndf   : 0.988648
p-value of the Chisq distribution (FIT_P)              : 0.422847

Final set of parameters            Asymptotic Standard Error
=======================            ==========================
x5              = 0.0980358        +/- 0.0009343    (0.9531%)
y5              = 0.268468         +/- 0.006239     (2.324%)
a5              = 8.89385          +/- 0.2106       (2.368%)
b5              = -2318.88         +/- 272.7        (11.76%)
c5              = 22077.4          +/- 3640         (16.49%)

correlation matrix of the fit parameters:
                x5     y5     a5     b5     c5     
x5              1.000 
y5              0.930  1.000 
a5              0.196  0.006  1.000 
b5             -0.451 -0.341 -0.893  1.000 
c5              0.443  0.342  0.861 -0.995  1.000 


*******************************************************************************
Mon Oct  6 20:23:42 2025


FIT:    data read from "../Data/D15.48/relvol.Nt10" using 1:2:3:4 xyerrors
        format = x:z:sx:s
        x range restricted to [0.115500 : 0.181500]
        #datapoints = 12
function used for fitting: f4(x)
	f4(x)=y4+a4*(x-x4)+b4*(x-x4)**3+c4*(x-x4)**4
fitted parameters initialized with current variable values

iter      chisq       delta/lim  lambda   x4            y4            a4            b4            c4           
   0 1.4274226124e+05   0.00e+00  4.44e+02    1.500000e-01   1.000000e-01   1.000000e+02  -1.000000e+03   1.000000e+04
   8 7.0005030855e+00   0.00e+00  4.44e+06    1.406294e-01   2.283650e-01   9.350845e+00  -2.567124e+03   2.964820e+04

After 8 iterations the fit converged.
final sum of squares of residuals : 7.0005
rel. change during last iteration : 0

degrees of freedom    (FIT_NDF)                        : 7
rms of residuals      (FIT_STDFIT) = sqrt(WSSR/ndf)    : 1.00004
variance of residuals (reduced chisquare) = WSSR/ndf   : 1.00007
p-value of the Chisq distribution (FIT_P)              : 0.428827

Final set of parameters            Asymptotic Standard Error
=======================            ==========================
x4              = 0.140629         +/- 0.001616     (1.149%)
y4              = 0.228365         +/- 0.01305      (5.716%)
a4              = 9.35084          +/- 0.3026       (3.237%)
b4              = -2567.12         +/- 748.4        (29.15%)
c4              = 29648.2          +/- 1.731e+04    (58.38%)

correlation matrix of the fit parameters:
                x4     y4     a4     b4     c4     
x4              1.000 
y4              0.985  1.000 
a4             -0.416 -0.489  1.000 
b4              0.591  0.655 -0.926  1.000 
c4             -0.715 -0.775  0.830 -0.971  1.000 


*******************************************************************************
Mon Oct  6 20:23:42 2025


FIT:    data read from "../Data/D15.48/relvol.Nt8" using 1:2:3:4 xyerrors
        format = x:z:sx:s
        x range restricted to [0.190000 : 0.243200]
        #datapoints = 14
function used for fitting: f3(x)
	f3(x)=y3+a3*(x-x3)+b3*(x-x3)**3+c3*(x-x3)**4
fitted parameters initialized with current variable values

iter      chisq       delta/lim  lambda   x3            y3            a3            b3            c3           
   0 5.3275546868e+05   0.00e+00  7.43e+02    2.000000e-01   1.000000e-01   1.000000e+02  -1.000000e+03   1.000000e+04
  18 8.9401089154e+00  -1.75e-02  7.43e-06    2.130523e-01   1.865057e-01   1.040456e+01  -6.163303e+03   1.358883e+05

After 18 iterations the fit converged.
final sum of squares of residuals : 8.94011
rel. change during last iteration : -1.74619e-07

degrees of freedom    (FIT_NDF)                        : 9
rms of residuals      (FIT_STDFIT) = sqrt(WSSR/ndf)    : 0.996667
variance of residuals (reduced chisquare) = WSSR/ndf   : 0.993345
p-value of the Chisq distribution (FIT_P)              : 0.442821

Final set of parameters            Asymptotic Standard Error
=======================            ==========================
x3              = 0.213052         +/- 0.001222     (0.5736%)
y3              = 0.186506         +/- 0.01061      (5.691%)
a3              = 10.4046          +/- 0.2665       (2.561%)
b3              = -6163.3          +/- 1239         (20.09%)
c3              = 135888           +/- 3.994e+04    (29.39%)

correlation matrix of the fit parameters:
                x3     y3     a3     b3     c3     
x3              1.000 
y3              0.984  1.000 
a3             -0.333 -0.354  1.000 
b3              0.833  0.848 -0.751  1.000 
c3             -0.911 -0.938  0.536 -0.944  1.000 


*******************************************************************************
Mon Oct  6 20:23:42 2025


FIT:    data read from "../Data/D15.48/relvol.Nt6" using 1:2:3:4 xyerrors
        format = x:z:sx:s
        x range restricted to [0.329800 : 0.404600]
        #datapoints = 22
function used for fitting: f2(x)
	f2(x)=y2+a2*(x-x2)+b2*(x-x2)**3+c2*(x-x2)**4
fitted parameters initialized with current variable values

iter      chisq       delta/lim  lambda   x2            y2            a2            b2            c2           
   0 2.8951062904e+06   0.00e+00  1.87e+03    3.500000e-01   1.000000e-01   1.000000e+02  -1.000000e+03   1.000000e+04
   8 1.6926784044e+01   0.00e+00  1.87e+07    3.660820e-01   2.577035e-01   9.957594e+00  -2.236914e+03   1.156556e+04

After 8 iterations the fit converged.
final sum of squares of residuals : 16.9268
rel. change during last iteration : 0

degrees of freedom    (FIT_NDF)                        : 17
rms of residuals      (FIT_STDFIT) = sqrt(WSSR/ndf)    : 0.997844
variance of residuals (reduced chisquare) = WSSR/ndf   : 0.995693
p-value of the Chisq distribution (FIT_P)              : 0.459337

Final set of parameters            Asymptotic Standard Error
=======================            ==========================
x2              = 0.366082         +/- 0.0008889    (0.2428%)
y2              = 0.257703         +/- 0.007567     (2.936%)
a2              = 9.95759          +/- 0.08271      (0.8306%)
b2              = -2236.91         +/- 100.6        (4.496%)
c2              = 11565.6          +/- 4347         (37.58%)

correlation matrix of the fit parameters:
                x2     y2     a2     b2     c2     
x2              1.000 
y2              0.991  1.000 
a2             -0.126 -0.149  1.000 
b2              0.585  0.602 -0.838  1.000 
c2             -0.964 -0.982  0.190 -0.633  1.000 


*******************************************************************************
Mon Oct  6 20:23:42 2025


FIT:    data read from "../Data/D15.48/relvol.Nt4" using 1:2:3:4 xyerrors
        format = x:z:sx:s
        x range restricted to [0.660000 : 0.712800]
        #datapoints = 12
function used for fitting: f1(x)
	f1(x)=y1+a1*(x-x1)+b1*(x-x1)**3+c1*(x-x1)**4
fitted parameters initialized with current variable values

iter      chisq       delta/lim  lambda   x1            y1            a1            b1            c1           
   0 4.0178716668e+05   0.00e+00  3.89e+03    7.000000e-01   1.000000e-01   1.000000e+02  -1.000000e+03   1.000000e+04
  20 6.8356580147e+00  -1.73e-01  3.89e-06    6.966104e-01   2.667592e-01   1.389380e+01  -1.003649e+04  -1.320062e+05

After 20 iterations the fit converged.
final sum of squares of residuals : 6.83566
rel. change during last iteration : -1.73482e-06

degrees of freedom    (FIT_NDF)                        : 7
rms of residuals      (FIT_STDFIT) = sqrt(WSSR/ndf)    : 0.988192
variance of residuals (reduced chisquare) = WSSR/ndf   : 0.976523
p-value of the Chisq distribution (FIT_P)              : 0.44619

Final set of parameters            Asymptotic Standard Error
=======================            ==========================
x1              = 0.69661          +/- 0.000256     (0.03675%)
y1              = 0.266759         +/- 0.002544     (0.9538%)
a1              = 13.8938          +/- 0.1687       (1.214%)
b1              = -10036.5         +/- 701.7        (6.991%)
c1              = -132006          +/- 1.62e+04     (12.27%)

correlation matrix of the fit parameters:
                x1     y1     a1     b1     c1     
x1              1.000 
y1              0.952  1.000 
a1             -0.122 -0.093  1.000 
b1              0.317  0.314 -0.934  1.000 
c1              0.253  0.252 -0.917  0.994  1.000 


*******************************************************************************
Mon Oct  6 20:26:58 2025


FIT:    data read from "../Data/D15.48/relvol.Nt24" using 1:2:3:4 xyerrors
        format = x:z:sx:s
        x range restricted to [0.00000 : 0.0621000]
        #datapoints = 9
function used for fitting: f10(x)
	f10(x)=y10+a10*(x-x10)+b10*(x-x10)**3+c10*(x-x10)**4
fitted parameters initialized with current variable values

iter      chisq       delta/lim  lambda   x10           y10           a10           b10           c10          
   0 2.0712880399e+05   0.00e+00  1.42e+02    5.000000e-02   1.000000e-01   1.000000e+02  -1.000000e+03   1.000000e+04
   7 4.1282942117e+00  -2.05e-02  1.42e-05    2.395258e-02   2.297877e-01   1.098284e+01  -3.340650e+03   5.750974e+03

After 7 iterations the fit converged.
final sum of squares of residuals : 4.12829
rel. change during last iteration : -2.05128e-07

degrees of freedom    (FIT_NDF)                        : 4
rms of residuals      (FIT_STDFIT) = sqrt(WSSR/ndf)    : 1.01591
variance of residuals (reduced chisquare) = WSSR/ndf   : 1.03207
p-value of the Chisq distribution (FIT_P)              : 0.388921

Final set of parameters            Asymptotic Standard Error
=======================            ==========================
x10             = 0.0239526        +/- 0.002041     (8.52%)
y10             = 0.229788         +/- 0.01908      (8.305%)
a10             = 10.9828          +/- 0.3865       (3.519%)
b10             = -3340.65         +/- 853.6        (25.55%)
c10             = 5750.97          +/- 2.802e+04    (487.3%)

correlation matrix of the fit parameters:
                x10    y10    a10    b10    c10    
x10             1.000 
y10             0.990  1.000 
a10            -0.581 -0.607  1.000 
b10             0.684  0.724 -0.964  1.000 
c10            -0.901 -0.934  0.806 -0.910  1.000 


*******************************************************************************
Mon Oct  6 20:26:58 2025


FIT:    data read from "../Data/D15.48/relvol.Nt20" using 1:2:3:4 xyerrors
        format = x:z:sx:s
        x range restricted to [0.00000 : 0.0464000]
        #datapoints = 16
function used for fitting: f9(x)
	f9(x)=y9+a9*(x-x9)+b9*(x-x9)**3+c9*(x-x9)**4
fitted parameters initialized with current variable values

iter      chisq       delta/lim  lambda   x9            y9            a9            b9            c9           
   0 7.1891219971e+05   0.00e+00  1.66e+02    5.000000e-02   1.000000e-01   1.000000e+02  -1.000000e+03   1.000000e+04
 103 1.0948676014e+01  -4.80e-01  1.66e-05    1.550289e-02   1.480445e-01   1.248997e+01  -1.165502e+04   2.805126e+05

After 103 iterations the fit converged.
final sum of squares of residuals : 10.9487
rel. change during last iteration : -4.799e-06

degrees of freedom    (FIT_NDF)                        : 11
rms of residuals      (FIT_STDFIT) = sqrt(WSSR/ndf)    : 0.997664
variance of residuals (reduced chisquare) = WSSR/ndf   : 0.995334
p-value of the Chisq distribution (FIT_P)              : 0.447573

Final set of parameters            Asymptotic Standard Error
=======================            ==========================
x9              = 0.0155029        +/- 0.00103      (6.644%)
y9              = 0.148045         +/- 0.00902      (6.093%)
a9              = 12.49            +/- 0.5227       (4.185%)
b9              = -11655           +/- 2914         (25%)
c9              = 280513           +/- 8.183e+04    (29.17%)

correlation matrix of the fit parameters:
                x9     y9     a9     b9     c9     
x9              1.000 
y9              0.952  1.000 
a9             -0.519 -0.382  1.000 
b9              0.847  0.793 -0.859  1.000 
c9             -0.887 -0.877  0.753 -0.979  1.000 


*******************************************************************************
Mon Oct  6 20:26:58 2025


FIT:    data read from "../Data/D15.48/relvol.Nt18" using 1:2:3:4 xyerrors
        format = x:z:sx:s
        x range restricted to [0.00870000 : 0.0667000]
        #datapoints = 20
function used for fitting: f8(x)
	f8(x)=y8+a8*(x-x8)+b8*(x-x8)**3+c8*(x-x8)**4
fitted parameters initialized with current variable values

iter      chisq       delta/lim  lambda   x8            y8            a8            b8            c8           
   0 2.2464422363e+05   0.00e+00  1.40e+02    5.000000e-02   1.000000e-01   1.000000e+02  -1.000000e+03   1.000000e+04
   7 1.5557526617e+01  -7.23e-01  1.40e-05    2.656453e-02   2.167611e-01   9.752811e+00  -2.894390e+03   2.006700e+04

After 7 iterations the fit converged.
final sum of squares of residuals : 15.5575
rel. change during last iteration : -7.22736e-06

degrees of freedom    (FIT_NDF)                        : 15
rms of residuals      (FIT_STDFIT) = sqrt(WSSR/ndf)    : 1.01841
variance of residuals (reduced chisquare) = WSSR/ndf   : 1.03717
p-value of the Chisq distribution (FIT_P)              : 0.412052

Final set of parameters            Asymptotic Standard Error
=======================            ==========================
x8              = 0.0265645        +/- 0.00332      (12.5%)
y8              = 0.216761         +/- 0.0278       (12.83%)
a8              = 9.75281          +/- 0.5967       (6.118%)
b8              = -2894.39         +/- 2203         (76.12%)
c8              = 20067            +/- 4.456e+04    (222.1%)

correlation matrix of the fit parameters:
                x8     y8     a8     b8     c8     
x8              1.000 
y8              0.992  1.000 
a8              0.204  0.160  1.000 
b8             -0.478 -0.457 -0.892  1.000 
c8              0.328  0.308  0.886 -0.982  1.000 


*******************************************************************************
Mon Oct  6 20:26:58 2025


FIT:    data read from "../Data/D15.48/relvol.Nt16" using 1:2:3:4 xyerrors
        format = x:z:sx:s
        x range restricted to [0.0172000 : 0.0774000]
        #datapoints = 14
function used for fitting: f7(x)
	f7(x)=y7+a7*(x-x7)+b7*(x-x7)**3+c7*(x-x7)**4
fitted parameters initialized with current variable values

iter      chisq       delta/lim  lambda   x7            y7            a7            b7            c7           
   0 9.2352595032e+04   0.00e+00  1.25e+02    5.000000e-02   1.000000e-01   1.000000e+02  -1.000000e+03   1.000000e+04
  15 9.0841872561e+00  -3.25e-02  1.25e-05    3.547816e-02   2.009064e-01   1.024417e+01  -4.837079e+03   7.270969e+04

After 15 iterations the fit converged.
final sum of squares of residuals : 9.08419
rel. change during last iteration : -3.24589e-07

degrees of freedom    (FIT_NDF)                        : 9
rms of residuals      (FIT_STDFIT) = sqrt(WSSR/ndf)    : 1.00467
variance of residuals (reduced chisquare) = WSSR/ndf   : 1.00935
p-value of the Chisq distribution (FIT_P)              : 0.42954

Final set of parameters            Asymptotic Standard Error
=======================            ==========================
x7              = 0.0354782        +/- 0.001612     (4.545%)
y7              = 0.200906         +/- 0.01272      (6.334%)
a7              = 10.2442          +/- 0.5878       (5.737%)
b7              = -4837.08         +/- 1886         (38.98%)
c7              = 72709.7          +/- 3.894e+04    (53.56%)

correlation matrix of the fit parameters:
                x7     y7     a7     b7     c7     
x7              1.000 
y7              0.968  1.000 
a7              0.340  0.235  1.000 
b7             -0.433 -0.361 -0.937  1.000 
c7              0.408  0.337  0.909 -0.995  1.000 


*******************************************************************************
Mon Oct  6 20:26:58 2025


FIT:    data read from "../Data/D15.48/relvol.Nt14" using 1:2:3:4 xyerrors
        format = x:z:sx:s
        x range restricted to [0.0248000 : 0.111600]
        #datapoints = 7
function used for fitting: f6(x)
	f6(x)=y6+a6*(x-x6)+b6*(x-x6)**3+c6*(x-x6)**4
fitted parameters initialized with current variable values

iter      chisq       delta/lim  lambda   x6            y6            a6            b6            c6           
   0 1.2006087888e+05   0.00e+00  1.03e+02    5.000000e-02   1.000000e-01   1.000000e+02  -1.000000e+03   1.000000e+04
   8 1.9643201996e+00   0.00e+00  1.03e+07    5.676117e-02   1.981084e-01   9.797187e+00  -4.618145e+03   6.512058e+04

After 8 iterations the fit converged.
final sum of squares of residuals : 1.96432
rel. change during last iteration : 0

degrees of freedom    (FIT_NDF)                        : 2
rms of residuals      (FIT_STDFIT) = sqrt(WSSR/ndf)    : 0.99104
variance of residuals (reduced chisquare) = WSSR/ndf   : 0.98216
p-value of the Chisq distribution (FIT_P)              : 0.374501

Final set of parameters            Asymptotic Standard Error
=======================            ==========================
x6              = 0.0567612        +/- 0.0008032    (1.415%)
y6              = 0.198108         +/- 0.005327     (2.689%)
a6              = 9.79719          +/- 0.3588       (3.662%)
b6              = -4618.14         +/- 652.3        (14.12%)
c6              = 65120.6          +/- 1.069e+04    (16.42%)

correlation matrix of the fit parameters:
                x6     y6     a6     b6     c6     
x6              1.000 
y6              0.837  1.000 
a6             -0.328 -0.498  1.000 
b6              0.436  0.535 -0.928  1.000 
c6             -0.437 -0.543  0.887 -0.993  1.000 


*******************************************************************************
Mon Oct  6 20:26:58 2025


FIT:    data read from "../Data/D15.48/relvol.Nt12" using 1:2:3:4 xyerrors
        format = x:z:sx:s
        x range restricted to [0.0672000 : 0.163200]
        #datapoints = 10
function used for fitting: f5(x)
	f5(x)=y5+a5*(x-x5)+b5*(x-x5)**3+c5*(x-x5)**4
fitted parameters initialized with current variable values

iter      chisq       delta/lim  lambda   x5            y5            a5            b5            c5           
   0 3.3147608603e+05   0.00e+00  2.52e+02    1.000000e-01   1.000000e-01   1.000000e+02  -1.000000e+03   1.000000e+04
   7 4.9432387558e+00  -4.94e-01  2.52e-05    9.803575e-02   2.684680e-01   8.893847e+00  -2.318879e+03   2.207736e+04

After 7 iterations the fit converged.
final sum of squares of residuals : 4.94324
rel. change during last iteration : -4.93516e-06

degrees of freedom    (FIT_NDF)                        : 5
rms of residuals      (FIT_STDFIT) = sqrt(WSSR/ndf)    : 0.994308
variance of residuals (reduced chisquare) = WSSR/ndf   : 0.988648
p-value of the Chisq distribution (FIT_P)              : 0.422847

Final set of parameters            Asymptotic Standard Error
=======================            ==========================
x5              = 0.0980358        +/- 0.0009343    (0.9531%)
y5              = 0.268468         +/- 0.006239     (2.324%)
a5              = 8.89385          +/- 0.2106       (2.368%)
b5              = -2318.88         +/- 272.7        (11.76%)
c5              = 22077.4          +/- 3640         (16.49%)

correlation matrix of the fit parameters:
                x5     y5     a5     b5     c5     
x5              1.000 
y5              0.930  1.000 
a5              0.196  0.006  1.000 
b5             -0.451 -0.341 -0.893  1.000 
c5              0.443  0.342  0.861 -0.995  1.000 


*******************************************************************************
Mon Oct  6 20:26:58 2025


FIT:    data read from "../Data/D15.48/relvol.Nt10" using 1:2:3:4 xyerrors
        format = x:z:sx:s
        x range restricted to [0.115500 : 0.181500]
        #datapoints = 12
function used for fitting: f4(x)
	f4(x)=y4+a4*(x-x4)+b4*(x-x4)**3+c4*(x-x4)**4
fitted parameters initialized with current variable values

iter      chisq       delta/lim  lambda   x4            y4            a4            b4            c4           
   0 1.4274226124e+05   0.00e+00  4.44e+02    1.500000e-01   1.000000e-01   1.000000e+02  -1.000000e+03   1.000000e+04
   8 7.0005030855e+00   0.00e+00  4.44e+06    1.406294e-01   2.283650e-01   9.350845e+00  -2.567124e+03   2.964820e+04

After 8 iterations the fit converged.
final sum of squares of residuals : 7.0005
rel. change during last iteration : 0

degrees of freedom    (FIT_NDF)                        : 7
rms of residuals      (FIT_STDFIT) = sqrt(WSSR/ndf)    : 1.00004
variance of residuals (reduced chisquare) = WSSR/ndf   : 1.00007
p-value of the Chisq distribution (FIT_P)              : 0.428827

Final set of parameters            Asymptotic Standard Error
=======================            ==========================
x4              = 0.140629         +/- 0.001616     (1.149%)
y4              = 0.228365         +/- 0.01305      (5.716%)
a4              = 9.35084          +/- 0.3026       (3.237%)
b4              = -2567.12         +/- 748.4        (29.15%)
c4              = 29648.2          +/- 1.731e+04    (58.38%)

correlation matrix of the fit parameters:
                x4     y4     a4     b4     c4     
x4              1.000 
y4              0.985  1.000 
a4             -0.416 -0.489  1.000 
b4              0.591  0.655 -0.926  1.000 
c4             -0.715 -0.775  0.830 -0.971  1.000 


*******************************************************************************
Mon Oct  6 20:26:58 2025


FIT:    data read from "../Data/D15.48/relvol.Nt8" using 1:2:3:4 xyerrors
        format = x:z:sx:s
        x range restricted to [0.190000 : 0.243200]
        #datapoints = 14
function used for fitting: f3(x)
	f3(x)=y3+a3*(x-x3)+b3*(x-x3)**3+c3*(x-x3)**4
fitted parameters initialized with current variable values

iter      chisq       delta/lim  lambda   x3            y3            a3            b3            c3           
   0 5.3275546868e+05   0.00e+00  7.43e+02    2.000000e-01   1.000000e-01   1.000000e+02  -1.000000e+03   1.000000e+04
  18 8.9401089154e+00  -1.75e-02  7.43e-06    2.130523e-01   1.865057e-01   1.040456e+01  -6.163303e+03   1.358883e+05

After 18 iterations the fit converged.
final sum of squares of residuals : 8.94011
rel. change during last iteration : -1.74619e-07

degrees of freedom    (FIT_NDF)                        : 9
rms of residuals      (FIT_STDFIT) = sqrt(WSSR/ndf)    : 0.996667
variance of residuals (reduced chisquare) = WSSR/ndf   : 0.993345
p-value of the Chisq distribution (FIT_P)              : 0.442821

Final set of parameters            Asymptotic Standard Error
=======================            ==========================
x3              = 0.213052         +/- 0.001222     (0.5736%)
y3              = 0.186506         +/- 0.01061      (5.691%)
a3              = 10.4046          +/- 0.2665       (2.561%)
b3              = -6163.3          +/- 1239         (20.09%)
c3              = 135888           +/- 3.994e+04    (29.39%)

correlation matrix of the fit parameters:
                x3     y3     a3     b3     c3     
x3              1.000 
y3              0.984  1.000 
a3             -0.333 -0.354  1.000 
b3              0.833  0.848 -0.751  1.000 
c3             -0.911 -0.938  0.536 -0.944  1.000 


*******************************************************************************
Mon Oct  6 20:26:58 2025


FIT:    data read from "../Data/D15.48/relvol.Nt6" using 1:2:3:4 xyerrors
        format = x:z:sx:s
        x range restricted to [0.329800 : 0.404600]
        #datapoints = 22
function used for fitting: f2(x)
	f2(x)=y2+a2*(x-x2)+b2*(x-x2)**3+c2*(x-x2)**4
fitted parameters initialized with current variable values

iter      chisq       delta/lim  lambda   x2            y2            a2            b2            c2           
   0 2.8951062904e+06   0.00e+00  1.87e+03    3.500000e-01   1.000000e-01   1.000000e+02  -1.000000e+03   1.000000e+04
   8 1.6926784044e+01   0.00e+00  1.87e+07    3.660820e-01   2.577035e-01   9.957594e+00  -2.236914e+03   1.156556e+04

After 8 iterations the fit converged.
final sum of squares of residuals : 16.9268
rel. change during last iteration : 0

degrees of freedom    (FIT_NDF)                        : 17
rms of residuals      (FIT_STDFIT) = sqrt(WSSR/ndf)    : 0.997844
variance of residuals (reduced chisquare) = WSSR/ndf   : 0.995693
p-value of the Chisq distribution (FIT_P)              : 0.459337

Final set of parameters            Asymptotic Standard Error
=======================            ==========================
x2              = 0.366082         +/- 0.0008889    (0.2428%)
y2              = 0.257703         +/- 0.007567     (2.936%)
a2              = 9.95759          +/- 0.08271      (0.8306%)
b2              = -2236.91         +/- 100.6        (4.496%)
c2              = 11565.6          +/- 4347         (37.58%)

correlation matrix of the fit parameters:
                x2     y2     a2     b2     c2     
x2              1.000 
y2              0.991  1.000 
a2             -0.126 -0.149  1.000 
b2              0.585  0.602 -0.838  1.000 
c2             -0.964 -0.982  0.190 -0.633  1.000 


*******************************************************************************
Mon Oct  6 20:26:58 2025


FIT:    data read from "../Data/D15.48/relvol.Nt4" using 1:2:3:4 xyerrors
        format = x:z:sx:s
        x range restricted to [0.660000 : 0.712800]
        #datapoints = 12
function used for fitting: f1(x)
	f1(x)=y1+a1*(x-x1)+b1*(x-x1)**3+c1*(x-x1)**4
fitted parameters initialized with current variable values

iter      chisq       delta/lim  lambda   x1            y1            a1            b1            c1           
   0 4.0178716668e+05   0.00e+00  3.89e+03    7.000000e-01   1.000000e-01   1.000000e+02  -1.000000e+03   1.000000e+04
  20 6.8356580147e+00  -1.73e-01  3.89e-06    6.966104e-01   2.667592e-01   1.389380e+01  -1.003649e+04  -1.320062e+05

After 20 iterations the fit converged.
final sum of squares of residuals : 6.83566
rel. change during last iteration : -1.73482e-06

degrees of freedom    (FIT_NDF)                        : 7
rms of residuals      (FIT_STDFIT) = sqrt(WSSR/ndf)    : 0.988192
variance of residuals (reduced chisquare) = WSSR/ndf   : 0.976523
p-value of the Chisq distribution (FIT_P)              : 0.44619

Final set of parameters            Asymptotic Standard Error
=======================            ==========================
x1              = 0.69661          +/- 0.000256     (0.03675%)
y1              = 0.266759         +/- 0.002544     (0.9538%)
a1              = 13.8938          +/- 0.1687       (1.214%)
b1              = -10036.5         +/- 701.7        (6.991%)
c1              = -132006          +/- 1.62e+04     (12.27%)

correlation matrix of the fit parameters:
                x1     y1     a1     b1     c1     
x1              1.000 
y1              0.952  1.000 
a1             -0.122 -0.093  1.000 
b1              0.317  0.314 -0.934  1.000 
c1              0.253  0.252 -0.917  0.994  1.000 


*******************************************************************************
Mon Oct  6 20:31:34 2025


FIT:    data read from "../Data/D15.48/relvol.Nt24" using 1:2:3:4 xyerrors
        format = x:z:sx:s
        x range restricted to [0.00000 : 0.0621000]
        #datapoints = 9
function used for fitting: f10(x)
	f10(x)=y10+a10*(x-x10)+b10*(x-x10)**3+c10*(x-x10)**4
fitted parameters initialized with current variable values

iter      chisq       delta/lim  lambda   x10           y10           a10           b10           c10          
   0 2.0712880399e+05   0.00e+00  1.42e+02    5.000000e-02   1.000000e-01   1.000000e+02  -1.000000e+03   1.000000e+04
   7 4.1282942117e+00  -2.05e-02  1.42e-05    2.395258e-02   2.297877e-01   1.098284e+01  -3.340650e+03   5.750974e+03

After 7 iterations the fit converged.
final sum of squares of residuals : 4.12829
rel. change during last iteration : -2.05128e-07

degrees of freedom    (FIT_NDF)                        : 4
rms of residuals      (FIT_STDFIT) = sqrt(WSSR/ndf)    : 1.01591
variance of residuals (reduced chisquare) = WSSR/ndf   : 1.03207
p-value of the Chisq distribution (FIT_P)              : 0.388921

Final set of parameters            Asymptotic Standard Error
=======================            ==========================
x10             = 0.0239526        +/- 0.002041     (8.52%)
y10             = 0.229788         +/- 0.01908      (8.305%)
a10             = 10.9828          +/- 0.3865       (3.519%)
b10             = -3340.65         +/- 853.6        (25.55%)
c10             = 5750.97          +/- 2.802e+04    (487.3%)

correlation matrix of the fit parameters:
                x10    y10    a10    b10    c10    
x10             1.000 
y10             0.990  1.000 
a10            -0.581 -0.607  1.000 
b10             0.684  0.724 -0.964  1.000 
c10            -0.901 -0.934  0.806 -0.910  1.000 


*******************************************************************************
Mon Oct  6 20:31:34 2025


FIT:    data read from "../Data/D15.48/relvol.Nt20" using 1:2:3:4 xyerrors
        format = x:z:sx:s
        x range restricted to [0.00000 : 0.0464000]
        #datapoints = 16
function used for fitting: f9(x)
	f9(x)=y9+a9*(x-x9)+b9*(x-x9)**3+c9*(x-x9)**4
fitted parameters initialized with current variable values

iter      chisq       delta/lim  lambda   x9            y9            a9            b9            c9           
   0 7.1891219971e+05   0.00e+00  1.66e+02    5.000000e-02   1.000000e-01   1.000000e+02  -1.000000e+03   1.000000e+04
 103 1.0948676014e+01  -4.80e-01  1.66e-05    1.550289e-02   1.480445e-01   1.248997e+01  -1.165502e+04   2.805126e+05

After 103 iterations the fit converged.
final sum of squares of residuals : 10.9487
rel. change during last iteration : -4.799e-06

degrees of freedom    (FIT_NDF)                        : 11
rms of residuals      (FIT_STDFIT) = sqrt(WSSR/ndf)    : 0.997664
variance of residuals (reduced chisquare) = WSSR/ndf   : 0.995334
p-value of the Chisq distribution (FIT_P)              : 0.447573

Final set of parameters            Asymptotic Standard Error
=======================            ==========================
x9              = 0.0155029        +/- 0.00103      (6.644%)
y9              = 0.148045         +/- 0.00902      (6.093%)
a9              = 12.49            +/- 0.5227       (4.185%)
b9              = -11655           +/- 2914         (25%)
c9              = 280513           +/- 8.183e+04    (29.17%)

correlation matrix of the fit parameters:
                x9     y9     a9     b9     c9     
x9              1.000 
y9              0.952  1.000 
a9             -0.519 -0.382  1.000 
b9              0.847  0.793 -0.859  1.000 
c9             -0.887 -0.877  0.753 -0.979  1.000 


*******************************************************************************
Mon Oct  6 20:31:34 2025


FIT:    data read from "../Data/D15.48/relvol.Nt18" using 1:2:3:4 xyerrors
        format = x:z:sx:s
        x range restricted to [0.00870000 : 0.0667000]
        #datapoints = 20
function used for fitting: f8(x)
	f8(x)=y8+a8*(x-x8)+b8*(x-x8)**3+c8*(x-x8)**4
fitted parameters initialized with current variable values

iter      chisq       delta/lim  lambda   x8            y8            a8            b8            c8           
   0 2.2464422363e+05   0.00e+00  1.40e+02    5.000000e-02   1.000000e-01   1.000000e+02  -1.000000e+03   1.000000e+04
   7 1.5557526617e+01  -7.23e-01  1.40e-05    2.656453e-02   2.167611e-01   9.752811e+00  -2.894390e+03   2.006700e+04

After 7 iterations the fit converged.
final sum of squares of residuals : 15.5575
rel. change during last iteration : -7.22736e-06

degrees of freedom    (FIT_NDF)                        : 15
rms of residuals      (FIT_STDFIT) = sqrt(WSSR/ndf)    : 1.01841
variance of residuals (reduced chisquare) = WSSR/ndf   : 1.03717
p-value of the Chisq distribution (FIT_P)              : 0.412052

Final set of parameters            Asymptotic Standard Error
=======================            ==========================
x8              = 0.0265645        +/- 0.00332      (12.5%)
y8              = 0.216761         +/- 0.0278       (12.83%)
a8              = 9.75281          +/- 0.5967       (6.118%)
b8              = -2894.39         +/- 2203         (76.12%)
c8              = 20067            +/- 4.456e+04    (222.1%)

correlation matrix of the fit parameters:
                x8     y8     a8     b8     c8     
x8              1.000 
y8              0.992  1.000 
a8              0.204  0.160  1.000 
b8             -0.478 -0.457 -0.892  1.000 
c8              0.328  0.308  0.886 -0.982  1.000 


*******************************************************************************
Mon Oct  6 20:31:34 2025


FIT:    data read from "../Data/D15.48/relvol.Nt16" using 1:2:3:4 xyerrors
        format = x:z:sx:s
        x range restricted to [0.0172000 : 0.0774000]
        #datapoints = 14
function used for fitting: f7(x)
	f7(x)=y7+a7*(x-x7)+b7*(x-x7)**3+c7*(x-x7)**4
fitted parameters initialized with current variable values

iter      chisq       delta/lim  lambda   x7            y7            a7            b7            c7           
   0 9.2352595032e+04   0.00e+00  1.25e+02    5.000000e-02   1.000000e-01   1.000000e+02  -1.000000e+03   1.000000e+04
  15 9.0841872561e+00  -3.25e-02  1.25e-05    3.547816e-02   2.009064e-01   1.024417e+01  -4.837079e+03   7.270969e+04

After 15 iterations the fit converged.
final sum of squares of residuals : 9.08419
rel. change during last iteration : -3.24589e-07

degrees of freedom    (FIT_NDF)                        : 9
rms of residuals      (FIT_STDFIT) = sqrt(WSSR/ndf)    : 1.00467
variance of residuals (reduced chisquare) = WSSR/ndf   : 1.00935
p-value of the Chisq distribution (FIT_P)              : 0.42954

Final set of parameters            Asymptotic Standard Error
=======================            ==========================
x7              = 0.0354782        +/- 0.001612     (4.545%)
y7              = 0.200906         +/- 0.01272      (6.334%)
a7              = 10.2442          +/- 0.5878       (5.737%)
b7              = -4837.08         +/- 1886         (38.98%)
c7              = 72709.7          +/- 3.894e+04    (53.56%)

correlation matrix of the fit parameters:
                x7     y7     a7     b7     c7     
x7              1.000 
y7              0.968  1.000 
a7              0.340  0.235  1.000 
b7             -0.433 -0.361 -0.937  1.000 
c7              0.408  0.337  0.909 -0.995  1.000 


*******************************************************************************
Mon Oct  6 20:31:34 2025


FIT:    data read from "../Data/D15.48/relvol.Nt14" using 1:2:3:4 xyerrors
        format = x:z:sx:s
        x range restricted to [0.0248000 : 0.111600]
        #datapoints = 7
function used for fitting: f6(x)
	f6(x)=y6+a6*(x-x6)+b6*(x-x6)**3+c6*(x-x6)**4
fitted parameters initialized with current variable values

iter      chisq       delta/lim  lambda   x6            y6            a6            b6            c6           
   0 1.2006087888e+05   0.00e+00  1.03e+02    5.000000e-02   1.000000e-01   1.000000e+02  -1.000000e+03   1.000000e+04
   8 1.9643201996e+00   0.00e+00  1.03e+07    5.676117e-02   1.981084e-01   9.797187e+00  -4.618145e+03   6.512058e+04

After 8 iterations the fit converged.
final sum of squares of residuals : 1.96432
rel. change during last iteration : 0

degrees of freedom    (FIT_NDF)                        : 2
rms of residuals      (FIT_STDFIT) = sqrt(WSSR/ndf)    : 0.99104
variance of residuals (reduced chisquare) = WSSR/ndf   : 0.98216
p-value of the Chisq distribution (FIT_P)              : 0.374501

Final set of parameters            Asymptotic Standard Error
=======================            ==========================
x6              = 0.0567612        +/- 0.0008032    (1.415%)
y6              = 0.198108         +/- 0.005327     (2.689%)
a6              = 9.79719          +/- 0.3588       (3.662%)
b6              = -4618.14         +/- 652.3        (14.12%)
c6              = 65120.6          +/- 1.069e+04    (16.42%)

correlation matrix of the fit parameters:
                x6     y6     a6     b6     c6     
x6              1.000 
y6              0.837  1.000 
a6             -0.328 -0.498  1.000 
b6              0.436  0.535 -0.928  1.000 
c6             -0.437 -0.543  0.887 -0.993  1.000 


*******************************************************************************
Mon Oct  6 20:31:34 2025


FIT:    data read from "../Data/D15.48/relvol.Nt12" using 1:2:3:4 xyerrors
        format = x:z:sx:s
        x range restricted to [0.0672000 : 0.163200]
        #datapoints = 10
function used for fitting: f5(x)
	f5(x)=y5+a5*(x-x5)+b5*(x-x5)**3+c5*(x-x5)**4
fitted parameters initialized with current variable values

iter      chisq       delta/lim  lambda   x5            y5            a5            b5            c5           
   0 3.3147608603e+05   0.00e+00  2.52e+02    1.000000e-01   1.000000e-01   1.000000e+02  -1.000000e+03   1.000000e+04
   7 4.9432387558e+00  -4.94e-01  2.52e-05    9.803575e-02   2.684680e-01   8.893847e+00  -2.318879e+03   2.207736e+04

After 7 iterations the fit converged.
final sum of squares of residuals : 4.94324
rel. change during last iteration : -4.93516e-06

degrees of freedom    (FIT_NDF)                        : 5
rms of residuals      (FIT_STDFIT) = sqrt(WSSR/ndf)    : 0.994308
variance of residuals (reduced chisquare) = WSSR/ndf   : 0.988648
p-value of the Chisq distribution (FIT_P)              : 0.422847

Final set of parameters            Asymptotic Standard Error
=======================            ==========================
x5              = 0.0980358        +/- 0.0009343    (0.9531%)
y5              = 0.268468         +/- 0.006239     (2.324%)
a5              = 8.89385          +/- 0.2106       (2.368%)
b5              = -2318.88         +/- 272.7        (11.76%)
c5              = 22077.4          +/- 3640         (16.49%)

correlation matrix of the fit parameters:
                x5     y5     a5     b5     c5     
x5              1.000 
y5              0.930  1.000 
a5              0.196  0.006  1.000 
b5             -0.451 -0.341 -0.893  1.000 
c5              0.443  0.342  0.861 -0.995  1.000 


*******************************************************************************
Mon Oct  6 20:31:34 2025


FIT:    data read from "../Data/D15.48/relvol.Nt10" using 1:2:3:4 xyerrors
        format = x:z:sx:s
        x range restricted to [0.115500 : 0.181500]
        #datapoints = 12
function used for fitting: f4(x)
	f4(x)=y4+a4*(x-x4)+b4*(x-x4)**3+c4*(x-x4)**4
fitted parameters initialized with current variable values

iter      chisq       delta/lim  lambda   x4            y4            a4            b4            c4           
   0 1.4274226124e+05   0.00e+00  4.44e+02    1.500000e-01   1.000000e-01   1.000000e+02  -1.000000e+03   1.000000e+04
   8 7.0005030855e+00   0.00e+00  4.44e+06    1.406294e-01   2.283650e-01   9.350845e+00  -2.567124e+03   2.964820e+04

After 8 iterations the fit converged.
final sum of squares of residuals : 7.0005
rel. change during last iteration : 0

degrees of freedom    (FIT_NDF)                        : 7
rms of residuals      (FIT_STDFIT) = sqrt(WSSR/ndf)    : 1.00004
variance of residuals (reduced chisquare) = WSSR/ndf   : 1.00007
p-value of the Chisq distribution (FIT_P)              : 0.428827

Final set of parameters            Asymptotic Standard Error
=======================            ==========================
x4              = 0.140629         +/- 0.001616     (1.149%)
y4              = 0.228365         +/- 0.01305      (5.716%)
a4              = 9.35084          +/- 0.3026       (3.237%)
b4              = -2567.12         +/- 748.4        (29.15%)
c4              = 29648.2          +/- 1.731e+04    (58.38%)

correlation matrix of the fit parameters:
                x4     y4     a4     b4     c4     
x4              1.000 
y4              0.985  1.000 
a4             -0.416 -0.489  1.000 
b4              0.591  0.655 -0.926  1.000 
c4             -0.715 -0.775  0.830 -0.971  1.000 


*******************************************************************************
Mon Oct  6 20:31:34 2025


FIT:    data read from "../Data/D15.48/relvol.Nt8" using 1:2:3:4 xyerrors
        format = x:z:sx:s
        x range restricted to [0.190000 : 0.243200]
        #datapoints = 14
function used for fitting: f3(x)
	f3(x)=y3+a3*(x-x3)+b3*(x-x3)**3+c3*(x-x3)**4
fitted parameters initialized with current variable values

iter      chisq       delta/lim  lambda   x3            y3            a3            b3            c3           
   0 5.3275546868e+05   0.00e+00  7.43e+02    2.000000e-01   1.000000e-01   1.000000e+02  -1.000000e+03   1.000000e+04
  18 8.9401089154e+00  -1.75e-02  7.43e-06    2.130523e-01   1.865057e-01   1.040456e+01  -6.163303e+03   1.358883e+05

After 18 iterations the fit converged.
final sum of squares of residuals : 8.94011
rel. change during last iteration : -1.74619e-07

degrees of freedom    (FIT_NDF)                        : 9
rms of residuals      (FIT_STDFIT) = sqrt(WSSR/ndf)    : 0.996667
variance of residuals (reduced chisquare) = WSSR/ndf   : 0.993345
p-value of the Chisq distribution (FIT_P)              : 0.442821

Final set of parameters            Asymptotic Standard Error
=======================            ==========================
x3              = 0.213052         +/- 0.001222     (0.5736%)
y3              = 0.186506         +/- 0.01061      (5.691%)
a3              = 10.4046          +/- 0.2665       (2.561%)
b3              = -6163.3          +/- 1239         (20.09%)
c3              = 135888           +/- 3.994e+04    (29.39%)

correlation matrix of the fit parameters:
                x3     y3     a3     b3     c3     
x3              1.000 
y3              0.984  1.000 
a3             -0.333 -0.354  1.000 
b3              0.833  0.848 -0.751  1.000 
c3             -0.911 -0.938  0.536 -0.944  1.000 


*******************************************************************************
Mon Oct  6 20:31:34 2025


FIT:    data read from "../Data/D15.48/relvol.Nt6" using 1:2:3:4 xyerrors
        format = x:z:sx:s
        x range restricted to [0.329800 : 0.404600]
        #datapoints = 22
function used for fitting: f2(x)
	f2(x)=y2+a2*(x-x2)+b2*(x-x2)**3+c2*(x-x2)**4
fitted parameters initialized with current variable values

iter      chisq       delta/lim  lambda   x2            y2            a2            b2            c2           
   0 2.8951062904e+06   0.00e+00  1.87e+03    3.500000e-01   1.000000e-01   1.000000e+02  -1.000000e+03   1.000000e+04
   8 1.6926784044e+01   0.00e+00  1.87e+07    3.660820e-01   2.577035e-01   9.957594e+00  -2.236914e+03   1.156556e+04

After 8 iterations the fit converged.
final sum of squares of residuals : 16.9268
rel. change during last iteration : 0

degrees of freedom    (FIT_NDF)                        : 17
rms of residuals      (FIT_STDFIT) = sqrt(WSSR/ndf)    : 0.997844
variance of residuals (reduced chisquare) = WSSR/ndf   : 0.995693
p-value of the Chisq distribution (FIT_P)              : 0.459337

Final set of parameters            Asymptotic Standard Error
=======================            ==========================
x2              = 0.366082         +/- 0.0008889    (0.2428%)
y2              = 0.257703         +/- 0.007567     (2.936%)
a2              = 9.95759          +/- 0.08271      (0.8306%)
b2              = -2236.91         +/- 100.6        (4.496%)
c2              = 11565.6          +/- 4347         (37.58%)

correlation matrix of the fit parameters:
                x2     y2     a2     b2     c2     
x2              1.000 
y2              0.991  1.000 
a2             -0.126 -0.149  1.000 
b2              0.585  0.602 -0.838  1.000 
c2             -0.964 -0.982  0.190 -0.633  1.000 


*******************************************************************************
Mon Oct  6 20:31:34 2025


FIT:    data read from "../Data/D15.48/relvol.Nt4" using 1:2:3:4 xyerrors
        format = x:z:sx:s
        x range restricted to [0.660000 : 0.712800]
        #datapoints = 12
function used for fitting: f1(x)
	f1(x)=y1+a1*(x-x1)+b1*(x-x1)**3+c1*(x-x1)**4
fitted parameters initialized with current variable values

iter      chisq       delta/lim  lambda   x1            y1            a1            b1            c1           
   0 4.0178716668e+05   0.00e+00  3.89e+03    7.000000e-01   1.000000e-01   1.000000e+02  -1.000000e+03   1.000000e+04
  20 6.8356580147e+00  -1.73e-01  3.89e-06    6.966104e-01   2.667592e-01   1.389380e+01  -1.003649e+04  -1.320062e+05

After 20 iterations the fit converged.
final sum of squares of residuals : 6.83566
rel. change during last iteration : -1.73482e-06

degrees of freedom    (FIT_NDF)                        : 7
rms of residuals      (FIT_STDFIT) = sqrt(WSSR/ndf)    : 0.988192
variance of residuals (reduced chisquare) = WSSR/ndf   : 0.976523
p-value of the Chisq distribution (FIT_P)              : 0.44619

Final set of parameters            Asymptotic Standard Error
=======================            ==========================
x1              = 0.69661          +/- 0.000256     (0.03675%)
y1              = 0.266759         +/- 0.002544     (0.9538%)
a1              = 13.8938          +/- 0.1687       (1.214%)
b1              = -10036.5         +/- 701.7        (6.991%)
c1              = -132006          +/- 1.62e+04     (12.27%)

correlation matrix of the fit parameters:
                x1     y1     a1     b1     c1     
x1              1.000 
y1              0.952  1.000 
a1             -0.122 -0.093  1.000 
b1              0.317  0.314 -0.934  1.000 
c1              0.253  0.252 -0.917  0.994  1.000 


*******************************************************************************
Mon Oct  6 20:41:01 2025


FIT:    data read from "../Data/D15.48/relvol.Nt24" using 1:2:3:4 xyerrors
        format = x:z:sx:s
        x range restricted to [0.00000 : 0.0621000]
        #datapoints = 9
function used for fitting: f10(x)
	f10(x)=y10+a10*(x-x10)+b10*(x-x10)**3+c10*(x-x10)**4
fitted parameters initialized with current variable values

iter      chisq       delta/lim  lambda   x10           y10           a10           b10           c10          
   0 2.0712880399e+05   0.00e+00  1.42e+02    5.000000e-02   1.000000e-01   1.000000e+02  -1.000000e+03   1.000000e+04
   7 4.1282942117e+00  -2.05e-02  1.42e-05    2.395258e-02   2.297877e-01   1.098284e+01  -3.340650e+03   5.750974e+03

After 7 iterations the fit converged.
final sum of squares of residuals : 4.12829
rel. change during last iteration : -2.05128e-07

degrees of freedom    (FIT_NDF)                        : 4
rms of residuals      (FIT_STDFIT) = sqrt(WSSR/ndf)    : 1.01591
variance of residuals (reduced chisquare) = WSSR/ndf   : 1.03207
p-value of the Chisq distribution (FIT_P)              : 0.388921

Final set of parameters            Asymptotic Standard Error
=======================            ==========================
x10             = 0.0239526        +/- 0.002041     (8.52%)
y10             = 0.229788         +/- 0.01908      (8.305%)
a10             = 10.9828          +/- 0.3865       (3.519%)
b10             = -3340.65         +/- 853.6        (25.55%)
c10             = 5750.97          +/- 2.802e+04    (487.3%)

correlation matrix of the fit parameters:
                x10    y10    a10    b10    c10    
x10             1.000 
y10             0.990  1.000 
a10            -0.581 -0.607  1.000 
b10             0.684  0.724 -0.964  1.000 
c10            -0.901 -0.934  0.806 -0.910  1.000 


*******************************************************************************
Mon Oct  6 20:41:01 2025


FIT:    data read from "../Data/D15.48/relvol.Nt20" using 1:2:3:4 xyerrors
        format = x:z:sx:s
        x range restricted to [0.00000 : 0.0464000]
        #datapoints = 16
function used for fitting: f9(x)
	f9(x)=y9+a9*(x-x9)+b9*(x-x9)**3+c9*(x-x9)**4
fitted parameters initialized with current variable values

iter      chisq       delta/lim  lambda   x9            y9            a9            b9            c9           
   0 7.1891219971e+05   0.00e+00  1.66e+02    5.000000e-02   1.000000e-01   1.000000e+02  -1.000000e+03   1.000000e+04
 103 1.0948676014e+01  -4.80e-01  1.66e-05    1.550289e-02   1.480445e-01   1.248997e+01  -1.165502e+04   2.805126e+05

After 103 iterations the fit converged.
final sum of squares of residuals : 10.9487
rel. change during last iteration : -4.799e-06

degrees of freedom    (FIT_NDF)                        : 11
rms of residuals      (FIT_STDFIT) = sqrt(WSSR/ndf)    : 0.997664
variance of residuals (reduced chisquare) = WSSR/ndf   : 0.995334
p-value of the Chisq distribution (FIT_P)              : 0.447573

Final set of parameters            Asymptotic Standard Error
=======================            ==========================
x9              = 0.0155029        +/- 0.00103      (6.644%)
y9              = 0.148045         +/- 0.00902      (6.093%)
a9              = 12.49            +/- 0.5227       (4.185%)
b9              = -11655           +/- 2914         (25%)
c9              = 280513           +/- 8.183e+04    (29.17%)

correlation matrix of the fit parameters:
                x9     y9     a9     b9     c9     
x9              1.000 
y9              0.952  1.000 
a9             -0.519 -0.382  1.000 
b9              0.847  0.793 -0.859  1.000 
c9             -0.887 -0.877  0.753 -0.979  1.000 


*******************************************************************************
Mon Oct  6 20:41:01 2025


FIT:    data read from "../Data/D15.48/relvol.Nt18" using 1:2:3:4 xyerrors
        format = x:z:sx:s
        x range restricted to [0.00870000 : 0.0667000]
        #datapoints = 20
function used for fitting: f8(x)
	f8(x)=y8+a8*(x-x8)+b8*(x-x8)**3+c8*(x-x8)**4
fitted parameters initialized with current variable values

iter      chisq       delta/lim  lambda   x8            y8            a8            b8            c8           
   0 2.2464422363e+05   0.00e+00  1.40e+02    5.000000e-02   1.000000e-01   1.000000e+02  -1.000000e+03   1.000000e+04
   7 1.5557526617e+01  -7.23e-01  1.40e-05    2.656453e-02   2.167611e-01   9.752811e+00  -2.894390e+03   2.006700e+04

After 7 iterations the fit converged.
final sum of squares of residuals : 15.5575
rel. change during last iteration : -7.22736e-06

degrees of freedom    (FIT_NDF)                        : 15
rms of residuals      (FIT_STDFIT) = sqrt(WSSR/ndf)    : 1.01841
variance of residuals (reduced chisquare) = WSSR/ndf   : 1.03717
p-value of the Chisq distribution (FIT_P)              : 0.412052

Final set of parameters            Asymptotic Standard Error
=======================            ==========================
x8              = 0.0265645        +/- 0.00332      (12.5%)
y8              = 0.216761         +/- 0.0278       (12.83%)
a8              = 9.75281          +/- 0.5967       (6.118%)
b8              = -2894.39         +/- 2203         (76.12%)
c8              = 20067            +/- 4.456e+04    (222.1%)

correlation matrix of the fit parameters:
                x8     y8     a8     b8     c8     
x8              1.000 
y8              0.992  1.000 
a8              0.204  0.160  1.000 
b8             -0.478 -0.457 -0.892  1.000 
c8              0.328  0.308  0.886 -0.982  1.000 


*******************************************************************************
Mon Oct  6 20:41:01 2025


FIT:    data read from "../Data/D15.48/relvol.Nt16" using 1:2:3:4 xyerrors
        format = x:z:sx:s
        x range restricted to [0.0172000 : 0.0774000]
        #datapoints = 14
function used for fitting: f7(x)
	f7(x)=y7+a7*(x-x7)+b7*(x-x7)**3+c7*(x-x7)**4
fitted parameters initialized with current variable values

iter      chisq       delta/lim  lambda   x7            y7            a7            b7            c7           
   0 9.2352595032e+04   0.00e+00  1.25e+02    5.000000e-02   1.000000e-01   1.000000e+02  -1.000000e+03   1.000000e+04
  15 9.0841872561e+00  -3.25e-02  1.25e-05    3.547816e-02   2.009064e-01   1.024417e+01  -4.837079e+03   7.270969e+04

After 15 iterations the fit converged.
final sum of squares of residuals : 9.08419
rel. change during last iteration : -3.24589e-07

degrees of freedom    (FIT_NDF)                        : 9
rms of residuals      (FIT_STDFIT) = sqrt(WSSR/ndf)    : 1.00467
variance of residuals (reduced chisquare) = WSSR/ndf   : 1.00935
p-value of the Chisq distribution (FIT_P)              : 0.42954

Final set of parameters            Asymptotic Standard Error
=======================            ==========================
x7              = 0.0354782        +/- 0.001612     (4.545%)
y7              = 0.200906         +/- 0.01272      (6.334%)
a7              = 10.2442          +/- 0.5878       (5.737%)
b7              = -4837.08         +/- 1886         (38.98%)
c7              = 72709.7          +/- 3.894e+04    (53.56%)

correlation matrix of the fit parameters:
                x7     y7     a7     b7     c7     
x7              1.000 
y7              0.968  1.000 
a7              0.340  0.235  1.000 
b7             -0.433 -0.361 -0.937  1.000 
c7              0.408  0.337  0.909 -0.995  1.000 


*******************************************************************************
Mon Oct  6 20:41:01 2025


FIT:    data read from "../Data/D15.48/relvol.Nt14" using 1:2:3:4 xyerrors
        format = x:z:sx:s
        x range restricted to [0.0248000 : 0.111600]
        #datapoints = 7
function used for fitting: f6(x)
	f6(x)=y6+a6*(x-x6)+b6*(x-x6)**3+c6*(x-x6)**4
fitted parameters initialized with current variable values

iter      chisq       delta/lim  lambda   x6            y6            a6            b6            c6           
   0 1.2006087888e+05   0.00e+00  1.03e+02    5.000000e-02   1.000000e-01   1.000000e+02  -1.000000e+03   1.000000e+04
   8 1.9643201996e+00   0.00e+00  1.03e+07    5.676117e-02   1.981084e-01   9.797187e+00  -4.618145e+03   6.512058e+04

After 8 iterations the fit converged.
final sum of squares of residuals : 1.96432
rel. change during last iteration : 0

degrees of freedom    (FIT_NDF)                        : 2
rms of residuals      (FIT_STDFIT) = sqrt(WSSR/ndf)    : 0.99104
variance of residuals (reduced chisquare) = WSSR/ndf   : 0.98216
p-value of the Chisq distribution (FIT_P)              : 0.374501

Final set of parameters            Asymptotic Standard Error
=======================            ==========================
x6              = 0.0567612        +/- 0.0008032    (1.415%)
y6              = 0.198108         +/- 0.005327     (2.689%)
a6              = 9.79719          +/- 0.3588       (3.662%)
b6              = -4618.14         +/- 652.3        (14.12%)
c6              = 65120.6          +/- 1.069e+04    (16.42%)

correlation matrix of the fit parameters:
                x6     y6     a6     b6     c6     
x6              1.000 
y6              0.837  1.000 
a6             -0.328 -0.498  1.000 
b6              0.436  0.535 -0.928  1.000 
c6             -0.437 -0.543  0.887 -0.993  1.000 


*******************************************************************************
Mon Oct  6 20:41:01 2025


FIT:    data read from "../Data/D15.48/relvol.Nt12" using 1:2:3:4 xyerrors
        format = x:z:sx:s
        x range restricted to [0.0672000 : 0.163200]
        #datapoints = 10
function used for fitting: f5(x)
	f5(x)=y5+a5*(x-x5)+b5*(x-x5)**3+c5*(x-x5)**4
fitted parameters initialized with current variable values

iter      chisq       delta/lim  lambda   x5            y5            a5            b5            c5           
   0 3.3147608603e+05   0.00e+00  2.52e+02    1.000000e-01   1.000000e-01   1.000000e+02  -1.000000e+03   1.000000e+04
   7 4.9432387558e+00  -4.94e-01  2.52e-05    9.803575e-02   2.684680e-01   8.893847e+00  -2.318879e+03   2.207736e+04

After 7 iterations the fit converged.
final sum of squares of residuals : 4.94324
rel. change during last iteration : -4.93516e-06

degrees of freedom    (FIT_NDF)                        : 5
rms of residuals      (FIT_STDFIT) = sqrt(WSSR/ndf)    : 0.994308
variance of residuals (reduced chisquare) = WSSR/ndf   : 0.988648
p-value of the Chisq distribution (FIT_P)              : 0.422847

Final set of parameters            Asymptotic Standard Error
=======================            ==========================
x5              = 0.0980358        +/- 0.0009343    (0.9531%)
y5              = 0.268468         +/- 0.006239     (2.324%)
a5              = 8.89385          +/- 0.2106       (2.368%)
b5              = -2318.88         +/- 272.7        (11.76%)
c5              = 22077.4          +/- 3640         (16.49%)

correlation matrix of the fit parameters:
                x5     y5     a5     b5     c5     
x5              1.000 
y5              0.930  1.000 
a5              0.196  0.006  1.000 
b5             -0.451 -0.341 -0.893  1.000 
c5              0.443  0.342  0.861 -0.995  1.000 


*******************************************************************************
Mon Oct  6 20:41:01 2025


FIT:    data read from "../Data/D15.48/relvol.Nt10" using 1:2:3:4 xyerrors
        format = x:z:sx:s
        x range restricted to [0.115500 : 0.181500]
        #datapoints = 12
function used for fitting: f4(x)
	f4(x)=y4+a4*(x-x4)+b4*(x-x4)**3+c4*(x-x4)**4
fitted parameters initialized with current variable values

iter      chisq       delta/lim  lambda   x4            y4            a4            b4            c4           
   0 1.4274226124e+05   0.00e+00  4.44e+02    1.500000e-01   1.000000e-01   1.000000e+02  -1.000000e+03   1.000000e+04
   8 7.0005030855e+00   0.00e+00  4.44e+06    1.406294e-01   2.283650e-01   9.350845e+00  -2.567124e+03   2.964820e+04

After 8 iterations the fit converged.
final sum of squares of residuals : 7.0005
rel. change during last iteration : 0

degrees of freedom    (FIT_NDF)                        : 7
rms of residuals      (FIT_STDFIT) = sqrt(WSSR/ndf)    : 1.00004
variance of residuals (reduced chisquare) = WSSR/ndf   : 1.00007
p-value of the Chisq distribution (FIT_P)              : 0.428827

Final set of parameters            Asymptotic Standard Error
=======================            ==========================
x4              = 0.140629         +/- 0.001616     (1.149%)
y4              = 0.228365         +/- 0.01305      (5.716%)
a4              = 9.35084          +/- 0.3026       (3.237%)
b4              = -2567.12         +/- 748.4        (29.15%)
c4              = 29648.2          +/- 1.731e+04    (58.38%)

correlation matrix of the fit parameters:
                x4     y4     a4     b4     c4     
x4              1.000 
y4              0.985  1.000 
a4             -0.416 -0.489  1.000 
b4              0.591  0.655 -0.926  1.000 
c4             -0.715 -0.775  0.830 -0.971  1.000 


*******************************************************************************
Mon Oct  6 20:41:01 2025


FIT:    data read from "../Data/D15.48/relvol.Nt8" using 1:2:3:4 xyerrors
        format = x:z:sx:s
        x range restricted to [0.190000 : 0.243200]
        #datapoints = 14
function used for fitting: f3(x)
	f3(x)=y3+a3*(x-x3)+b3*(x-x3)**3+c3*(x-x3)**4
fitted parameters initialized with current variable values

iter      chisq       delta/lim  lambda   x3            y3            a3            b3            c3           
   0 5.3275546868e+05   0.00e+00  7.43e+02    2.000000e-01   1.000000e-01   1.000000e+02  -1.000000e+03   1.000000e+04
  18 8.9401089154e+00  -1.75e-02  7.43e-06    2.130523e-01   1.865057e-01   1.040456e+01  -6.163303e+03   1.358883e+05

After 18 iterations the fit converged.
final sum of squares of residuals : 8.94011
rel. change during last iteration : -1.74619e-07

degrees of freedom    (FIT_NDF)                        : 9
rms of residuals      (FIT_STDFIT) = sqrt(WSSR/ndf)    : 0.996667
variance of residuals (reduced chisquare) = WSSR/ndf   : 0.993345
p-value of the Chisq distribution (FIT_P)              : 0.442821

Final set of parameters            Asymptotic Standard Error
=======================            ==========================
x3              = 0.213052         +/- 0.001222     (0.5736%)
y3              = 0.186506         +/- 0.01061      (5.691%)
a3              = 10.4046          +/- 0.2665       (2.561%)
b3              = -6163.3          +/- 1239         (20.09%)
c3              = 135888           +/- 3.994e+04    (29.39%)

correlation matrix of the fit parameters:
                x3     y3     a3     b3     c3     
x3              1.000 
y3              0.984  1.000 
a3             -0.333 -0.354  1.000 
b3              0.833  0.848 -0.751  1.000 
c3             -0.911 -0.938  0.536 -0.944  1.000 


*******************************************************************************
Mon Oct  6 20:41:01 2025


FIT:    data read from "../Data/D15.48/relvol.Nt6" using 1:2:3:4 xyerrors
        format = x:z:sx:s
        x range restricted to [0.329800 : 0.404600]
        #datapoints = 22
function used for fitting: f2(x)
	f2(x)=y2+a2*(x-x2)+b2*(x-x2)**3+c2*(x-x2)**4
fitted parameters initialized with current variable values

iter      chisq       delta/lim  lambda   x2            y2            a2            b2            c2           
   0 2.8951062904e+06   0.00e+00  1.87e+03    3.500000e-01   1.000000e-01   1.000000e+02  -1.000000e+03   1.000000e+04
   8 1.6926784044e+01   0.00e+00  1.87e+07    3.660820e-01   2.577035e-01   9.957594e+00  -2.236914e+03   1.156556e+04

After 8 iterations the fit converged.
final sum of squares of residuals : 16.9268
rel. change during last iteration : 0

degrees of freedom    (FIT_NDF)                        : 17
rms of residuals      (FIT_STDFIT) = sqrt(WSSR/ndf)    : 0.997844
variance of residuals (reduced chisquare) = WSSR/ndf   : 0.995693
p-value of the Chisq distribution (FIT_P)              : 0.459337

Final set of parameters            Asymptotic Standard Error
=======================            ==========================
x2              = 0.366082         +/- 0.0008889    (0.2428%)
y2              = 0.257703         +/- 0.007567     (2.936%)
a2              = 9.95759          +/- 0.08271      (0.8306%)
b2              = -2236.91         +/- 100.6        (4.496%)
c2              = 11565.6          +/- 4347         (37.58%)

correlation matrix of the fit parameters:
                x2     y2     a2     b2     c2     
x2              1.000 
y2              0.991  1.000 
a2             -0.126 -0.149  1.000 
b2              0.585  0.602 -0.838  1.000 
c2             -0.964 -0.982  0.190 -0.633  1.000 


*******************************************************************************
Mon Oct  6 20:41:01 2025


FIT:    data read from "../Data/D15.48/relvol.Nt4" using 1:2:3:4 xyerrors
        format = x:z:sx:s
        x range restricted to [0.660000 : 0.712800]
        #datapoints = 12
function used for fitting: f1(x)
	f1(x)=y1+a1*(x-x1)+b1*(x-x1)**3+c1*(x-x1)**4
fitted parameters initialized with current variable values

iter      chisq       delta/lim  lambda   x1            y1            a1            b1            c1           
   0 4.0178716668e+05   0.00e+00  3.89e+03    7.000000e-01   1.000000e-01   1.000000e+02  -1.000000e+03   1.000000e+04
  20 6.8356580147e+00  -1.73e-01  3.89e-06    6.966104e-01   2.667592e-01   1.389380e+01  -1.003649e+04  -1.320062e+05

After 20 iterations the fit converged.
final sum of squares of residuals : 6.83566
rel. change during last iteration : -1.73482e-06

degrees of freedom    (FIT_NDF)                        : 7
rms of residuals      (FIT_STDFIT) = sqrt(WSSR/ndf)    : 0.988192
variance of residuals (reduced chisquare) = WSSR/ndf   : 0.976523
p-value of the Chisq distribution (FIT_P)              : 0.44619

Final set of parameters            Asymptotic Standard Error
=======================            ==========================
x1              = 0.69661          +/- 0.000256     (0.03675%)
y1              = 0.266759         +/- 0.002544     (0.9538%)
a1              = 13.8938          +/- 0.1687       (1.214%)
b1              = -10036.5         +/- 701.7        (6.991%)
c1              = -132006          +/- 1.62e+04     (12.27%)

correlation matrix of the fit parameters:
                x1     y1     a1     b1     c1     
x1              1.000 
y1              0.952  1.000 
a1             -0.122 -0.093  1.000 
b1              0.317  0.314 -0.934  1.000 
c1              0.253  0.252 -0.917  0.994  1.000 


*******************************************************************************
Mon Oct  6 20:42:17 2025


FIT:    data read from "../Data/D15.48/relvol.Nt24" using 1:2:3:4 xyerrors
        format = x:z:sx:s
        x range restricted to [0.00000 : 0.0621000]
        #datapoints = 9
function used for fitting: f10(x)
	f10(x)=y10+a10*(x-x10)+b10*(x-x10)**3+c10*(x-x10)**4
fitted parameters initialized with current variable values

iter      chisq       delta/lim  lambda   x10           y10           a10           b10           c10          
   0 2.0712880399e+05   0.00e+00  1.42e+02    5.000000e-02   1.000000e-01   1.000000e+02  -1.000000e+03   1.000000e+04
   7 4.1282942117e+00  -2.05e-02  1.42e-05    2.395258e-02   2.297877e-01   1.098284e+01  -3.340650e+03   5.750974e+03

After 7 iterations the fit converged.
final sum of squares of residuals : 4.12829
rel. change during last iteration : -2.05128e-07

degrees of freedom    (FIT_NDF)                        : 4
rms of residuals      (FIT_STDFIT) = sqrt(WSSR/ndf)    : 1.01591
variance of residuals (reduced chisquare) = WSSR/ndf   : 1.03207
p-value of the Chisq distribution (FIT_P)              : 0.388921

Final set of parameters            Asymptotic Standard Error
=======================            ==========================
x10             = 0.0239526        +/- 0.002041     (8.52%)
y10             = 0.229788         +/- 0.01908      (8.305%)
a10             = 10.9828          +/- 0.3865       (3.519%)
b10             = -3340.65         +/- 853.6        (25.55%)
c10             = 5750.97          +/- 2.802e+04    (487.3%)

correlation matrix of the fit parameters:
                x10    y10    a10    b10    c10    
x10             1.000 
y10             0.990  1.000 
a10            -0.581 -0.607  1.000 
b10             0.684  0.724 -0.964  1.000 
c10            -0.901 -0.934  0.806 -0.910  1.000 


*******************************************************************************
Mon Oct  6 20:42:17 2025


FIT:    data read from "../Data/D15.48/relvol.Nt20" using 1:2:3:4 xyerrors
        format = x:z:sx:s
        x range restricted to [0.00000 : 0.0464000]
        #datapoints = 16
function used for fitting: f9(x)
	f9(x)=y9+a9*(x-x9)+b9*(x-x9)**3+c9*(x-x9)**4
fitted parameters initialized with current variable values

iter      chisq       delta/lim  lambda   x9            y9            a9            b9            c9           
   0 7.1891219971e+05   0.00e+00  1.66e+02    5.000000e-02   1.000000e-01   1.000000e+02  -1.000000e+03   1.000000e+04
 103 1.0948676014e+01  -4.80e-01  1.66e-05    1.550289e-02   1.480445e-01   1.248997e+01  -1.165502e+04   2.805126e+05

After 103 iterations the fit converged.
final sum of squares of residuals : 10.9487
rel. change during last iteration : -4.799e-06

degrees of freedom    (FIT_NDF)                        : 11
rms of residuals      (FIT_STDFIT) = sqrt(WSSR/ndf)    : 0.997664
variance of residuals (reduced chisquare) = WSSR/ndf   : 0.995334
p-value of the Chisq distribution (FIT_P)              : 0.447573

Final set of parameters            Asymptotic Standard Error
=======================            ==========================
x9              = 0.0155029        +/- 0.00103      (6.644%)
y9              = 0.148045         +/- 0.00902      (6.093%)
a9              = 12.49            +/- 0.5227       (4.185%)
b9              = -11655           +/- 2914         (25%)
c9              = 280513           +/- 8.183e+04    (29.17%)

correlation matrix of the fit parameters:
                x9     y9     a9     b9     c9     
x9              1.000 
y9              0.952  1.000 
a9             -0.519 -0.382  1.000 
b9              0.847  0.793 -0.859  1.000 
c9             -0.887 -0.877  0.753 -0.979  1.000 


*******************************************************************************
Mon Oct  6 20:42:17 2025


FIT:    data read from "../Data/D15.48/relvol.Nt18" using 1:2:3:4 xyerrors
        format = x:z:sx:s
        x range restricted to [0.00870000 : 0.0667000]
        #datapoints = 20
function used for fitting: f8(x)
	f8(x)=y8+a8*(x-x8)+b8*(x-x8)**3+c8*(x-x8)**4
fitted parameters initialized with current variable values

iter      chisq       delta/lim  lambda   x8            y8            a8            b8            c8           
   0 2.2464422363e+05   0.00e+00  1.40e+02    5.000000e-02   1.000000e-01   1.000000e+02  -1.000000e+03   1.000000e+04
   7 1.5557526617e+01  -7.23e-01  1.40e-05    2.656453e-02   2.167611e-01   9.752811e+00  -2.894390e+03   2.006700e+04

After 7 iterations the fit converged.
final sum of squares of residuals : 15.5575
rel. change during last iteration : -7.22736e-06

degrees of freedom    (FIT_NDF)                        : 15
rms of residuals      (FIT_STDFIT) = sqrt(WSSR/ndf)    : 1.01841
variance of residuals (reduced chisquare) = WSSR/ndf   : 1.03717
p-value of the Chisq distribution (FIT_P)              : 0.412052

Final set of parameters            Asymptotic Standard Error
=======================            ==========================
x8              = 0.0265645        +/- 0.00332      (12.5%)
y8              = 0.216761         +/- 0.0278       (12.83%)
a8              = 9.75281          +/- 0.5967       (6.118%)
b8              = -2894.39         +/- 2203         (76.12%)
c8              = 20067            +/- 4.456e+04    (222.1%)

correlation matrix of the fit parameters:
                x8     y8     a8     b8     c8     
x8              1.000 
y8              0.992  1.000 
a8              0.204  0.160  1.000 
b8             -0.478 -0.457 -0.892  1.000 
c8              0.328  0.308  0.886 -0.982  1.000 


*******************************************************************************
Mon Oct  6 20:42:17 2025


FIT:    data read from "../Data/D15.48/relvol.Nt16" using 1:2:3:4 xyerrors
        format = x:z:sx:s
        x range restricted to [0.0172000 : 0.0774000]
        #datapoints = 14
function used for fitting: f7(x)
	f7(x)=y7+a7*(x-x7)+b7*(x-x7)**3+c7*(x-x7)**4
fitted parameters initialized with current variable values

iter      chisq       delta/lim  lambda   x7            y7            a7            b7            c7           
   0 9.2352595032e+04   0.00e+00  1.25e+02    5.000000e-02   1.000000e-01   1.000000e+02  -1.000000e+03   1.000000e+04
  15 9.0841872561e+00  -3.25e-02  1.25e-05    3.547816e-02   2.009064e-01   1.024417e+01  -4.837079e+03   7.270969e+04

After 15 iterations the fit converged.
final sum of squares of residuals : 9.08419
rel. change during last iteration : -3.24589e-07

degrees of freedom    (FIT_NDF)                        : 9
rms of residuals      (FIT_STDFIT) = sqrt(WSSR/ndf)    : 1.00467
variance of residuals (reduced chisquare) = WSSR/ndf   : 1.00935
p-value of the Chisq distribution (FIT_P)              : 0.42954

Final set of parameters            Asymptotic Standard Error
=======================            ==========================
x7              = 0.0354782        +/- 0.001612     (4.545%)
y7              = 0.200906         +/- 0.01272      (6.334%)
a7              = 10.2442          +/- 0.5878       (5.737%)
b7              = -4837.08         +/- 1886         (38.98%)
c7              = 72709.7          +/- 3.894e+04    (53.56%)

correlation matrix of the fit parameters:
                x7     y7     a7     b7     c7     
x7              1.000 
y7              0.968  1.000 
a7              0.340  0.235  1.000 
b7             -0.433 -0.361 -0.937  1.000 
c7              0.408  0.337  0.909 -0.995  1.000 


*******************************************************************************
Mon Oct  6 20:42:17 2025


FIT:    data read from "../Data/D15.48/relvol.Nt14" using 1:2:3:4 xyerrors
        format = x:z:sx:s
        x range restricted to [0.0248000 : 0.111600]
        #datapoints = 7
function used for fitting: f6(x)
	f6(x)=y6+a6*(x-x6)+b6*(x-x6)**3+c6*(x-x6)**4
fitted parameters initialized with current variable values

iter      chisq       delta/lim  lambda   x6            y6            a6            b6            c6           
   0 1.2006087888e+05   0.00e+00  1.03e+02    5.000000e-02   1.000000e-01   1.000000e+02  -1.000000e+03   1.000000e+04
   8 1.9643201996e+00   0.00e+00  1.03e+07    5.676117e-02   1.981084e-01   9.797187e+00  -4.618145e+03   6.512058e+04

After 8 iterations the fit converged.
final sum of squares of residuals : 1.96432
rel. change during last iteration : 0

degrees of freedom    (FIT_NDF)                        : 2
rms of residuals      (FIT_STDFIT) = sqrt(WSSR/ndf)    : 0.99104
variance of residuals (reduced chisquare) = WSSR/ndf   : 0.98216
p-value of the Chisq distribution (FIT_P)              : 0.374501

Final set of parameters            Asymptotic Standard Error
=======================            ==========================
x6              = 0.0567612        +/- 0.0008032    (1.415%)
y6              = 0.198108         +/- 0.005327     (2.689%)
a6              = 9.79719          +/- 0.3588       (3.662%)
b6              = -4618.14         +/- 652.3        (14.12%)
c6              = 65120.6          +/- 1.069e+04    (16.42%)

correlation matrix of the fit parameters:
                x6     y6     a6     b6     c6     
x6              1.000 
y6              0.837  1.000 
a6             -0.328 -0.498  1.000 
b6              0.436  0.535 -0.928  1.000 
c6             -0.437 -0.543  0.887 -0.993  1.000 


*******************************************************************************
Mon Oct  6 20:42:17 2025


FIT:    data read from "../Data/D15.48/relvol.Nt12" using 1:2:3:4 xyerrors
        format = x:z:sx:s
        x range restricted to [0.0672000 : 0.163200]
        #datapoints = 10
function used for fitting: f5(x)
	f5(x)=y5+a5*(x-x5)+b5*(x-x5)**3+c5*(x-x5)**4
fitted parameters initialized with current variable values

iter      chisq       delta/lim  lambda   x5            y5            a5            b5            c5           
   0 3.3147608603e+05   0.00e+00  2.52e+02    1.000000e-01   1.000000e-01   1.000000e+02  -1.000000e+03   1.000000e+04
   7 4.9432387558e+00  -4.94e-01  2.52e-05    9.803575e-02   2.684680e-01   8.893847e+00  -2.318879e+03   2.207736e+04

After 7 iterations the fit converged.
final sum of squares of residuals : 4.94324
rel. change during last iteration : -4.93516e-06

degrees of freedom    (FIT_NDF)                        : 5
rms of residuals      (FIT_STDFIT) = sqrt(WSSR/ndf)    : 0.994308
variance of residuals (reduced chisquare) = WSSR/ndf   : 0.988648
p-value of the Chisq distribution (FIT_P)              : 0.422847

Final set of parameters            Asymptotic Standard Error
=======================            ==========================
x5              = 0.0980358        +/- 0.0009343    (0.9531%)
y5              = 0.268468         +/- 0.006239     (2.324%)
a5              = 8.89385          +/- 0.2106       (2.368%)
b5              = -2318.88         +/- 272.7        (11.76%)
c5              = 22077.4          +/- 3640         (16.49%)

correlation matrix of the fit parameters:
                x5     y5     a5     b5     c5     
x5              1.000 
y5              0.930  1.000 
a5              0.196  0.006  1.000 
b5             -0.451 -0.341 -0.893  1.000 
c5              0.443  0.342  0.861 -0.995  1.000 


*******************************************************************************
Mon Oct  6 20:42:17 2025


FIT:    data read from "../Data/D15.48/relvol.Nt10" using 1:2:3:4 xyerrors
        format = x:z:sx:s
        x range restricted to [0.115500 : 0.181500]
        #datapoints = 12
function used for fitting: f4(x)
	f4(x)=y4+a4*(x-x4)+b4*(x-x4)**3+c4*(x-x4)**4
fitted parameters initialized with current variable values

iter      chisq       delta/lim  lambda   x4            y4            a4            b4            c4           
   0 1.4274226124e+05   0.00e+00  4.44e+02    1.500000e-01   1.000000e-01   1.000000e+02  -1.000000e+03   1.000000e+04
   8 7.0005030855e+00   0.00e+00  4.44e+06    1.406294e-01   2.283650e-01   9.350845e+00  -2.567124e+03   2.964820e+04

After 8 iterations the fit converged.
final sum of squares of residuals : 7.0005
rel. change during last iteration : 0

degrees of freedom    (FIT_NDF)                        : 7
rms of residuals      (FIT_STDFIT) = sqrt(WSSR/ndf)    : 1.00004
variance of residuals (reduced chisquare) = WSSR/ndf   : 1.00007
p-value of the Chisq distribution (FIT_P)              : 0.428827

Final set of parameters            Asymptotic Standard Error
=======================            ==========================
x4              = 0.140629         +/- 0.001616     (1.149%)
y4              = 0.228365         +/- 0.01305      (5.716%)
a4              = 9.35084          +/- 0.3026       (3.237%)
b4              = -2567.12         +/- 748.4        (29.15%)
c4              = 29648.2          +/- 1.731e+04    (58.38%)

correlation matrix of the fit parameters:
                x4     y4     a4     b4     c4     
x4              1.000 
y4              0.985  1.000 
a4             -0.416 -0.489  1.000 
b4              0.591  0.655 -0.926  1.000 
c4             -0.715 -0.775  0.830 -0.971  1.000 


*******************************************************************************
Mon Oct  6 20:42:17 2025


FIT:    data read from "../Data/D15.48/relvol.Nt8" using 1:2:3:4 xyerrors
        format = x:z:sx:s
        x range restricted to [0.190000 : 0.243200]
        #datapoints = 14
function used for fitting: f3(x)
	f3(x)=y3+a3*(x-x3)+b3*(x-x3)**3+c3*(x-x3)**4
fitted parameters initialized with current variable values

iter      chisq       delta/lim  lambda   x3            y3            a3            b3            c3           
   0 5.3275546868e+05   0.00e+00  7.43e+02    2.000000e-01   1.000000e-01   1.000000e+02  -1.000000e+03   1.000000e+04
  18 8.9401089154e+00  -1.75e-02  7.43e-06    2.130523e-01   1.865057e-01   1.040456e+01  -6.163303e+03   1.358883e+05

After 18 iterations the fit converged.
final sum of squares of residuals : 8.94011
rel. change during last iteration : -1.74619e-07

degrees of freedom    (FIT_NDF)                        : 9
rms of residuals      (FIT_STDFIT) = sqrt(WSSR/ndf)    : 0.996667
variance of residuals (reduced chisquare) = WSSR/ndf   : 0.993345
p-value of the Chisq distribution (FIT_P)              : 0.442821

Final set of parameters            Asymptotic Standard Error
=======================            ==========================
x3              = 0.213052         +/- 0.001222     (0.5736%)
y3              = 0.186506         +/- 0.01061      (5.691%)
a3              = 10.4046          +/- 0.2665       (2.561%)
b3              = -6163.3          +/- 1239         (20.09%)
c3              = 135888           +/- 3.994e+04    (29.39%)

correlation matrix of the fit parameters:
                x3     y3     a3     b3     c3     
x3              1.000 
y3              0.984  1.000 
a3             -0.333 -0.354  1.000 
b3              0.833  0.848 -0.751  1.000 
c3             -0.911 -0.938  0.536 -0.944  1.000 


*******************************************************************************
Mon Oct  6 20:42:17 2025


FIT:    data read from "../Data/D15.48/relvol.Nt6" using 1:2:3:4 xyerrors
        format = x:z:sx:s
        x range restricted to [0.329800 : 0.404600]
        #datapoints = 22
function used for fitting: f2(x)
	f2(x)=y2+a2*(x-x2)+b2*(x-x2)**3+c2*(x-x2)**4
fitted parameters initialized with current variable values

iter      chisq       delta/lim  lambda   x2            y2            a2            b2            c2           
   0 2.8951062904e+06   0.00e+00  1.87e+03    3.500000e-01   1.000000e-01   1.000000e+02  -1.000000e+03   1.000000e+04
   8 1.6926784044e+01   0.00e+00  1.87e+07    3.660820e-01   2.577035e-01   9.957594e+00  -2.236914e+03   1.156556e+04

After 8 iterations the fit converged.
final sum of squares of residuals : 16.9268
rel. change during last iteration : 0

degrees of freedom    (FIT_NDF)                        : 17
rms of residuals      (FIT_STDFIT) = sqrt(WSSR/ndf)    : 0.997844
variance of residuals (reduced chisquare) = WSSR/ndf   : 0.995693
p-value of the Chisq distribution (FIT_P)              : 0.459337

Final set of parameters            Asymptotic Standard Error
=======================            ==========================
x2              = 0.366082         +/- 0.0008889    (0.2428%)
y2              = 0.257703         +/- 0.007567     (2.936%)
a2              = 9.95759          +/- 0.08271      (0.8306%)
b2              = -2236.91         +/- 100.6        (4.496%)
c2              = 11565.6          +/- 4347         (37.58%)

correlation matrix of the fit parameters:
                x2     y2     a2     b2     c2     
x2              1.000 
y2              0.991  1.000 
a2             -0.126 -0.149  1.000 
b2              0.585  0.602 -0.838  1.000 
c2             -0.964 -0.982  0.190 -0.633  1.000 


*******************************************************************************
Mon Oct  6 20:42:17 2025


FIT:    data read from "../Data/D15.48/relvol.Nt4" using 1:2:3:4 xyerrors
        format = x:z:sx:s
        x range restricted to [0.660000 : 0.712800]
        #datapoints = 12
function used for fitting: f1(x)
	f1(x)=y1+a1*(x-x1)+b1*(x-x1)**3+c1*(x-x1)**4
fitted parameters initialized with current variable values

iter      chisq       delta/lim  lambda   x1            y1            a1            b1            c1           
   0 4.0178716668e+05   0.00e+00  3.89e+03    7.000000e-01   1.000000e-01   1.000000e+02  -1.000000e+03   1.000000e+04
  20 6.8356580147e+00  -1.73e-01  3.89e-06    6.966104e-01   2.667592e-01   1.389380e+01  -1.003649e+04  -1.320062e+05

After 20 iterations the fit converged.
final sum of squares of residuals : 6.83566
rel. change during last iteration : -1.73482e-06

degrees of freedom    (FIT_NDF)                        : 7
rms of residuals      (FIT_STDFIT) = sqrt(WSSR/ndf)    : 0.988192
variance of residuals (reduced chisquare) = WSSR/ndf   : 0.976523
p-value of the Chisq distribution (FIT_P)              : 0.44619

Final set of parameters            Asymptotic Standard Error
=======================            ==========================
x1              = 0.69661          +/- 0.000256     (0.03675%)
y1              = 0.266759         +/- 0.002544     (0.9538%)
a1              = 13.8938          +/- 0.1687       (1.214%)
b1              = -10036.5         +/- 701.7        (6.991%)
c1              = -132006          +/- 1.62e+04     (12.27%)

correlation matrix of the fit parameters:
                x1     y1     a1     b1     c1     
x1              1.000 
y1              0.952  1.000 
a1             -0.122 -0.093  1.000 
b1              0.317  0.314 -0.934  1.000 
c1              0.253  0.252 -0.917  0.994  1.000 


*******************************************************************************
Mon Oct  6 20:42:48 2025


FIT:    data read from "../Data/D15.48/relvol.Nt24" using 1:2:3:4 xyerrors
        format = x:z:sx:s
        x range restricted to [0.00000 : 0.0621000]
        #datapoints = 9
function used for fitting: f10(x)
	f10(x)=y10+a10*(x-x10)+b10*(x-x10)**3+c10*(x-x10)**4
fitted parameters initialized with current variable values

iter      chisq       delta/lim  lambda   x10           y10           a10           b10           c10          
   0 2.0712880399e+05   0.00e+00  1.42e+02    5.000000e-02   1.000000e-01   1.000000e+02  -1.000000e+03   1.000000e+04
   7 4.1282942117e+00  -2.05e-02  1.42e-05    2.395258e-02   2.297877e-01   1.098284e+01  -3.340650e+03   5.750974e+03

After 7 iterations the fit converged.
final sum of squares of residuals : 4.12829
rel. change during last iteration : -2.05128e-07

degrees of freedom    (FIT_NDF)                        : 4
rms of residuals      (FIT_STDFIT) = sqrt(WSSR/ndf)    : 1.01591
variance of residuals (reduced chisquare) = WSSR/ndf   : 1.03207
p-value of the Chisq distribution (FIT_P)              : 0.388921

Final set of parameters            Asymptotic Standard Error
=======================            ==========================
x10             = 0.0239526        +/- 0.002041     (8.52%)
y10             = 0.229788         +/- 0.01908      (8.305%)
a10             = 10.9828          +/- 0.3865       (3.519%)
b10             = -3340.65         +/- 853.6        (25.55%)
c10             = 5750.97          +/- 2.802e+04    (487.3%)

correlation matrix of the fit parameters:
                x10    y10    a10    b10    c10    
x10             1.000 
y10             0.990  1.000 
a10            -0.581 -0.607  1.000 
b10             0.684  0.724 -0.964  1.000 
c10            -0.901 -0.934  0.806 -0.910  1.000 


*******************************************************************************
Mon Oct  6 20:42:48 2025


FIT:    data read from "../Data/D15.48/relvol.Nt20" using 1:2:3:4 xyerrors
        format = x:z:sx:s
        x range restricted to [0.00000 : 0.0464000]
        #datapoints = 16
function used for fitting: f9(x)
	f9(x)=y9+a9*(x-x9)+b9*(x-x9)**3+c9*(x-x9)**4
fitted parameters initialized with current variable values

iter      chisq       delta/lim  lambda   x9            y9            a9            b9            c9           
   0 7.1891219971e+05   0.00e+00  1.66e+02    5.000000e-02   1.000000e-01   1.000000e+02  -1.000000e+03   1.000000e+04
 103 1.0948676014e+01  -4.80e-01  1.66e-05    1.550289e-02   1.480445e-01   1.248997e+01  -1.165502e+04   2.805126e+05

After 103 iterations the fit converged.
final sum of squares of residuals : 10.9487
rel. change during last iteration : -4.799e-06

degrees of freedom    (FIT_NDF)                        : 11
rms of residuals      (FIT_STDFIT) = sqrt(WSSR/ndf)    : 0.997664
variance of residuals (reduced chisquare) = WSSR/ndf   : 0.995334
p-value of the Chisq distribution (FIT_P)              : 0.447573

Final set of parameters            Asymptotic Standard Error
=======================            ==========================
x9              = 0.0155029        +/- 0.00103      (6.644%)
y9              = 0.148045         +/- 0.00902      (6.093%)
a9              = 12.49            +/- 0.5227       (4.185%)
b9              = -11655           +/- 2914         (25%)
c9              = 280513           +/- 8.183e+04    (29.17%)

correlation matrix of the fit parameters:
                x9     y9     a9     b9     c9     
x9              1.000 
y9              0.952  1.000 
a9             -0.519 -0.382  1.000 
b9              0.847  0.793 -0.859  1.000 
c9             -0.887 -0.877  0.753 -0.979  1.000 


*******************************************************************************
Mon Oct  6 20:42:48 2025


FIT:    data read from "../Data/D15.48/relvol.Nt18" using 1:2:3:4 xyerrors
        format = x:z:sx:s
        x range restricted to [0.00870000 : 0.0667000]
        #datapoints = 20
function used for fitting: f8(x)
	f8(x)=y8+a8*(x-x8)+b8*(x-x8)**3+c8*(x-x8)**4
fitted parameters initialized with current variable values

iter      chisq       delta/lim  lambda   x8            y8            a8            b8            c8           
   0 2.2464422363e+05   0.00e+00  1.40e+02    5.000000e-02   1.000000e-01   1.000000e+02  -1.000000e+03   1.000000e+04
   7 1.5557526617e+01  -7.23e-01  1.40e-05    2.656453e-02   2.167611e-01   9.752811e+00  -2.894390e+03   2.006700e+04

After 7 iterations the fit converged.
final sum of squares of residuals : 15.5575
rel. change during last iteration : -7.22736e-06

degrees of freedom    (FIT_NDF)                        : 15
rms of residuals      (FIT_STDFIT) = sqrt(WSSR/ndf)    : 1.01841
variance of residuals (reduced chisquare) = WSSR/ndf   : 1.03717
p-value of the Chisq distribution (FIT_P)              : 0.412052

Final set of parameters            Asymptotic Standard Error
=======================            ==========================
x8              = 0.0265645        +/- 0.00332      (12.5%)
y8              = 0.216761         +/- 0.0278       (12.83%)
a8              = 9.75281          +/- 0.5967       (6.118%)
b8              = -2894.39         +/- 2203         (76.12%)
c8              = 20067            +/- 4.456e+04    (222.1%)

correlation matrix of the fit parameters:
                x8     y8     a8     b8     c8     
x8              1.000 
y8              0.992  1.000 
a8              0.204  0.160  1.000 
b8             -0.478 -0.457 -0.892  1.000 
c8              0.328  0.308  0.886 -0.982  1.000 


*******************************************************************************
Mon Oct  6 20:42:48 2025


FIT:    data read from "../Data/D15.48/relvol.Nt16" using 1:2:3:4 xyerrors
        format = x:z:sx:s
        x range restricted to [0.0172000 : 0.0774000]
        #datapoints = 14
function used for fitting: f7(x)
	f7(x)=y7+a7*(x-x7)+b7*(x-x7)**3+c7*(x-x7)**4
fitted parameters initialized with current variable values

iter      chisq       delta/lim  lambda   x7            y7            a7            b7            c7           
   0 9.2352595032e+04   0.00e+00  1.25e+02    5.000000e-02   1.000000e-01   1.000000e+02  -1.000000e+03   1.000000e+04
  15 9.0841872561e+00  -3.25e-02  1.25e-05    3.547816e-02   2.009064e-01   1.024417e+01  -4.837079e+03   7.270969e+04

After 15 iterations the fit converged.
final sum of squares of residuals : 9.08419
rel. change during last iteration : -3.24589e-07

degrees of freedom    (FIT_NDF)                        : 9
rms of residuals      (FIT_STDFIT) = sqrt(WSSR/ndf)    : 1.00467
variance of residuals (reduced chisquare) = WSSR/ndf   : 1.00935
p-value of the Chisq distribution (FIT_P)              : 0.42954

Final set of parameters            Asymptotic Standard Error
=======================            ==========================
x7              = 0.0354782        +/- 0.001612     (4.545%)
y7              = 0.200906         +/- 0.01272      (6.334%)
a7              = 10.2442          +/- 0.5878       (5.737%)
b7              = -4837.08         +/- 1886         (38.98%)
c7              = 72709.7          +/- 3.894e+04    (53.56%)

correlation matrix of the fit parameters:
                x7     y7     a7     b7     c7     
x7              1.000 
y7              0.968  1.000 
a7              0.340  0.235  1.000 
b7             -0.433 -0.361 -0.937  1.000 
c7              0.408  0.337  0.909 -0.995  1.000 


*******************************************************************************
Mon Oct  6 20:42:48 2025


FIT:    data read from "../Data/D15.48/relvol.Nt14" using 1:2:3:4 xyerrors
        format = x:z:sx:s
        x range restricted to [0.0248000 : 0.111600]
        #datapoints = 7
function used for fitting: f6(x)
	f6(x)=y6+a6*(x-x6)+b6*(x-x6)**3+c6*(x-x6)**4
fitted parameters initialized with current variable values

iter      chisq       delta/lim  lambda   x6            y6            a6            b6            c6           
   0 1.2006087888e+05   0.00e+00  1.03e+02    5.000000e-02   1.000000e-01   1.000000e+02  -1.000000e+03   1.000000e+04
   8 1.9643201996e+00   0.00e+00  1.03e+07    5.676117e-02   1.981084e-01   9.797187e+00  -4.618145e+03   6.512058e+04

After 8 iterations the fit converged.
final sum of squares of residuals : 1.96432
rel. change during last iteration : 0

degrees of freedom    (FIT_NDF)                        : 2
rms of residuals      (FIT_STDFIT) = sqrt(WSSR/ndf)    : 0.99104
variance of residuals (reduced chisquare) = WSSR/ndf   : 0.98216
p-value of the Chisq distribution (FIT_P)              : 0.374501

Final set of parameters            Asymptotic Standard Error
=======================            ==========================
x6              = 0.0567612        +/- 0.0008032    (1.415%)
y6              = 0.198108         +/- 0.005327     (2.689%)
a6              = 9.79719          +/- 0.3588       (3.662%)
b6              = -4618.14         +/- 652.3        (14.12%)
c6              = 65120.6          +/- 1.069e+04    (16.42%)

correlation matrix of the fit parameters:
                x6     y6     a6     b6     c6     
x6              1.000 
y6              0.837  1.000 
a6             -0.328 -0.498  1.000 
b6              0.436  0.535 -0.928  1.000 
c6             -0.437 -0.543  0.887 -0.993  1.000 


*******************************************************************************
Mon Oct  6 20:42:48 2025


FIT:    data read from "../Data/D15.48/relvol.Nt12" using 1:2:3:4 xyerrors
        format = x:z:sx:s
        x range restricted to [0.0672000 : 0.163200]
        #datapoints = 10
function used for fitting: f5(x)
	f5(x)=y5+a5*(x-x5)+b5*(x-x5)**3+c5*(x-x5)**4
fitted parameters initialized with current variable values

iter      chisq       delta/lim  lambda   x5            y5            a5            b5            c5           
   0 3.3147608603e+05   0.00e+00  2.52e+02    1.000000e-01   1.000000e-01   1.000000e+02  -1.000000e+03   1.000000e+04
   7 4.9432387558e+00  -4.94e-01  2.52e-05    9.803575e-02   2.684680e-01   8.893847e+00  -2.318879e+03   2.207736e+04

After 7 iterations the fit converged.
final sum of squares of residuals : 4.94324
rel. change during last iteration : -4.93516e-06

degrees of freedom    (FIT_NDF)                        : 5
rms of residuals      (FIT_STDFIT) = sqrt(WSSR/ndf)    : 0.994308
variance of residuals (reduced chisquare) = WSSR/ndf   : 0.988648
p-value of the Chisq distribution (FIT_P)              : 0.422847

Final set of parameters            Asymptotic Standard Error
=======================            ==========================
x5              = 0.0980358        +/- 0.0009343    (0.9531%)
y5              = 0.268468         +/- 0.006239     (2.324%)
a5              = 8.89385          +/- 0.2106       (2.368%)
b5              = -2318.88         +/- 272.7        (11.76%)
c5              = 22077.4          +/- 3640         (16.49%)

correlation matrix of the fit parameters:
                x5     y5     a5     b5     c5     
x5              1.000 
y5              0.930  1.000 
a5              0.196  0.006  1.000 
b5             -0.451 -0.341 -0.893  1.000 
c5              0.443  0.342  0.861 -0.995  1.000 


*******************************************************************************
Mon Oct  6 20:42:48 2025


FIT:    data read from "../Data/D15.48/relvol.Nt10" using 1:2:3:4 xyerrors
        format = x:z:sx:s
        x range restricted to [0.115500 : 0.181500]
        #datapoints = 12
function used for fitting: f4(x)
	f4(x)=y4+a4*(x-x4)+b4*(x-x4)**3+c4*(x-x4)**4
fitted parameters initialized with current variable values

iter      chisq       delta/lim  lambda   x4            y4            a4            b4            c4           
   0 1.4274226124e+05   0.00e+00  4.44e+02    1.500000e-01   1.000000e-01   1.000000e+02  -1.000000e+03   1.000000e+04
   8 7.0005030855e+00   0.00e+00  4.44e+06    1.406294e-01   2.283650e-01   9.350845e+00  -2.567124e+03   2.964820e+04

After 8 iterations the fit converged.
final sum of squares of residuals : 7.0005
rel. change during last iteration : 0

degrees of freedom    (FIT_NDF)                        : 7
rms of residuals      (FIT_STDFIT) = sqrt(WSSR/ndf)    : 1.00004
variance of residuals (reduced chisquare) = WSSR/ndf   : 1.00007
p-value of the Chisq distribution (FIT_P)              : 0.428827

Final set of parameters            Asymptotic Standard Error
=======================            ==========================
x4              = 0.140629         +/- 0.001616     (1.149%)
y4              = 0.228365         +/- 0.01305      (5.716%)
a4              = 9.35084          +/- 0.3026       (3.237%)
b4              = -2567.12         +/- 748.4        (29.15%)
c4              = 29648.2          +/- 1.731e+04    (58.38%)

correlation matrix of the fit parameters:
                x4     y4     a4     b4     c4     
x4              1.000 
y4              0.985  1.000 
a4             -0.416 -0.489  1.000 
b4              0.591  0.655 -0.926  1.000 
c4             -0.715 -0.775  0.830 -0.971  1.000 


*******************************************************************************
Mon Oct  6 20:42:48 2025


FIT:    data read from "../Data/D15.48/relvol.Nt8" using 1:2:3:4 xyerrors
        format = x:z:sx:s
        x range restricted to [0.190000 : 0.243200]
        #datapoints = 14
function used for fitting: f3(x)
	f3(x)=y3+a3*(x-x3)+b3*(x-x3)**3+c3*(x-x3)**4
fitted parameters initialized with current variable values

iter      chisq       delta/lim  lambda   x3            y3            a3            b3            c3           
   0 5.3275546868e+05   0.00e+00  7.43e+02    2.000000e-01   1.000000e-01   1.000000e+02  -1.000000e+03   1.000000e+04
  18 8.9401089154e+00  -1.75e-02  7.43e-06    2.130523e-01   1.865057e-01   1.040456e+01  -6.163303e+03   1.358883e+05

After 18 iterations the fit converged.
final sum of squares of residuals : 8.94011
rel. change during last iteration : -1.74619e-07

degrees of freedom    (FIT_NDF)                        : 9
rms of residuals      (FIT_STDFIT) = sqrt(WSSR/ndf)    : 0.996667
variance of residuals (reduced chisquare) = WSSR/ndf   : 0.993345
p-value of the Chisq distribution (FIT_P)              : 0.442821

Final set of parameters            Asymptotic Standard Error
=======================            ==========================
x3              = 0.213052         +/- 0.001222     (0.5736%)
y3              = 0.186506         +/- 0.01061      (5.691%)
a3              = 10.4046          +/- 0.2665       (2.561%)
b3              = -6163.3          +/- 1239         (20.09%)
c3              = 135888           +/- 3.994e+04    (29.39%)

correlation matrix of the fit parameters:
                x3     y3     a3     b3     c3     
x3              1.000 
y3              0.984  1.000 
a3             -0.333 -0.354  1.000 
b3              0.833  0.848 -0.751  1.000 
c3             -0.911 -0.938  0.536 -0.944  1.000 


*******************************************************************************
Mon Oct  6 20:42:48 2025


FIT:    data read from "../Data/D15.48/relvol.Nt6" using 1:2:3:4 xyerrors
        format = x:z:sx:s
        x range restricted to [0.329800 : 0.404600]
        #datapoints = 22
function used for fitting: f2(x)
	f2(x)=y2+a2*(x-x2)+b2*(x-x2)**3+c2*(x-x2)**4
fitted parameters initialized with current variable values

iter      chisq       delta/lim  lambda   x2            y2            a2            b2            c2           
   0 2.8951062904e+06   0.00e+00  1.87e+03    3.500000e-01   1.000000e-01   1.000000e+02  -1.000000e+03   1.000000e+04
   8 1.6926784044e+01   0.00e+00  1.87e+07    3.660820e-01   2.577035e-01   9.957594e+00  -2.236914e+03   1.156556e+04

After 8 iterations the fit converged.
final sum of squares of residuals : 16.9268
rel. change during last iteration : 0

degrees of freedom    (FIT_NDF)                        : 17
rms of residuals      (FIT_STDFIT) = sqrt(WSSR/ndf)    : 0.997844
variance of residuals (reduced chisquare) = WSSR/ndf   : 0.995693
p-value of the Chisq distribution (FIT_P)              : 0.459337

Final set of parameters            Asymptotic Standard Error
=======================            ==========================
x2              = 0.366082         +/- 0.0008889    (0.2428%)
y2              = 0.257703         +/- 0.007567     (2.936%)
a2              = 9.95759          +/- 0.08271      (0.8306%)
b2              = -2236.91         +/- 100.6        (4.496%)
c2              = 11565.6          +/- 4347         (37.58%)

correlation matrix of the fit parameters:
                x2     y2     a2     b2     c2     
x2              1.000 
y2              0.991  1.000 
a2             -0.126 -0.149  1.000 
b2              0.585  0.602 -0.838  1.000 
c2             -0.964 -0.982  0.190 -0.633  1.000 


*******************************************************************************
Mon Oct  6 20:42:48 2025


FIT:    data read from "../Data/D15.48/relvol.Nt4" using 1:2:3:4 xyerrors
        format = x:z:sx:s
        x range restricted to [0.660000 : 0.712800]
        #datapoints = 12
function used for fitting: f1(x)
	f1(x)=y1+a1*(x-x1)+b1*(x-x1)**3+c1*(x-x1)**4
fitted parameters initialized with current variable values

iter      chisq       delta/lim  lambda   x1            y1            a1            b1            c1           
   0 4.0178716668e+05   0.00e+00  3.89e+03    7.000000e-01   1.000000e-01   1.000000e+02  -1.000000e+03   1.000000e+04
  20 6.8356580147e+00  -1.73e-01  3.89e-06    6.966104e-01   2.667592e-01   1.389380e+01  -1.003649e+04  -1.320062e+05

After 20 iterations the fit converged.
final sum of squares of residuals : 6.83566
rel. change during last iteration : -1.73482e-06

degrees of freedom    (FIT_NDF)                        : 7
rms of residuals      (FIT_STDFIT) = sqrt(WSSR/ndf)    : 0.988192
variance of residuals (reduced chisquare) = WSSR/ndf   : 0.976523
p-value of the Chisq distribution (FIT_P)              : 0.44619

Final set of parameters            Asymptotic Standard Error
=======================            ==========================
x1              = 0.69661          +/- 0.000256     (0.03675%)
y1              = 0.266759         +/- 0.002544     (0.9538%)
a1              = 13.8938          +/- 0.1687       (1.214%)
b1              = -10036.5         +/- 701.7        (6.991%)
c1              = -132006          +/- 1.62e+04     (12.27%)

correlation matrix of the fit parameters:
                x1     y1     a1     b1     c1     
x1              1.000 
y1              0.952  1.000 
a1             -0.122 -0.093  1.000 
b1              0.317  0.314 -0.934  1.000 
c1              0.253  0.252 -0.917  0.994  1.000 


*******************************************************************************
Mon Oct  6 20:44:41 2025


FIT:    data read from "../Data/D15.48/relvol.Nt24" using 1:2:3:4 xyerrors
        format = x:z:sx:s
        x range restricted to [0.00000 : 0.0621000]
        #datapoints = 9
function used for fitting: f10(x)
	f10(x)=y10+a10*(x-x10)+b10*(x-x10)**3+c10*(x-x10)**4
fitted parameters initialized with current variable values

iter      chisq       delta/lim  lambda   x10           y10           a10           b10           c10          
   0 2.0712880399e+05   0.00e+00  1.42e+02    5.000000e-02   1.000000e-01   1.000000e+02  -1.000000e+03   1.000000e+04
   7 4.1282942117e+00  -2.05e-02  1.42e-05    2.395258e-02   2.297877e-01   1.098284e+01  -3.340650e+03   5.750974e+03

After 7 iterations the fit converged.
final sum of squares of residuals : 4.12829
rel. change during last iteration : -2.05128e-07

degrees of freedom    (FIT_NDF)                        : 4
rms of residuals      (FIT_STDFIT) = sqrt(WSSR/ndf)    : 1.01591
variance of residuals (reduced chisquare) = WSSR/ndf   : 1.03207
p-value of the Chisq distribution (FIT_P)              : 0.388921

Final set of parameters            Asymptotic Standard Error
=======================            ==========================
x10             = 0.0239526        +/- 0.002041     (8.52%)
y10             = 0.229788         +/- 0.01908      (8.305%)
a10             = 10.9828          +/- 0.3865       (3.519%)
b10             = -3340.65         +/- 853.6        (25.55%)
c10             = 5750.97          +/- 2.802e+04    (487.3%)

correlation matrix of the fit parameters:
                x10    y10    a10    b10    c10    
x10             1.000 
y10             0.990  1.000 
a10            -0.581 -0.607  1.000 
b10             0.684  0.724 -0.964  1.000 
c10            -0.901 -0.934  0.806 -0.910  1.000 


*******************************************************************************
Mon Oct  6 20:44:41 2025


FIT:    data read from "../Data/D15.48/relvol.Nt20" using 1:2:3:4 xyerrors
        format = x:z:sx:s
        x range restricted to [0.00000 : 0.0464000]
        #datapoints = 16
function used for fitting: f9(x)
	f9(x)=y9+a9*(x-x9)+b9*(x-x9)**3+c9*(x-x9)**4
fitted parameters initialized with current variable values

iter      chisq       delta/lim  lambda   x9            y9            a9            b9            c9           
   0 7.1891219971e+05   0.00e+00  1.66e+02    5.000000e-02   1.000000e-01   1.000000e+02  -1.000000e+03   1.000000e+04
 103 1.0948676014e+01  -4.80e-01  1.66e-05    1.550289e-02   1.480445e-01   1.248997e+01  -1.165502e+04   2.805126e+05

After 103 iterations the fit converged.
final sum of squares of residuals : 10.9487
rel. change during last iteration : -4.799e-06

degrees of freedom    (FIT_NDF)                        : 11
rms of residuals      (FIT_STDFIT) = sqrt(WSSR/ndf)    : 0.997664
variance of residuals (reduced chisquare) = WSSR/ndf   : 0.995334
p-value of the Chisq distribution (FIT_P)              : 0.447573

Final set of parameters            Asymptotic Standard Error
=======================            ==========================
x9              = 0.0155029        +/- 0.00103      (6.644%)
y9              = 0.148045         +/- 0.00902      (6.093%)
a9              = 12.49            +/- 0.5227       (4.185%)
b9              = -11655           +/- 2914         (25%)
c9              = 280513           +/- 8.183e+04    (29.17%)

correlation matrix of the fit parameters:
                x9     y9     a9     b9     c9     
x9              1.000 
y9              0.952  1.000 
a9             -0.519 -0.382  1.000 
b9              0.847  0.793 -0.859  1.000 
c9             -0.887 -0.877  0.753 -0.979  1.000 


*******************************************************************************
Mon Oct  6 20:44:41 2025


FIT:    data read from "../Data/D15.48/relvol.Nt18" using 1:2:3:4 xyerrors
        format = x:z:sx:s
        x range restricted to [0.00870000 : 0.0667000]
        #datapoints = 20
function used for fitting: f8(x)
	f8(x)=y8+a8*(x-x8)+b8*(x-x8)**3+c8*(x-x8)**4
fitted parameters initialized with current variable values

iter      chisq       delta/lim  lambda   x8            y8            a8            b8            c8           
   0 2.2464422363e+05   0.00e+00  1.40e+02    5.000000e-02   1.000000e-01   1.000000e+02  -1.000000e+03   1.000000e+04
   7 1.5557526617e+01  -7.23e-01  1.40e-05    2.656453e-02   2.167611e-01   9.752811e+00  -2.894390e+03   2.006700e+04

After 7 iterations the fit converged.
final sum of squares of residuals : 15.5575
rel. change during last iteration : -7.22736e-06

degrees of freedom    (FIT_NDF)                        : 15
rms of residuals      (FIT_STDFIT) = sqrt(WSSR/ndf)    : 1.01841
variance of residuals (reduced chisquare) = WSSR/ndf   : 1.03717
p-value of the Chisq distribution (FIT_P)              : 0.412052

Final set of parameters            Asymptotic Standard Error
=======================            ==========================
x8              = 0.0265645        +/- 0.00332      (12.5%)
y8              = 0.216761         +/- 0.0278       (12.83%)
a8              = 9.75281          +/- 0.5967       (6.118%)
b8              = -2894.39         +/- 2203         (76.12%)
c8              = 20067            +/- 4.456e+04    (222.1%)

correlation matrix of the fit parameters:
                x8     y8     a8     b8     c8     
x8              1.000 
y8              0.992  1.000 
a8              0.204  0.160  1.000 
b8             -0.478 -0.457 -0.892  1.000 
c8              0.328  0.308  0.886 -0.982  1.000 


*******************************************************************************
Mon Oct  6 20:44:41 2025


FIT:    data read from "../Data/D15.48/relvol.Nt16" using 1:2:3:4 xyerrors
        format = x:z:sx:s
        x range restricted to [0.0172000 : 0.0774000]
        #datapoints = 14
function used for fitting: f7(x)
	f7(x)=y7+a7*(x-x7)+b7*(x-x7)**3+c7*(x-x7)**4
fitted parameters initialized with current variable values

iter      chisq       delta/lim  lambda   x7            y7            a7            b7            c7           
   0 9.2352595032e+04   0.00e+00  1.25e+02    5.000000e-02   1.000000e-01   1.000000e+02  -1.000000e+03   1.000000e+04
  15 9.0841872561e+00  -3.25e-02  1.25e-05    3.547816e-02   2.009064e-01   1.024417e+01  -4.837079e+03   7.270969e+04

After 15 iterations the fit converged.
final sum of squares of residuals : 9.08419
rel. change during last iteration : -3.24589e-07

degrees of freedom    (FIT_NDF)                        : 9
rms of residuals      (FIT_STDFIT) = sqrt(WSSR/ndf)    : 1.00467
variance of residuals (reduced chisquare) = WSSR/ndf   : 1.00935
p-value of the Chisq distribution (FIT_P)              : 0.42954

Final set of parameters            Asymptotic Standard Error
=======================            ==========================
x7              = 0.0354782        +/- 0.001612     (4.545%)
y7              = 0.200906         +/- 0.01272      (6.334%)
a7              = 10.2442          +/- 0.5878       (5.737%)
b7              = -4837.08         +/- 1886         (38.98%)
c7              = 72709.7          +/- 3.894e+04    (53.56%)

correlation matrix of the fit parameters:
                x7     y7     a7     b7     c7     
x7              1.000 
y7              0.968  1.000 
a7              0.340  0.235  1.000 
b7             -0.433 -0.361 -0.937  1.000 
c7              0.408  0.337  0.909 -0.995  1.000 


*******************************************************************************
Mon Oct  6 20:44:41 2025


FIT:    data read from "../Data/D15.48/relvol.Nt14" using 1:2:3:4 xyerrors
        format = x:z:sx:s
        x range restricted to [0.0248000 : 0.111600]
        #datapoints = 7
function used for fitting: f6(x)
	f6(x)=y6+a6*(x-x6)+b6*(x-x6)**3+c6*(x-x6)**4
fitted parameters initialized with current variable values

iter      chisq       delta/lim  lambda   x6            y6            a6            b6            c6           
   0 1.2006087888e+05   0.00e+00  1.03e+02    5.000000e-02   1.000000e-01   1.000000e+02  -1.000000e+03   1.000000e+04
   8 1.9643201996e+00   0.00e+00  1.03e+07    5.676117e-02   1.981084e-01   9.797187e+00  -4.618145e+03   6.512058e+04

After 8 iterations the fit converged.
final sum of squares of residuals : 1.96432
rel. change during last iteration : 0

degrees of freedom    (FIT_NDF)                        : 2
rms of residuals      (FIT_STDFIT) = sqrt(WSSR/ndf)    : 0.99104
variance of residuals (reduced chisquare) = WSSR/ndf   : 0.98216
p-value of the Chisq distribution (FIT_P)              : 0.374501

Final set of parameters            Asymptotic Standard Error
=======================            ==========================
x6              = 0.0567612        +/- 0.0008032    (1.415%)
y6              = 0.198108         +/- 0.005327     (2.689%)
a6              = 9.79719          +/- 0.3588       (3.662%)
b6              = -4618.14         +/- 652.3        (14.12%)
c6              = 65120.6          +/- 1.069e+04    (16.42%)

correlation matrix of the fit parameters:
                x6     y6     a6     b6     c6     
x6              1.000 
y6              0.837  1.000 
a6             -0.328 -0.498  1.000 
b6              0.436  0.535 -0.928  1.000 
c6             -0.437 -0.543  0.887 -0.993  1.000 


*******************************************************************************
Mon Oct  6 20:44:41 2025


FIT:    data read from "../Data/D15.48/relvol.Nt12" using 1:2:3:4 xyerrors
        format = x:z:sx:s
        x range restricted to [0.0672000 : 0.163200]
        #datapoints = 10
function used for fitting: f5(x)
	f5(x)=y5+a5*(x-x5)+b5*(x-x5)**3+c5*(x-x5)**4
fitted parameters initialized with current variable values

iter      chisq       delta/lim  lambda   x5            y5            a5            b5            c5           
   0 3.3147608603e+05   0.00e+00  2.52e+02    1.000000e-01   1.000000e-01   1.000000e+02  -1.000000e+03   1.000000e+04
   7 4.9432387558e+00  -4.94e-01  2.52e-05    9.803575e-02   2.684680e-01   8.893847e+00  -2.318879e+03   2.207736e+04

After 7 iterations the fit converged.
final sum of squares of residuals : 4.94324
rel. change during last iteration : -4.93516e-06

degrees of freedom    (FIT_NDF)                        : 5
rms of residuals      (FIT_STDFIT) = sqrt(WSSR/ndf)    : 0.994308
variance of residuals (reduced chisquare) = WSSR/ndf   : 0.988648
p-value of the Chisq distribution (FIT_P)              : 0.422847

Final set of parameters            Asymptotic Standard Error
=======================            ==========================
x5              = 0.0980358        +/- 0.0009343    (0.9531%)
y5              = 0.268468         +/- 0.006239     (2.324%)
a5              = 8.89385          +/- 0.2106       (2.368%)
b5              = -2318.88         +/- 272.7        (11.76%)
c5              = 22077.4          +/- 3640         (16.49%)

correlation matrix of the fit parameters:
                x5     y5     a5     b5     c5     
x5              1.000 
y5              0.930  1.000 
a5              0.196  0.006  1.000 
b5             -0.451 -0.341 -0.893  1.000 
c5              0.443  0.342  0.861 -0.995  1.000 


*******************************************************************************
Mon Oct  6 20:44:41 2025


FIT:    data read from "../Data/D15.48/relvol.Nt10" using 1:2:3:4 xyerrors
        format = x:z:sx:s
        x range restricted to [0.115500 : 0.181500]
        #datapoints = 12
function used for fitting: f4(x)
	f4(x)=y4+a4*(x-x4)+b4*(x-x4)**3+c4*(x-x4)**4
fitted parameters initialized with current variable values

iter      chisq       delta/lim  lambda   x4            y4            a4            b4            c4           
   0 1.4274226124e+05   0.00e+00  4.44e+02    1.500000e-01   1.000000e-01   1.000000e+02  -1.000000e+03   1.000000e+04
   8 7.0005030855e+00   0.00e+00  4.44e+06    1.406294e-01   2.283650e-01   9.350845e+00  -2.567124e+03   2.964820e+04

After 8 iterations the fit converged.
final sum of squares of residuals : 7.0005
rel. change during last iteration : 0

degrees of freedom    (FIT_NDF)                        : 7
rms of residuals      (FIT_STDFIT) = sqrt(WSSR/ndf)    : 1.00004
variance of residuals (reduced chisquare) = WSSR/ndf   : 1.00007
p-value of the Chisq distribution (FIT_P)              : 0.428827

Final set of parameters            Asymptotic Standard Error
=======================            ==========================
x4              = 0.140629         +/- 0.001616     (1.149%)
y4              = 0.228365         +/- 0.01305      (5.716%)
a4              = 9.35084          +/- 0.3026       (3.237%)
b4              = -2567.12         +/- 748.4        (29.15%)
c4              = 29648.2          +/- 1.731e+04    (58.38%)

correlation matrix of the fit parameters:
                x4     y4     a4     b4     c4     
x4              1.000 
y4              0.985  1.000 
a4             -0.416 -0.489  1.000 
b4              0.591  0.655 -0.926  1.000 
c4             -0.715 -0.775  0.830 -0.971  1.000 


*******************************************************************************
Mon Oct  6 20:44:41 2025


FIT:    data read from "../Data/D15.48/relvol.Nt8" using 1:2:3:4 xyerrors
        format = x:z:sx:s
        x range restricted to [0.190000 : 0.243200]
        #datapoints = 14
function used for fitting: f3(x)
	f3(x)=y3+a3*(x-x3)+b3*(x-x3)**3+c3*(x-x3)**4
fitted parameters initialized with current variable values

iter      chisq       delta/lim  lambda   x3            y3            a3            b3            c3           
   0 5.3275546868e+05   0.00e+00  7.43e+02    2.000000e-01   1.000000e-01   1.000000e+02  -1.000000e+03   1.000000e+04
  18 8.9401089154e+00  -1.75e-02  7.43e-06    2.130523e-01   1.865057e-01   1.040456e+01  -6.163303e+03   1.358883e+05

After 18 iterations the fit converged.
final sum of squares of residuals : 8.94011
rel. change during last iteration : -1.74619e-07

degrees of freedom    (FIT_NDF)                        : 9
rms of residuals      (FIT_STDFIT) = sqrt(WSSR/ndf)    : 0.996667
variance of residuals (reduced chisquare) = WSSR/ndf   : 0.993345
p-value of the Chisq distribution (FIT_P)              : 0.442821

Final set of parameters            Asymptotic Standard Error
=======================            ==========================
x3              = 0.213052         +/- 0.001222     (0.5736%)
y3              = 0.186506         +/- 0.01061      (5.691%)
a3              = 10.4046          +/- 0.2665       (2.561%)
b3              = -6163.3          +/- 1239         (20.09%)
c3              = 135888           +/- 3.994e+04    (29.39%)

correlation matrix of the fit parameters:
                x3     y3     a3     b3     c3     
x3              1.000 
y3              0.984  1.000 
a3             -0.333 -0.354  1.000 
b3              0.833  0.848 -0.751  1.000 
c3             -0.911 -0.938  0.536 -0.944  1.000 


*******************************************************************************
Mon Oct  6 20:44:41 2025


FIT:    data read from "../Data/D15.48/relvol.Nt6" using 1:2:3:4 xyerrors
        format = x:z:sx:s
        x range restricted to [0.329800 : 0.404600]
        #datapoints = 22
function used for fitting: f2(x)
	f2(x)=y2+a2*(x-x2)+b2*(x-x2)**3+c2*(x-x2)**4
fitted parameters initialized with current variable values

iter      chisq       delta/lim  lambda   x2            y2            a2            b2            c2           
   0 2.8951062904e+06   0.00e+00  1.87e+03    3.500000e-01   1.000000e-01   1.000000e+02  -1.000000e+03   1.000000e+04
   8 1.6926784044e+01   0.00e+00  1.87e+07    3.660820e-01   2.577035e-01   9.957594e+00  -2.236914e+03   1.156556e+04

After 8 iterations the fit converged.
final sum of squares of residuals : 16.9268
rel. change during last iteration : 0

degrees of freedom    (FIT_NDF)                        : 17
rms of residuals      (FIT_STDFIT) = sqrt(WSSR/ndf)    : 0.997844
variance of residuals (reduced chisquare) = WSSR/ndf   : 0.995693
p-value of the Chisq distribution (FIT_P)              : 0.459337

Final set of parameters            Asymptotic Standard Error
=======================            ==========================
x2              = 0.366082         +/- 0.0008889    (0.2428%)
y2              = 0.257703         +/- 0.007567     (2.936%)
a2              = 9.95759          +/- 0.08271      (0.8306%)
b2              = -2236.91         +/- 100.6        (4.496%)
c2              = 11565.6          +/- 4347         (37.58%)

correlation matrix of the fit parameters:
                x2     y2     a2     b2     c2     
x2              1.000 
y2              0.991  1.000 
a2             -0.126 -0.149  1.000 
b2              0.585  0.602 -0.838  1.000 
c2             -0.964 -0.982  0.190 -0.633  1.000 


*******************************************************************************
Mon Oct  6 20:44:41 2025


FIT:    data read from "../Data/D15.48/relvol.Nt4" using 1:2:3:4 xyerrors
        format = x:z:sx:s
        x range restricted to [0.660000 : 0.712800]
        #datapoints = 12
function used for fitting: f1(x)
	f1(x)=y1+a1*(x-x1)+b1*(x-x1)**3+c1*(x-x1)**4
fitted parameters initialized with current variable values

iter      chisq       delta/lim  lambda   x1            y1            a1            b1            c1           
   0 4.0178716668e+05   0.00e+00  3.89e+03    7.000000e-01   1.000000e-01   1.000000e+02  -1.000000e+03   1.000000e+04
  20 6.8356580147e+00  -1.73e-01  3.89e-06    6.966104e-01   2.667592e-01   1.389380e+01  -1.003649e+04  -1.320062e+05

After 20 iterations the fit converged.
final sum of squares of residuals : 6.83566
rel. change during last iteration : -1.73482e-06

degrees of freedom    (FIT_NDF)                        : 7
rms of residuals      (FIT_STDFIT) = sqrt(WSSR/ndf)    : 0.988192
variance of residuals (reduced chisquare) = WSSR/ndf   : 0.976523
p-value of the Chisq distribution (FIT_P)              : 0.44619

Final set of parameters            Asymptotic Standard Error
=======================            ==========================
x1              = 0.69661          +/- 0.000256     (0.03675%)
y1              = 0.266759         +/- 0.002544     (0.9538%)
a1              = 13.8938          +/- 0.1687       (1.214%)
b1              = -10036.5         +/- 701.7        (6.991%)
c1              = -132006          +/- 1.62e+04     (12.27%)

correlation matrix of the fit parameters:
                x1     y1     a1     b1     c1     
x1              1.000 
y1              0.952  1.000 
a1             -0.122 -0.093  1.000 
b1              0.317  0.314 -0.934  1.000 
c1              0.253  0.252 -0.917  0.994  1.000 


*******************************************************************************
Mon Oct  6 20:46:03 2025


FIT:    data read from "../Data/D15.48/relvol.Nt24" using 1:2:3:4 xyerrors
        format = x:z:sx:s
        x range restricted to [0.00000 : 0.0621000]
        #datapoints = 9
function used for fitting: f10(x)
	f10(x)=y10+a10*(x-x10)+b10*(x-x10)**3+c10*(x-x10)**4
fitted parameters initialized with current variable values

iter      chisq       delta/lim  lambda   x10           y10           a10           b10           c10          
   0 2.0712880399e+05   0.00e+00  1.42e+02    5.000000e-02   1.000000e-01   1.000000e+02  -1.000000e+03   1.000000e+04
   7 4.1282942117e+00  -2.05e-02  1.42e-05    2.395258e-02   2.297877e-01   1.098284e+01  -3.340650e+03   5.750974e+03

After 7 iterations the fit converged.
final sum of squares of residuals : 4.12829
rel. change during last iteration : -2.05128e-07

degrees of freedom    (FIT_NDF)                        : 4
rms of residuals      (FIT_STDFIT) = sqrt(WSSR/ndf)    : 1.01591
variance of residuals (reduced chisquare) = WSSR/ndf   : 1.03207
p-value of the Chisq distribution (FIT_P)              : 0.388921

Final set of parameters            Asymptotic Standard Error
=======================            ==========================
x10             = 0.0239526        +/- 0.002041     (8.52%)
y10             = 0.229788         +/- 0.01908      (8.305%)
a10             = 10.9828          +/- 0.3865       (3.519%)
b10             = -3340.65         +/- 853.6        (25.55%)
c10             = 5750.97          +/- 2.802e+04    (487.3%)

correlation matrix of the fit parameters:
                x10    y10    a10    b10    c10    
x10             1.000 
y10             0.990  1.000 
a10            -0.581 -0.607  1.000 
b10             0.684  0.724 -0.964  1.000 
c10            -0.901 -0.934  0.806 -0.910  1.000 


*******************************************************************************
Mon Oct  6 20:46:03 2025


FIT:    data read from "../Data/D15.48/relvol.Nt20" using 1:2:3:4 xyerrors
        format = x:z:sx:s
        x range restricted to [0.00000 : 0.0464000]
        #datapoints = 16
function used for fitting: f9(x)
	f9(x)=y9+a9*(x-x9)+b9*(x-x9)**3+c9*(x-x9)**4
fitted parameters initialized with current variable values

iter      chisq       delta/lim  lambda   x9            y9            a9            b9            c9           
   0 7.1891219971e+05   0.00e+00  1.66e+02    5.000000e-02   1.000000e-01   1.000000e+02  -1.000000e+03   1.000000e+04
 103 1.0948676014e+01  -4.80e-01  1.66e-05    1.550289e-02   1.480445e-01   1.248997e+01  -1.165502e+04   2.805126e+05

After 103 iterations the fit converged.
final sum of squares of residuals : 10.9487
rel. change during last iteration : -4.799e-06

degrees of freedom    (FIT_NDF)                        : 11
rms of residuals      (FIT_STDFIT) = sqrt(WSSR/ndf)    : 0.997664
variance of residuals (reduced chisquare) = WSSR/ndf   : 0.995334
p-value of the Chisq distribution (FIT_P)              : 0.447573

Final set of parameters            Asymptotic Standard Error
=======================            ==========================
x9              = 0.0155029        +/- 0.00103      (6.644%)
y9              = 0.148045         +/- 0.00902      (6.093%)
a9              = 12.49            +/- 0.5227       (4.185%)
b9              = -11655           +/- 2914         (25%)
c9              = 280513           +/- 8.183e+04    (29.17%)

correlation matrix of the fit parameters:
                x9     y9     a9     b9     c9     
x9              1.000 
y9              0.952  1.000 
a9             -0.519 -0.382  1.000 
b9              0.847  0.793 -0.859  1.000 
c9             -0.887 -0.877  0.753 -0.979  1.000 


*******************************************************************************
Mon Oct  6 20:46:03 2025


FIT:    data read from "../Data/D15.48/relvol.Nt18" using 1:2:3:4 xyerrors
        format = x:z:sx:s
        x range restricted to [0.00870000 : 0.0667000]
        #datapoints = 20
function used for fitting: f8(x)
	f8(x)=y8+a8*(x-x8)+b8*(x-x8)**3+c8*(x-x8)**4
fitted parameters initialized with current variable values

iter      chisq       delta/lim  lambda   x8            y8            a8            b8            c8           
   0 2.2464422363e+05   0.00e+00  1.40e+02    5.000000e-02   1.000000e-01   1.000000e+02  -1.000000e+03   1.000000e+04
   7 1.5557526617e+01  -7.23e-01  1.40e-05    2.656453e-02   2.167611e-01   9.752811e+00  -2.894390e+03   2.006700e+04

After 7 iterations the fit converged.
final sum of squares of residuals : 15.5575
rel. change during last iteration : -7.22736e-06

degrees of freedom    (FIT_NDF)                        : 15
rms of residuals      (FIT_STDFIT) = sqrt(WSSR/ndf)    : 1.01841
variance of residuals (reduced chisquare) = WSSR/ndf   : 1.03717
p-value of the Chisq distribution (FIT_P)              : 0.412052

Final set of parameters            Asymptotic Standard Error
=======================            ==========================
x8              = 0.0265645        +/- 0.00332      (12.5%)
y8              = 0.216761         +/- 0.0278       (12.83%)
a8              = 9.75281          +/- 0.5967       (6.118%)
b8              = -2894.39         +/- 2203         (76.12%)
c8              = 20067            +/- 4.456e+04    (222.1%)

correlation matrix of the fit parameters:
                x8     y8     a8     b8     c8     
x8              1.000 
y8              0.992  1.000 
a8              0.204  0.160  1.000 
b8             -0.478 -0.457 -0.892  1.000 
c8              0.328  0.308  0.886 -0.982  1.000 


*******************************************************************************
Mon Oct  6 20:46:03 2025


FIT:    data read from "../Data/D15.48/relvol.Nt16" using 1:2:3:4 xyerrors
        format = x:z:sx:s
        x range restricted to [0.0172000 : 0.0774000]
        #datapoints = 14
function used for fitting: f7(x)
	f7(x)=y7+a7*(x-x7)+b7*(x-x7)**3+c7*(x-x7)**4
fitted parameters initialized with current variable values

iter      chisq       delta/lim  lambda   x7            y7            a7            b7            c7           
   0 9.2352595032e+04   0.00e+00  1.25e+02    5.000000e-02   1.000000e-01   1.000000e+02  -1.000000e+03   1.000000e+04
  15 9.0841872561e+00  -3.25e-02  1.25e-05    3.547816e-02   2.009064e-01   1.024417e+01  -4.837079e+03   7.270969e+04

After 15 iterations the fit converged.
final sum of squares of residuals : 9.08419
rel. change during last iteration : -3.24589e-07

degrees of freedom    (FIT_NDF)                        : 9
rms of residuals      (FIT_STDFIT) = sqrt(WSSR/ndf)    : 1.00467
variance of residuals (reduced chisquare) = WSSR/ndf   : 1.00935
p-value of the Chisq distribution (FIT_P)              : 0.42954

Final set of parameters            Asymptotic Standard Error
=======================            ==========================
x7              = 0.0354782        +/- 0.001612     (4.545%)
y7              = 0.200906         +/- 0.01272      (6.334%)
a7              = 10.2442          +/- 0.5878       (5.737%)
b7              = -4837.08         +/- 1886         (38.98%)
c7              = 72709.7          +/- 3.894e+04    (53.56%)

correlation matrix of the fit parameters:
                x7     y7     a7     b7     c7     
x7              1.000 
y7              0.968  1.000 
a7              0.340  0.235  1.000 
b7             -0.433 -0.361 -0.937  1.000 
c7              0.408  0.337  0.909 -0.995  1.000 


*******************************************************************************
Mon Oct  6 20:46:03 2025


FIT:    data read from "../Data/D15.48/relvol.Nt14" using 1:2:3:4 xyerrors
        format = x:z:sx:s
        x range restricted to [0.0248000 : 0.111600]
        #datapoints = 7
function used for fitting: f6(x)
	f6(x)=y6+a6*(x-x6)+b6*(x-x6)**3+c6*(x-x6)**4
fitted parameters initialized with current variable values

iter      chisq       delta/lim  lambda   x6            y6            a6            b6            c6           
   0 1.2006087888e+05   0.00e+00  1.03e+02    5.000000e-02   1.000000e-01   1.000000e+02  -1.000000e+03   1.000000e+04
   8 1.9643201996e+00   0.00e+00  1.03e+07    5.676117e-02   1.981084e-01   9.797187e+00  -4.618145e+03   6.512058e+04

After 8 iterations the fit converged.
final sum of squares of residuals : 1.96432
rel. change during last iteration : 0

degrees of freedom    (FIT_NDF)                        : 2
rms of residuals      (FIT_STDFIT) = sqrt(WSSR/ndf)    : 0.99104
variance of residuals (reduced chisquare) = WSSR/ndf   : 0.98216
p-value of the Chisq distribution (FIT_P)              : 0.374501

Final set of parameters            Asymptotic Standard Error
=======================            ==========================
x6              = 0.0567612        +/- 0.0008032    (1.415%)
y6              = 0.198108         +/- 0.005327     (2.689%)
a6              = 9.79719          +/- 0.3588       (3.662%)
b6              = -4618.14         +/- 652.3        (14.12%)
c6              = 65120.6          +/- 1.069e+04    (16.42%)

correlation matrix of the fit parameters:
                x6     y6     a6     b6     c6     
x6              1.000 
y6              0.837  1.000 
a6             -0.328 -0.498  1.000 
b6              0.436  0.535 -0.928  1.000 
c6             -0.437 -0.543  0.887 -0.993  1.000 


*******************************************************************************
Mon Oct  6 20:46:03 2025


FIT:    data read from "../Data/D15.48/relvol.Nt12" using 1:2:3:4 xyerrors
        format = x:z:sx:s
        x range restricted to [0.0672000 : 0.163200]
        #datapoints = 10
function used for fitting: f5(x)
	f5(x)=y5+a5*(x-x5)+b5*(x-x5)**3+c5*(x-x5)**4
fitted parameters initialized with current variable values

iter      chisq       delta/lim  lambda   x5            y5            a5            b5            c5           
   0 3.3147608603e+05   0.00e+00  2.52e+02    1.000000e-01   1.000000e-01   1.000000e+02  -1.000000e+03   1.000000e+04
   7 4.9432387558e+00  -4.94e-01  2.52e-05    9.803575e-02   2.684680e-01   8.893847e+00  -2.318879e+03   2.207736e+04

After 7 iterations the fit converged.
final sum of squares of residuals : 4.94324
rel. change during last iteration : -4.93516e-06

degrees of freedom    (FIT_NDF)                        : 5
rms of residuals      (FIT_STDFIT) = sqrt(WSSR/ndf)    : 0.994308
variance of residuals (reduced chisquare) = WSSR/ndf   : 0.988648
p-value of the Chisq distribution (FIT_P)              : 0.422847

Final set of parameters            Asymptotic Standard Error
=======================            ==========================
x5              = 0.0980358        +/- 0.0009343    (0.9531%)
y5              = 0.268468         +/- 0.006239     (2.324%)
a5              = 8.89385          +/- 0.2106       (2.368%)
b5              = -2318.88         +/- 272.7        (11.76%)
c5              = 22077.4          +/- 3640         (16.49%)

correlation matrix of the fit parameters:
                x5     y5     a5     b5     c5     
x5              1.000 
y5              0.930  1.000 
a5              0.196  0.006  1.000 
b5             -0.451 -0.341 -0.893  1.000 
c5              0.443  0.342  0.861 -0.995  1.000 


*******************************************************************************
Mon Oct  6 20:46:03 2025


FIT:    data read from "../Data/D15.48/relvol.Nt10" using 1:2:3:4 xyerrors
        format = x:z:sx:s
        x range restricted to [0.115500 : 0.181500]
        #datapoints = 12
function used for fitting: f4(x)
	f4(x)=y4+a4*(x-x4)+b4*(x-x4)**3+c4*(x-x4)**4
fitted parameters initialized with current variable values

iter      chisq       delta/lim  lambda   x4            y4            a4            b4            c4           
   0 1.4274226124e+05   0.00e+00  4.44e+02    1.500000e-01   1.000000e-01   1.000000e+02  -1.000000e+03   1.000000e+04
   8 7.0005030855e+00   0.00e+00  4.44e+06    1.406294e-01   2.283650e-01   9.350845e+00  -2.567124e+03   2.964820e+04

After 8 iterations the fit converged.
final sum of squares of residuals : 7.0005
rel. change during last iteration : 0

degrees of freedom    (FIT_NDF)                        : 7
rms of residuals      (FIT_STDFIT) = sqrt(WSSR/ndf)    : 1.00004
variance of residuals (reduced chisquare) = WSSR/ndf   : 1.00007
p-value of the Chisq distribution (FIT_P)              : 0.428827

Final set of parameters            Asymptotic Standard Error
=======================            ==========================
x4              = 0.140629         +/- 0.001616     (1.149%)
y4              = 0.228365         +/- 0.01305      (5.716%)
a4              = 9.35084          +/- 0.3026       (3.237%)
b4              = -2567.12         +/- 748.4        (29.15%)
c4              = 29648.2          +/- 1.731e+04    (58.38%)

correlation matrix of the fit parameters:
                x4     y4     a4     b4     c4     
x4              1.000 
y4              0.985  1.000 
a4             -0.416 -0.489  1.000 
b4              0.591  0.655 -0.926  1.000 
c4             -0.715 -0.775  0.830 -0.971  1.000 


*******************************************************************************
Mon Oct  6 20:46:03 2025


FIT:    data read from "../Data/D15.48/relvol.Nt8" using 1:2:3:4 xyerrors
        format = x:z:sx:s
        x range restricted to [0.190000 : 0.243200]
        #datapoints = 14
function used for fitting: f3(x)
	f3(x)=y3+a3*(x-x3)+b3*(x-x3)**3+c3*(x-x3)**4
fitted parameters initialized with current variable values

iter      chisq       delta/lim  lambda   x3            y3            a3            b3            c3           
   0 5.3275546868e+05   0.00e+00  7.43e+02    2.000000e-01   1.000000e-01   1.000000e+02  -1.000000e+03   1.000000e+04
  18 8.9401089154e+00  -1.75e-02  7.43e-06    2.130523e-01   1.865057e-01   1.040456e+01  -6.163303e+03   1.358883e+05

After 18 iterations the fit converged.
final sum of squares of residuals : 8.94011
rel. change during last iteration : -1.74619e-07

degrees of freedom    (FIT_NDF)                        : 9
rms of residuals      (FIT_STDFIT) = sqrt(WSSR/ndf)    : 0.996667
variance of residuals (reduced chisquare) = WSSR/ndf   : 0.993345
p-value of the Chisq distribution (FIT_P)              : 0.442821

Final set of parameters            Asymptotic Standard Error
=======================            ==========================
x3              = 0.213052         +/- 0.001222     (0.5736%)
y3              = 0.186506         +/- 0.01061      (5.691%)
a3              = 10.4046          +/- 0.2665       (2.561%)
b3              = -6163.3          +/- 1239         (20.09%)
c3              = 135888           +/- 3.994e+04    (29.39%)

correlation matrix of the fit parameters:
                x3     y3     a3     b3     c3     
x3              1.000 
y3              0.984  1.000 
a3             -0.333 -0.354  1.000 
b3              0.833  0.848 -0.751  1.000 
c3             -0.911 -0.938  0.536 -0.944  1.000 


*******************************************************************************
Mon Oct  6 20:46:03 2025


FIT:    data read from "../Data/D15.48/relvol.Nt6" using 1:2:3:4 xyerrors
        format = x:z:sx:s
        x range restricted to [0.329800 : 0.404600]
        #datapoints = 22
function used for fitting: f2(x)
	f2(x)=y2+a2*(x-x2)+b2*(x-x2)**3+c2*(x-x2)**4
fitted parameters initialized with current variable values

iter      chisq       delta/lim  lambda   x2            y2            a2            b2            c2           
   0 2.8951062904e+06   0.00e+00  1.87e+03    3.500000e-01   1.000000e-01   1.000000e+02  -1.000000e+03   1.000000e+04
   8 1.6926784044e+01   0.00e+00  1.87e+07    3.660820e-01   2.577035e-01   9.957594e+00  -2.236914e+03   1.156556e+04

After 8 iterations the fit converged.
final sum of squares of residuals : 16.9268
rel. change during last iteration : 0

degrees of freedom    (FIT_NDF)                        : 17
rms of residuals      (FIT_STDFIT) = sqrt(WSSR/ndf)    : 0.997844
variance of residuals (reduced chisquare) = WSSR/ndf   : 0.995693
p-value of the Chisq distribution (FIT_P)              : 0.459337

Final set of parameters            Asymptotic Standard Error
=======================            ==========================
x2              = 0.366082         +/- 0.0008889    (0.2428%)
y2              = 0.257703         +/- 0.007567     (2.936%)
a2              = 9.95759          +/- 0.08271      (0.8306%)
b2              = -2236.91         +/- 100.6        (4.496%)
c2              = 11565.6          +/- 4347         (37.58%)

correlation matrix of the fit parameters:
                x2     y2     a2     b2     c2     
x2              1.000 
y2              0.991  1.000 
a2             -0.126 -0.149  1.000 
b2              0.585  0.602 -0.838  1.000 
c2             -0.964 -0.982  0.190 -0.633  1.000 


*******************************************************************************
Mon Oct  6 20:46:03 2025


FIT:    data read from "../Data/D15.48/relvol.Nt4" using 1:2:3:4 xyerrors
        format = x:z:sx:s
        x range restricted to [0.660000 : 0.712800]
        #datapoints = 12
function used for fitting: f1(x)
	f1(x)=y1+a1*(x-x1)+b1*(x-x1)**3+c1*(x-x1)**4
fitted parameters initialized with current variable values

iter      chisq       delta/lim  lambda   x1            y1            a1            b1            c1           
   0 4.0178716668e+05   0.00e+00  3.89e+03    7.000000e-01   1.000000e-01   1.000000e+02  -1.000000e+03   1.000000e+04
  20 6.8356580147e+00  -1.73e-01  3.89e-06    6.966104e-01   2.667592e-01   1.389380e+01  -1.003649e+04  -1.320062e+05

After 20 iterations the fit converged.
final sum of squares of residuals : 6.83566
rel. change during last iteration : -1.73482e-06

degrees of freedom    (FIT_NDF)                        : 7
rms of residuals      (FIT_STDFIT) = sqrt(WSSR/ndf)    : 0.988192
variance of residuals (reduced chisquare) = WSSR/ndf   : 0.976523
p-value of the Chisq distribution (FIT_P)              : 0.44619

Final set of parameters            Asymptotic Standard Error
=======================            ==========================
x1              = 0.69661          +/- 0.000256     (0.03675%)
y1              = 0.266759         +/- 0.002544     (0.9538%)
a1              = 13.8938          +/- 0.1687       (1.214%)
b1              = -10036.5         +/- 701.7        (6.991%)
c1              = -132006          +/- 1.62e+04     (12.27%)

correlation matrix of the fit parameters:
                x1     y1     a1     b1     c1     
x1              1.000 
y1              0.952  1.000 
a1             -0.122 -0.093  1.000 
b1              0.317  0.314 -0.934  1.000 
c1              0.253  0.252 -0.917  0.994  1.000 


*******************************************************************************
Mon Oct  6 20:46:05 2025


FIT:    data read from "../Data/D15.48/relvol.Nt24" using 1:2:3:4 xyerrors
        format = x:z:sx:s
        x range restricted to [0.00000 : 0.0621000]
        #datapoints = 9
function used for fitting: f10(x)
	f10(x)=y10+a10*(x-x10)+b10*(x-x10)**3+c10*(x-x10)**4
fitted parameters initialized with current variable values

iter      chisq       delta/lim  lambda   x10           y10           a10           b10           c10          
   0 2.0712880399e+05   0.00e+00  1.42e+02    5.000000e-02   1.000000e-01   1.000000e+02  -1.000000e+03   1.000000e+04
   7 4.1282942117e+00  -2.05e-02  1.42e-05    2.395258e-02   2.297877e-01   1.098284e+01  -3.340650e+03   5.750974e+03

After 7 iterations the fit converged.
final sum of squares of residuals : 4.12829
rel. change during last iteration : -2.05128e-07

degrees of freedom    (FIT_NDF)                        : 4
rms of residuals      (FIT_STDFIT) = sqrt(WSSR/ndf)    : 1.01591
variance of residuals (reduced chisquare) = WSSR/ndf   : 1.03207
p-value of the Chisq distribution (FIT_P)              : 0.388921

Final set of parameters            Asymptotic Standard Error
=======================            ==========================
x10             = 0.0239526        +/- 0.002041     (8.52%)
y10             = 0.229788         +/- 0.01908      (8.305%)
a10             = 10.9828          +/- 0.3865       (3.519%)
b10             = -3340.65         +/- 853.6        (25.55%)
c10             = 5750.97          +/- 2.802e+04    (487.3%)

correlation matrix of the fit parameters:
                x10    y10    a10    b10    c10    
x10             1.000 
y10             0.990  1.000 
a10            -0.581 -0.607  1.000 
b10             0.684  0.724 -0.964  1.000 
c10            -0.901 -0.934  0.806 -0.910  1.000 


*******************************************************************************
Mon Oct  6 20:46:05 2025


FIT:    data read from "../Data/D15.48/relvol.Nt20" using 1:2:3:4 xyerrors
        format = x:z:sx:s
        x range restricted to [0.00000 : 0.0464000]
        #datapoints = 16
function used for fitting: f9(x)
	f9(x)=y9+a9*(x-x9)+b9*(x-x9)**3+c9*(x-x9)**4
fitted parameters initialized with current variable values

iter      chisq       delta/lim  lambda   x9            y9            a9            b9            c9           
   0 7.1891219971e+05   0.00e+00  1.66e+02    5.000000e-02   1.000000e-01   1.000000e+02  -1.000000e+03   1.000000e+04
 103 1.0948676014e+01  -4.80e-01  1.66e-05    1.550289e-02   1.480445e-01   1.248997e+01  -1.165502e+04   2.805126e+05

After 103 iterations the fit converged.
final sum of squares of residuals : 10.9487
rel. change during last iteration : -4.799e-06

degrees of freedom    (FIT_NDF)                        : 11
rms of residuals      (FIT_STDFIT) = sqrt(WSSR/ndf)    : 0.997664
variance of residuals (reduced chisquare) = WSSR/ndf   : 0.995334
p-value of the Chisq distribution (FIT_P)              : 0.447573

Final set of parameters            Asymptotic Standard Error
=======================            ==========================
x9              = 0.0155029        +/- 0.00103      (6.644%)
y9              = 0.148045         +/- 0.00902      (6.093%)
a9              = 12.49            +/- 0.5227       (4.185%)
b9              = -11655           +/- 2914         (25%)
c9              = 280513           +/- 8.183e+04    (29.17%)

correlation matrix of the fit parameters:
                x9     y9     a9     b9     c9     
x9              1.000 
y9              0.952  1.000 
a9             -0.519 -0.382  1.000 
b9              0.847  0.793 -0.859  1.000 
c9             -0.887 -0.877  0.753 -0.979  1.000 


*******************************************************************************
Mon Oct  6 20:46:05 2025


FIT:    data read from "../Data/D15.48/relvol.Nt18" using 1:2:3:4 xyerrors
        format = x:z:sx:s
        x range restricted to [0.00870000 : 0.0667000]
        #datapoints = 20
function used for fitting: f8(x)
	f8(x)=y8+a8*(x-x8)+b8*(x-x8)**3+c8*(x-x8)**4
fitted parameters initialized with current variable values

iter      chisq       delta/lim  lambda   x8            y8            a8            b8            c8           
   0 2.2464422363e+05   0.00e+00  1.40e+02    5.000000e-02   1.000000e-01   1.000000e+02  -1.000000e+03   1.000000e+04
   7 1.5557526617e+01  -7.23e-01  1.40e-05    2.656453e-02   2.167611e-01   9.752811e+00  -2.894390e+03   2.006700e+04

After 7 iterations the fit converged.
final sum of squares of residuals : 15.5575
rel. change during last iteration : -7.22736e-06

degrees of freedom    (FIT_NDF)                        : 15
rms of residuals      (FIT_STDFIT) = sqrt(WSSR/ndf)    : 1.01841
variance of residuals (reduced chisquare) = WSSR/ndf   : 1.03717
p-value of the Chisq distribution (FIT_P)              : 0.412052

Final set of parameters            Asymptotic Standard Error
=======================            ==========================
x8              = 0.0265645        +/- 0.00332      (12.5%)
y8              = 0.216761         +/- 0.0278       (12.83%)
a8              = 9.75281          +/- 0.5967       (6.118%)
b8              = -2894.39         +/- 2203         (76.12%)
c8              = 20067            +/- 4.456e+04    (222.1%)

correlation matrix of the fit parameters:
                x8     y8     a8     b8     c8     
x8              1.000 
y8              0.992  1.000 
a8              0.204  0.160  1.000 
b8             -0.478 -0.457 -0.892  1.000 
c8              0.328  0.308  0.886 -0.982  1.000 


*******************************************************************************
Mon Oct  6 20:46:05 2025


FIT:    data read from "../Data/D15.48/relvol.Nt16" using 1:2:3:4 xyerrors
        format = x:z:sx:s
        x range restricted to [0.0172000 : 0.0774000]
        #datapoints = 14
function used for fitting: f7(x)
	f7(x)=y7+a7*(x-x7)+b7*(x-x7)**3+c7*(x-x7)**4
fitted parameters initialized with current variable values

iter      chisq       delta/lim  lambda   x7            y7            a7            b7            c7           
   0 9.2352595032e+04   0.00e+00  1.25e+02    5.000000e-02   1.000000e-01   1.000000e+02  -1.000000e+03   1.000000e+04
  15 9.0841872561e+00  -3.25e-02  1.25e-05    3.547816e-02   2.009064e-01   1.024417e+01  -4.837079e+03   7.270969e+04

After 15 iterations the fit converged.
final sum of squares of residuals : 9.08419
rel. change during last iteration : -3.24589e-07

degrees of freedom    (FIT_NDF)                        : 9
rms of residuals      (FIT_STDFIT) = sqrt(WSSR/ndf)    : 1.00467
variance of residuals (reduced chisquare) = WSSR/ndf   : 1.00935
p-value of the Chisq distribution (FIT_P)              : 0.42954

Final set of parameters            Asymptotic Standard Error
=======================            ==========================
x7              = 0.0354782        +/- 0.001612     (4.545%)
y7              = 0.200906         +/- 0.01272      (6.334%)
a7              = 10.2442          +/- 0.5878       (5.737%)
b7              = -4837.08         +/- 1886         (38.98%)
c7              = 72709.7          +/- 3.894e+04    (53.56%)

correlation matrix of the fit parameters:
                x7     y7     a7     b7     c7     
x7              1.000 
y7              0.968  1.000 
a7              0.340  0.235  1.000 
b7             -0.433 -0.361 -0.937  1.000 
c7              0.408  0.337  0.909 -0.995  1.000 


*******************************************************************************
Mon Oct  6 20:46:05 2025


FIT:    data read from "../Data/D15.48/relvol.Nt14" using 1:2:3:4 xyerrors
        format = x:z:sx:s
        x range restricted to [0.0248000 : 0.111600]
        #datapoints = 7
function used for fitting: f6(x)
	f6(x)=y6+a6*(x-x6)+b6*(x-x6)**3+c6*(x-x6)**4
fitted parameters initialized with current variable values

iter      chisq       delta/lim  lambda   x6            y6            a6            b6            c6           
   0 1.2006087888e+05   0.00e+00  1.03e+02    5.000000e-02   1.000000e-01   1.000000e+02  -1.000000e+03   1.000000e+04
   8 1.9643201996e+00   0.00e+00  1.03e+07    5.676117e-02   1.981084e-01   9.797187e+00  -4.618145e+03   6.512058e+04

After 8 iterations the fit converged.
final sum of squares of residuals : 1.96432
rel. change during last iteration : 0

degrees of freedom    (FIT_NDF)                        : 2
rms of residuals      (FIT_STDFIT) = sqrt(WSSR/ndf)    : 0.99104
variance of residuals (reduced chisquare) = WSSR/ndf   : 0.98216
p-value of the Chisq distribution (FIT_P)              : 0.374501

Final set of parameters            Asymptotic Standard Error
=======================            ==========================
x6              = 0.0567612        +/- 0.0008032    (1.415%)
y6              = 0.198108         +/- 0.005327     (2.689%)
a6              = 9.79719          +/- 0.3588       (3.662%)
b6              = -4618.14         +/- 652.3        (14.12%)
c6              = 65120.6          +/- 1.069e+04    (16.42%)

correlation matrix of the fit parameters:
                x6     y6     a6     b6     c6     
x6              1.000 
y6              0.837  1.000 
a6             -0.328 -0.498  1.000 
b6              0.436  0.535 -0.928  1.000 
c6             -0.437 -0.543  0.887 -0.993  1.000 


*******************************************************************************
Mon Oct  6 20:46:05 2025


FIT:    data read from "../Data/D15.48/relvol.Nt12" using 1:2:3:4 xyerrors
        format = x:z:sx:s
        x range restricted to [0.0672000 : 0.163200]
        #datapoints = 10
function used for fitting: f5(x)
	f5(x)=y5+a5*(x-x5)+b5*(x-x5)**3+c5*(x-x5)**4
fitted parameters initialized with current variable values

iter      chisq       delta/lim  lambda   x5            y5            a5            b5            c5           
   0 3.3147608603e+05   0.00e+00  2.52e+02    1.000000e-01   1.000000e-01   1.000000e+02  -1.000000e+03   1.000000e+04
   7 4.9432387558e+00  -4.94e-01  2.52e-05    9.803575e-02   2.684680e-01   8.893847e+00  -2.318879e+03   2.207736e+04

After 7 iterations the fit converged.
final sum of squares of residuals : 4.94324
rel. change during last iteration : -4.93516e-06

degrees of freedom    (FIT_NDF)                        : 5
rms of residuals      (FIT_STDFIT) = sqrt(WSSR/ndf)    : 0.994308
variance of residuals (reduced chisquare) = WSSR/ndf   : 0.988648
p-value of the Chisq distribution (FIT_P)              : 0.422847

Final set of parameters            Asymptotic Standard Error
=======================            ==========================
x5              = 0.0980358        +/- 0.0009343    (0.9531%)
y5              = 0.268468         +/- 0.006239     (2.324%)
a5              = 8.89385          +/- 0.2106       (2.368%)
b5              = -2318.88         +/- 272.7        (11.76%)
c5              = 22077.4          +/- 3640         (16.49%)

correlation matrix of the fit parameters:
                x5     y5     a5     b5     c5     
x5              1.000 
y5              0.930  1.000 
a5              0.196  0.006  1.000 
b5             -0.451 -0.341 -0.893  1.000 
c5              0.443  0.342  0.861 -0.995  1.000 


*******************************************************************************
Mon Oct  6 20:46:05 2025


FIT:    data read from "../Data/D15.48/relvol.Nt10" using 1:2:3:4 xyerrors
        format = x:z:sx:s
        x range restricted to [0.115500 : 0.181500]
        #datapoints = 12
function used for fitting: f4(x)
	f4(x)=y4+a4*(x-x4)+b4*(x-x4)**3+c4*(x-x4)**4
fitted parameters initialized with current variable values

iter      chisq       delta/lim  lambda   x4            y4            a4            b4            c4           
   0 1.4274226124e+05   0.00e+00  4.44e+02    1.500000e-01   1.000000e-01   1.000000e+02  -1.000000e+03   1.000000e+04
   8 7.0005030855e+00   0.00e+00  4.44e+06    1.406294e-01   2.283650e-01   9.350845e+00  -2.567124e+03   2.964820e+04

After 8 iterations the fit converged.
final sum of squares of residuals : 7.0005
rel. change during last iteration : 0

degrees of freedom    (FIT_NDF)                        : 7
rms of residuals      (FIT_STDFIT) = sqrt(WSSR/ndf)    : 1.00004
variance of residuals (reduced chisquare) = WSSR/ndf   : 1.00007
p-value of the Chisq distribution (FIT_P)              : 0.428827

Final set of parameters            Asymptotic Standard Error
=======================            ==========================
x4              = 0.140629         +/- 0.001616     (1.149%)
y4              = 0.228365         +/- 0.01305      (5.716%)
a4              = 9.35084          +/- 0.3026       (3.237%)
b4              = -2567.12         +/- 748.4        (29.15%)
c4              = 29648.2          +/- 1.731e+04    (58.38%)

correlation matrix of the fit parameters:
                x4     y4     a4     b4     c4     
x4              1.000 
y4              0.985  1.000 
a4             -0.416 -0.489  1.000 
b4              0.591  0.655 -0.926  1.000 
c4             -0.715 -0.775  0.830 -0.971  1.000 


*******************************************************************************
Mon Oct  6 20:46:05 2025


FIT:    data read from "../Data/D15.48/relvol.Nt8" using 1:2:3:4 xyerrors
        format = x:z:sx:s
        x range restricted to [0.190000 : 0.243200]
        #datapoints = 14
function used for fitting: f3(x)
	f3(x)=y3+a3*(x-x3)+b3*(x-x3)**3+c3*(x-x3)**4
fitted parameters initialized with current variable values

iter      chisq       delta/lim  lambda   x3            y3            a3            b3            c3           
   0 5.3275546868e+05   0.00e+00  7.43e+02    2.000000e-01   1.000000e-01   1.000000e+02  -1.000000e+03   1.000000e+04
  18 8.9401089154e+00  -1.75e-02  7.43e-06    2.130523e-01   1.865057e-01   1.040456e+01  -6.163303e+03   1.358883e+05

After 18 iterations the fit converged.
final sum of squares of residuals : 8.94011
rel. change during last iteration : -1.74619e-07

degrees of freedom    (FIT_NDF)                        : 9
rms of residuals      (FIT_STDFIT) = sqrt(WSSR/ndf)    : 0.996667
variance of residuals (reduced chisquare) = WSSR/ndf   : 0.993345
p-value of the Chisq distribution (FIT_P)              : 0.442821

Final set of parameters            Asymptotic Standard Error
=======================            ==========================
x3              = 0.213052         +/- 0.001222     (0.5736%)
y3              = 0.186506         +/- 0.01061      (5.691%)
a3              = 10.4046          +/- 0.2665       (2.561%)
b3              = -6163.3          +/- 1239         (20.09%)
c3              = 135888           +/- 3.994e+04    (29.39%)

correlation matrix of the fit parameters:
                x3     y3     a3     b3     c3     
x3              1.000 
y3              0.984  1.000 
a3             -0.333 -0.354  1.000 
b3              0.833  0.848 -0.751  1.000 
c3             -0.911 -0.938  0.536 -0.944  1.000 


*******************************************************************************
Mon Oct  6 20:46:05 2025


FIT:    data read from "../Data/D15.48/relvol.Nt6" using 1:2:3:4 xyerrors
        format = x:z:sx:s
        x range restricted to [0.329800 : 0.404600]
        #datapoints = 22
function used for fitting: f2(x)
	f2(x)=y2+a2*(x-x2)+b2*(x-x2)**3+c2*(x-x2)**4
fitted parameters initialized with current variable values

iter      chisq       delta/lim  lambda   x2            y2            a2            b2            c2           
   0 2.8951062904e+06   0.00e+00  1.87e+03    3.500000e-01   1.000000e-01   1.000000e+02  -1.000000e+03   1.000000e+04
   8 1.6926784044e+01   0.00e+00  1.87e+07    3.660820e-01   2.577035e-01   9.957594e+00  -2.236914e+03   1.156556e+04

After 8 iterations the fit converged.
final sum of squares of residuals : 16.9268
rel. change during last iteration : 0

degrees of freedom    (FIT_NDF)                        : 17
rms of residuals      (FIT_STDFIT) = sqrt(WSSR/ndf)    : 0.997844
variance of residuals (reduced chisquare) = WSSR/ndf   : 0.995693
p-value of the Chisq distribution (FIT_P)              : 0.459337

Final set of parameters            Asymptotic Standard Error
=======================            ==========================
x2              = 0.366082         +/- 0.0008889    (0.2428%)
y2              = 0.257703         +/- 0.007567     (2.936%)
a2              = 9.95759          +/- 0.08271      (0.8306%)
b2              = -2236.91         +/- 100.6        (4.496%)
c2              = 11565.6          +/- 4347         (37.58%)

correlation matrix of the fit parameters:
                x2     y2     a2     b2     c2     
x2              1.000 
y2              0.991  1.000 
a2             -0.126 -0.149  1.000 
b2              0.585  0.602 -0.838  1.000 
c2             -0.964 -0.982  0.190 -0.633  1.000 


*******************************************************************************
Mon Oct  6 20:46:05 2025


FIT:    data read from "../Data/D15.48/relvol.Nt4" using 1:2:3:4 xyerrors
        format = x:z:sx:s
        x range restricted to [0.660000 : 0.712800]
        #datapoints = 12
function used for fitting: f1(x)
	f1(x)=y1+a1*(x-x1)+b1*(x-x1)**3+c1*(x-x1)**4
fitted parameters initialized with current variable values

iter      chisq       delta/lim  lambda   x1            y1            a1            b1            c1           
   0 4.0178716668e+05   0.00e+00  3.89e+03    7.000000e-01   1.000000e-01   1.000000e+02  -1.000000e+03   1.000000e+04
  20 6.8356580147e+00  -1.73e-01  3.89e-06    6.966104e-01   2.667592e-01   1.389380e+01  -1.003649e+04  -1.320062e+05

After 20 iterations the fit converged.
final sum of squares of residuals : 6.83566
rel. change during last iteration : -1.73482e-06

degrees of freedom    (FIT_NDF)                        : 7
rms of residuals      (FIT_STDFIT) = sqrt(WSSR/ndf)    : 0.988192
variance of residuals (reduced chisquare) = WSSR/ndf   : 0.976523
p-value of the Chisq distribution (FIT_P)              : 0.44619

Final set of parameters            Asymptotic Standard Error
=======================            ==========================
x1              = 0.69661          +/- 0.000256     (0.03675%)
y1              = 0.266759         +/- 0.002544     (0.9538%)
a1              = 13.8938          +/- 0.1687       (1.214%)
b1              = -10036.5         +/- 701.7        (6.991%)
c1              = -132006          +/- 1.62e+04     (12.27%)

correlation matrix of the fit parameters:
                x1     y1     a1     b1     c1     
x1              1.000 
y1              0.952  1.000 
a1             -0.122 -0.093  1.000 
b1              0.317  0.314 -0.934  1.000 
c1              0.253  0.252 -0.917  0.994  1.000 


*******************************************************************************
Mon Oct  6 20:58:12 2025


FIT:    data read from "../Data/D15.48/relvol.Nt24" using 1:2:3:4 xyerrors
        format = x:z:sx:s
        x range restricted to [0.00000 : 0.0621000]
        #datapoints = 9
function used for fitting: f10(x)
	f10(x)=y10+a10*(x-x10)+b10*(x-x10)**3+c10*(x-x10)**4
fitted parameters initialized with current variable values

iter      chisq       delta/lim  lambda   x10           y10           a10           b10           c10          
   0 2.0712880399e+05   0.00e+00  1.42e+02    5.000000e-02   1.000000e-01   1.000000e+02  -1.000000e+03   1.000000e+04
   7 4.1282942117e+00  -2.05e-02  1.42e-05    2.395258e-02   2.297877e-01   1.098284e+01  -3.340650e+03   5.750974e+03

After 7 iterations the fit converged.
final sum of squares of residuals : 4.12829
rel. change during last iteration : -2.05128e-07

degrees of freedom    (FIT_NDF)                        : 4
rms of residuals      (FIT_STDFIT) = sqrt(WSSR/ndf)    : 1.01591
variance of residuals (reduced chisquare) = WSSR/ndf   : 1.03207
p-value of the Chisq distribution (FIT_P)              : 0.388921

Final set of parameters            Asymptotic Standard Error
=======================            ==========================
x10             = 0.0239526        +/- 0.002041     (8.52%)
y10             = 0.229788         +/- 0.01908      (8.305%)
a10             = 10.9828          +/- 0.3865       (3.519%)
b10             = -3340.65         +/- 853.6        (25.55%)
c10             = 5750.97          +/- 2.802e+04    (487.3%)

correlation matrix of the fit parameters:
                x10    y10    a10    b10    c10    
x10             1.000 
y10             0.990  1.000 
a10            -0.581 -0.607  1.000 
b10             0.684  0.724 -0.964  1.000 
c10            -0.901 -0.934  0.806 -0.910  1.000 


*******************************************************************************
Mon Oct  6 20:58:12 2025


FIT:    data read from "../Data/D15.48/relvol.Nt20" using 1:2:3:4 xyerrors
        format = x:z:sx:s
        x range restricted to [0.00000 : 0.0464000]
        #datapoints = 16
function used for fitting: f9(x)
	f9(x)=y9+a9*(x-x9)+b9*(x-x9)**3+c9*(x-x9)**4
fitted parameters initialized with current variable values

iter      chisq       delta/lim  lambda   x9            y9            a9            b9            c9           
   0 7.1891219971e+05   0.00e+00  1.66e+02    5.000000e-02   1.000000e-01   1.000000e+02  -1.000000e+03   1.000000e+04
 103 1.0948676014e+01  -4.80e-01  1.66e-05    1.550289e-02   1.480445e-01   1.248997e+01  -1.165502e+04   2.805126e+05

After 103 iterations the fit converged.
final sum of squares of residuals : 10.9487
rel. change during last iteration : -4.799e-06

degrees of freedom    (FIT_NDF)                        : 11
rms of residuals      (FIT_STDFIT) = sqrt(WSSR/ndf)    : 0.997664
variance of residuals (reduced chisquare) = WSSR/ndf   : 0.995334
p-value of the Chisq distribution (FIT_P)              : 0.447573

Final set of parameters            Asymptotic Standard Error
=======================            ==========================
x9              = 0.0155029        +/- 0.00103      (6.644%)
y9              = 0.148045         +/- 0.00902      (6.093%)
a9              = 12.49            +/- 0.5227       (4.185%)
b9              = -11655           +/- 2914         (25%)
c9              = 280513           +/- 8.183e+04    (29.17%)

correlation matrix of the fit parameters:
                x9     y9     a9     b9     c9     
x9              1.000 
y9              0.952  1.000 
a9             -0.519 -0.382  1.000 
b9              0.847  0.793 -0.859  1.000 
c9             -0.887 -0.877  0.753 -0.979  1.000 


*******************************************************************************
Mon Oct  6 20:58:12 2025


FIT:    data read from "../Data/D15.48/relvol.Nt18" using 1:2:3:4 xyerrors
        format = x:z:sx:s
        x range restricted to [0.00870000 : 0.0667000]
        #datapoints = 20
function used for fitting: f8(x)
	f8(x)=y8+a8*(x-x8)+b8*(x-x8)**3+c8*(x-x8)**4
fitted parameters initialized with current variable values

iter      chisq       delta/lim  lambda   x8            y8            a8            b8            c8           
   0 2.2464422363e+05   0.00e+00  1.40e+02    5.000000e-02   1.000000e-01   1.000000e+02  -1.000000e+03   1.000000e+04
   7 1.5557526617e+01  -7.23e-01  1.40e-05    2.656453e-02   2.167611e-01   9.752811e+00  -2.894390e+03   2.006700e+04

After 7 iterations the fit converged.
final sum of squares of residuals : 15.5575
rel. change during last iteration : -7.22736e-06

degrees of freedom    (FIT_NDF)                        : 15
rms of residuals      (FIT_STDFIT) = sqrt(WSSR/ndf)    : 1.01841
variance of residuals (reduced chisquare) = WSSR/ndf   : 1.03717
p-value of the Chisq distribution (FIT_P)              : 0.412052

Final set of parameters            Asymptotic Standard Error
=======================            ==========================
x8              = 0.0265645        +/- 0.00332      (12.5%)
y8              = 0.216761         +/- 0.0278       (12.83%)
a8              = 9.75281          +/- 0.5967       (6.118%)
b8              = -2894.39         +/- 2203         (76.12%)
c8              = 20067            +/- 4.456e+04    (222.1%)

correlation matrix of the fit parameters:
                x8     y8     a8     b8     c8     
x8              1.000 
y8              0.992  1.000 
a8              0.204  0.160  1.000 
b8             -0.478 -0.457 -0.892  1.000 
c8              0.328  0.308  0.886 -0.982  1.000 


*******************************************************************************
Mon Oct  6 20:58:12 2025


FIT:    data read from "../Data/D15.48/relvol.Nt16" using 1:2:3:4 xyerrors
        format = x:z:sx:s
        x range restricted to [0.0172000 : 0.0774000]
        #datapoints = 14
function used for fitting: f7(x)
	f7(x)=y7+a7*(x-x7)+b7*(x-x7)**3+c7*(x-x7)**4
fitted parameters initialized with current variable values

iter      chisq       delta/lim  lambda   x7            y7            a7            b7            c7           
   0 9.2352595032e+04   0.00e+00  1.25e+02    5.000000e-02   1.000000e-01   1.000000e+02  -1.000000e+03   1.000000e+04
  15 9.0841872561e+00  -3.25e-02  1.25e-05    3.547816e-02   2.009064e-01   1.024417e+01  -4.837079e+03   7.270969e+04

After 15 iterations the fit converged.
final sum of squares of residuals : 9.08419
rel. change during last iteration : -3.24589e-07

degrees of freedom    (FIT_NDF)                        : 9
rms of residuals      (FIT_STDFIT) = sqrt(WSSR/ndf)    : 1.00467
variance of residuals (reduced chisquare) = WSSR/ndf   : 1.00935
p-value of the Chisq distribution (FIT_P)              : 0.42954

Final set of parameters            Asymptotic Standard Error
=======================            ==========================
x7              = 0.0354782        +/- 0.001612     (4.545%)
y7              = 0.200906         +/- 0.01272      (6.334%)
a7              = 10.2442          +/- 0.5878       (5.737%)
b7              = -4837.08         +/- 1886         (38.98%)
c7              = 72709.7          +/- 3.894e+04    (53.56%)

correlation matrix of the fit parameters:
                x7     y7     a7     b7     c7     
x7              1.000 
y7              0.968  1.000 
a7              0.340  0.235  1.000 
b7             -0.433 -0.361 -0.937  1.000 
c7              0.408  0.337  0.909 -0.995  1.000 


*******************************************************************************
Mon Oct  6 20:58:12 2025


FIT:    data read from "../Data/D15.48/relvol.Nt14" using 1:2:3:4 xyerrors
        format = x:z:sx:s
        x range restricted to [0.0248000 : 0.111600]
        #datapoints = 7
function used for fitting: f6(x)
	f6(x)=y6+a6*(x-x6)+b6*(x-x6)**3+c6*(x-x6)**4
fitted parameters initialized with current variable values

iter      chisq       delta/lim  lambda   x6            y6            a6            b6            c6           
   0 1.2006087888e+05   0.00e+00  1.03e+02    5.000000e-02   1.000000e-01   1.000000e+02  -1.000000e+03   1.000000e+04
   8 1.9643201996e+00   0.00e+00  1.03e+07    5.676117e-02   1.981084e-01   9.797187e+00  -4.618145e+03   6.512058e+04

After 8 iterations the fit converged.
final sum of squares of residuals : 1.96432
rel. change during last iteration : 0

degrees of freedom    (FIT_NDF)                        : 2
rms of residuals      (FIT_STDFIT) = sqrt(WSSR/ndf)    : 0.99104
variance of residuals (reduced chisquare) = WSSR/ndf   : 0.98216
p-value of the Chisq distribution (FIT_P)              : 0.374501

Final set of parameters            Asymptotic Standard Error
=======================            ==========================
x6              = 0.0567612        +/- 0.0008032    (1.415%)
y6              = 0.198108         +/- 0.005327     (2.689%)
a6              = 9.79719          +/- 0.3588       (3.662%)
b6              = -4618.14         +/- 652.3        (14.12%)
c6              = 65120.6          +/- 1.069e+04    (16.42%)

correlation matrix of the fit parameters:
                x6     y6     a6     b6     c6     
x6              1.000 
y6              0.837  1.000 
a6             -0.328 -0.498  1.000 
b6              0.436  0.535 -0.928  1.000 
c6             -0.437 -0.543  0.887 -0.993  1.000 


*******************************************************************************
Mon Oct  6 20:58:12 2025


FIT:    data read from "../Data/D15.48/relvol.Nt12" using 1:2:3:4 xyerrors
        format = x:z:sx:s
        x range restricted to [0.0672000 : 0.163200]
        #datapoints = 10
function used for fitting: f5(x)
	f5(x)=y5+a5*(x-x5)+b5*(x-x5)**3+c5*(x-x5)**4
fitted parameters initialized with current variable values

iter      chisq       delta/lim  lambda   x5            y5            a5            b5            c5           
   0 3.3147608603e+05   0.00e+00  2.52e+02    1.000000e-01   1.000000e-01   1.000000e+02  -1.000000e+03   1.000000e+04
   7 4.9432387558e+00  -4.94e-01  2.52e-05    9.803575e-02   2.684680e-01   8.893847e+00  -2.318879e+03   2.207736e+04

After 7 iterations the fit converged.
final sum of squares of residuals : 4.94324
rel. change during last iteration : -4.93516e-06

degrees of freedom    (FIT_NDF)                        : 5
rms of residuals      (FIT_STDFIT) = sqrt(WSSR/ndf)    : 0.994308
variance of residuals (reduced chisquare) = WSSR/ndf   : 0.988648
p-value of the Chisq distribution (FIT_P)              : 0.422847

Final set of parameters            Asymptotic Standard Error
=======================            ==========================
x5              = 0.0980358        +/- 0.0009343    (0.9531%)
y5              = 0.268468         +/- 0.006239     (2.324%)
a5              = 8.89385          +/- 0.2106       (2.368%)
b5              = -2318.88         +/- 272.7        (11.76%)
c5              = 22077.4          +/- 3640         (16.49%)

correlation matrix of the fit parameters:
                x5     y5     a5     b5     c5     
x5              1.000 
y5              0.930  1.000 
a5              0.196  0.006  1.000 
b5             -0.451 -0.341 -0.893  1.000 
c5              0.443  0.342  0.861 -0.995  1.000 


*******************************************************************************
Mon Oct  6 20:58:12 2025


FIT:    data read from "../Data/D15.48/relvol.Nt10" using 1:2:3:4 xyerrors
        format = x:z:sx:s
        x range restricted to [0.115500 : 0.181500]
        #datapoints = 12
function used for fitting: f4(x)
	f4(x)=y4+a4*(x-x4)+b4*(x-x4)**3+c4*(x-x4)**4
fitted parameters initialized with current variable values

iter      chisq       delta/lim  lambda   x4            y4            a4            b4            c4           
   0 1.4274226124e+05   0.00e+00  4.44e+02    1.500000e-01   1.000000e-01   1.000000e+02  -1.000000e+03   1.000000e+04
   8 7.0005030855e+00   0.00e+00  4.44e+06    1.406294e-01   2.283650e-01   9.350845e+00  -2.567124e+03   2.964820e+04

After 8 iterations the fit converged.
final sum of squares of residuals : 7.0005
rel. change during last iteration : 0

degrees of freedom    (FIT_NDF)                        : 7
rms of residuals      (FIT_STDFIT) = sqrt(WSSR/ndf)    : 1.00004
variance of residuals (reduced chisquare) = WSSR/ndf   : 1.00007
p-value of the Chisq distribution (FIT_P)              : 0.428827

Final set of parameters            Asymptotic Standard Error
=======================            ==========================
x4              = 0.140629         +/- 0.001616     (1.149%)
y4              = 0.228365         +/- 0.01305      (5.716%)
a4              = 9.35084          +/- 0.3026       (3.237%)
b4              = -2567.12         +/- 748.4        (29.15%)
c4              = 29648.2          +/- 1.731e+04    (58.38%)

correlation matrix of the fit parameters:
                x4     y4     a4     b4     c4     
x4              1.000 
y4              0.985  1.000 
a4             -0.416 -0.489  1.000 
b4              0.591  0.655 -0.926  1.000 
c4             -0.715 -0.775  0.830 -0.971  1.000 


*******************************************************************************
Mon Oct  6 20:58:12 2025


FIT:    data read from "../Data/D15.48/relvol.Nt8" using 1:2:3:4 xyerrors
        format = x:z:sx:s
        x range restricted to [0.190000 : 0.243200]
        #datapoints = 14
function used for fitting: f3(x)
	f3(x)=y3+a3*(x-x3)+b3*(x-x3)**3+c3*(x-x3)**4
fitted parameters initialized with current variable values

iter      chisq       delta/lim  lambda   x3            y3            a3            b3            c3           
   0 5.3275546868e+05   0.00e+00  7.43e+02    2.000000e-01   1.000000e-01   1.000000e+02  -1.000000e+03   1.000000e+04
  18 8.9401089154e+00  -1.75e-02  7.43e-06    2.130523e-01   1.865057e-01   1.040456e+01  -6.163303e+03   1.358883e+05

After 18 iterations the fit converged.
final sum of squares of residuals : 8.94011
rel. change during last iteration : -1.74619e-07

degrees of freedom    (FIT_NDF)                        : 9
rms of residuals      (FIT_STDFIT) = sqrt(WSSR/ndf)    : 0.996667
variance of residuals (reduced chisquare) = WSSR/ndf   : 0.993345
p-value of the Chisq distribution (FIT_P)              : 0.442821

Final set of parameters            Asymptotic Standard Error
=======================            ==========================
x3              = 0.213052         +/- 0.001222     (0.5736%)
y3              = 0.186506         +/- 0.01061      (5.691%)
a3              = 10.4046          +/- 0.2665       (2.561%)
b3              = -6163.3          +/- 1239         (20.09%)
c3              = 135888           +/- 3.994e+04    (29.39%)

correlation matrix of the fit parameters:
                x3     y3     a3     b3     c3     
x3              1.000 
y3              0.984  1.000 
a3             -0.333 -0.354  1.000 
b3              0.833  0.848 -0.751  1.000 
c3             -0.911 -0.938  0.536 -0.944  1.000 


*******************************************************************************
Mon Oct  6 20:58:12 2025


FIT:    data read from "../Data/D15.48/relvol.Nt6" using 1:2:3:4 xyerrors
        format = x:z:sx:s
        x range restricted to [0.329800 : 0.404600]
        #datapoints = 22
function used for fitting: f2(x)
	f2(x)=y2+a2*(x-x2)+b2*(x-x2)**3+c2*(x-x2)**4
fitted parameters initialized with current variable values

iter      chisq       delta/lim  lambda   x2            y2            a2            b2            c2           
   0 2.8951062904e+06   0.00e+00  1.87e+03    3.500000e-01   1.000000e-01   1.000000e+02  -1.000000e+03   1.000000e+04
   8 1.6926784044e+01   0.00e+00  1.87e+07    3.660820e-01   2.577035e-01   9.957594e+00  -2.236914e+03   1.156556e+04

After 8 iterations the fit converged.
final sum of squares of residuals : 16.9268
rel. change during last iteration : 0

degrees of freedom    (FIT_NDF)                        : 17
rms of residuals      (FIT_STDFIT) = sqrt(WSSR/ndf)    : 0.997844
variance of residuals (reduced chisquare) = WSSR/ndf   : 0.995693
p-value of the Chisq distribution (FIT_P)              : 0.459337

Final set of parameters            Asymptotic Standard Error
=======================            ==========================
x2              = 0.366082         +/- 0.0008889    (0.2428%)
y2              = 0.257703         +/- 0.007567     (2.936%)
a2              = 9.95759          +/- 0.08271      (0.8306%)
b2              = -2236.91         +/- 100.6        (4.496%)
c2              = 11565.6          +/- 4347         (37.58%)

correlation matrix of the fit parameters:
                x2     y2     a2     b2     c2     
x2              1.000 
y2              0.991  1.000 
a2             -0.126 -0.149  1.000 
b2              0.585  0.602 -0.838  1.000 
c2             -0.964 -0.982  0.190 -0.633  1.000 


*******************************************************************************
Mon Oct  6 20:58:12 2025


FIT:    data read from "../Data/D15.48/relvol.Nt4" using 1:2:3:4 xyerrors
        format = x:z:sx:s
        x range restricted to [0.660000 : 0.712800]
        #datapoints = 12
function used for fitting: f1(x)
	f1(x)=y1+a1*(x-x1)+b1*(x-x1)**3+c1*(x-x1)**4
fitted parameters initialized with current variable values

iter      chisq       delta/lim  lambda   x1            y1            a1            b1            c1           
   0 4.0178716668e+05   0.00e+00  3.89e+03    7.000000e-01   1.000000e-01   1.000000e+02  -1.000000e+03   1.000000e+04
  20 6.8356580147e+00  -1.73e-01  3.89e-06    6.966104e-01   2.667592e-01   1.389380e+01  -1.003649e+04  -1.320062e+05

After 20 iterations the fit converged.
final sum of squares of residuals : 6.83566
rel. change during last iteration : -1.73482e-06

degrees of freedom    (FIT_NDF)                        : 7
rms of residuals      (FIT_STDFIT) = sqrt(WSSR/ndf)    : 0.988192
variance of residuals (reduced chisquare) = WSSR/ndf   : 0.976523
p-value of the Chisq distribution (FIT_P)              : 0.44619

Final set of parameters            Asymptotic Standard Error
=======================            ==========================
x1              = 0.69661          +/- 0.000256     (0.03675%)
y1              = 0.266759         +/- 0.002544     (0.9538%)
a1              = 13.8938          +/- 0.1687       (1.214%)
b1              = -10036.5         +/- 701.7        (6.991%)
c1              = -132006          +/- 1.62e+04     (12.27%)

correlation matrix of the fit parameters:
                x1     y1     a1     b1     c1     
x1              1.000 
y1              0.952  1.000 
a1             -0.122 -0.093  1.000 
b1              0.317  0.314 -0.934  1.000 
c1              0.253  0.252 -0.917  0.994  1.000 


*******************************************************************************
Mon Oct  6 20:58:42 2025


FIT:    data read from "../Data/D15.48/relvol.Nt24" using 1:2:3:4 xyerrors
        format = x:z:sx:s
        x range restricted to [0.00000 : 0.0621000]
        #datapoints = 9
function used for fitting: f10(x)
	f10(x)=y10+a10*(x-x10)+b10*(x-x10)**3+c10*(x-x10)**4
fitted parameters initialized with current variable values

iter      chisq       delta/lim  lambda   x10           y10           a10           b10           c10          
   0 2.0712880399e+05   0.00e+00  1.42e+02    5.000000e-02   1.000000e-01   1.000000e+02  -1.000000e+03   1.000000e+04
   7 4.1282942117e+00  -2.05e-02  1.42e-05    2.395258e-02   2.297877e-01   1.098284e+01  -3.340650e+03   5.750974e+03

After 7 iterations the fit converged.
final sum of squares of residuals : 4.12829
rel. change during last iteration : -2.05128e-07

degrees of freedom    (FIT_NDF)                        : 4
rms of residuals      (FIT_STDFIT) = sqrt(WSSR/ndf)    : 1.01591
variance of residuals (reduced chisquare) = WSSR/ndf   : 1.03207
p-value of the Chisq distribution (FIT_P)              : 0.388921

Final set of parameters            Asymptotic Standard Error
=======================            ==========================
x10             = 0.0239526        +/- 0.002041     (8.52%)
y10             = 0.229788         +/- 0.01908      (8.305%)
a10             = 10.9828          +/- 0.3865       (3.519%)
b10             = -3340.65         +/- 853.6        (25.55%)
c10             = 5750.97          +/- 2.802e+04    (487.3%)

correlation matrix of the fit parameters:
                x10    y10    a10    b10    c10    
x10             1.000 
y10             0.990  1.000 
a10            -0.581 -0.607  1.000 
b10             0.684  0.724 -0.964  1.000 
c10            -0.901 -0.934  0.806 -0.910  1.000 


*******************************************************************************
Mon Oct  6 20:58:42 2025


FIT:    data read from "../Data/D15.48/relvol.Nt20" using 1:2:3:4 xyerrors
        format = x:z:sx:s
        x range restricted to [0.00000 : 0.0464000]
        #datapoints = 16
function used for fitting: f9(x)
	f9(x)=y9+a9*(x-x9)+b9*(x-x9)**3+c9*(x-x9)**4
fitted parameters initialized with current variable values

iter      chisq       delta/lim  lambda   x9            y9            a9            b9            c9           
   0 7.1891219971e+05   0.00e+00  1.66e+02    5.000000e-02   1.000000e-01   1.000000e+02  -1.000000e+03   1.000000e+04
 103 1.0948676014e+01  -4.80e-01  1.66e-05    1.550289e-02   1.480445e-01   1.248997e+01  -1.165502e+04   2.805126e+05

After 103 iterations the fit converged.
final sum of squares of residuals : 10.9487
rel. change during last iteration : -4.799e-06

degrees of freedom    (FIT_NDF)                        : 11
rms of residuals      (FIT_STDFIT) = sqrt(WSSR/ndf)    : 0.997664
variance of residuals (reduced chisquare) = WSSR/ndf   : 0.995334
p-value of the Chisq distribution (FIT_P)              : 0.447573

Final set of parameters            Asymptotic Standard Error
=======================            ==========================
x9              = 0.0155029        +/- 0.00103      (6.644%)
y9              = 0.148045         +/- 0.00902      (6.093%)
a9              = 12.49            +/- 0.5227       (4.185%)
b9              = -11655           +/- 2914         (25%)
c9              = 280513           +/- 8.183e+04    (29.17%)

correlation matrix of the fit parameters:
                x9     y9     a9     b9     c9     
x9              1.000 
y9              0.952  1.000 
a9             -0.519 -0.382  1.000 
b9              0.847  0.793 -0.859  1.000 
c9             -0.887 -0.877  0.753 -0.979  1.000 


*******************************************************************************
Mon Oct  6 20:58:42 2025


FIT:    data read from "../Data/D15.48/relvol.Nt18" using 1:2:3:4 xyerrors
        format = x:z:sx:s
        x range restricted to [0.00870000 : 0.0667000]
        #datapoints = 20
function used for fitting: f8(x)
	f8(x)=y8+a8*(x-x8)+b8*(x-x8)**3+c8*(x-x8)**4
fitted parameters initialized with current variable values

iter      chisq       delta/lim  lambda   x8            y8            a8            b8            c8           
   0 2.2464422363e+05   0.00e+00  1.40e+02    5.000000e-02   1.000000e-01   1.000000e+02  -1.000000e+03   1.000000e+04
   7 1.5557526617e+01  -7.23e-01  1.40e-05    2.656453e-02   2.167611e-01   9.752811e+00  -2.894390e+03   2.006700e+04

After 7 iterations the fit converged.
final sum of squares of residuals : 15.5575
rel. change during last iteration : -7.22736e-06

degrees of freedom    (FIT_NDF)                        : 15
rms of residuals      (FIT_STDFIT) = sqrt(WSSR/ndf)    : 1.01841
variance of residuals (reduced chisquare) = WSSR/ndf   : 1.03717
p-value of the Chisq distribution (FIT_P)              : 0.412052

Final set of parameters            Asymptotic Standard Error
=======================            ==========================
x8              = 0.0265645        +/- 0.00332      (12.5%)
y8              = 0.216761         +/- 0.0278       (12.83%)
a8              = 9.75281          +/- 0.5967       (6.118%)
b8              = -2894.39         +/- 2203         (76.12%)
c8              = 20067            +/- 4.456e+04    (222.1%)

correlation matrix of the fit parameters:
                x8     y8     a8     b8     c8     
x8              1.000 
y8              0.992  1.000 
a8              0.204  0.160  1.000 
b8             -0.478 -0.457 -0.892  1.000 
c8              0.328  0.308  0.886 -0.982  1.000 


*******************************************************************************
Mon Oct  6 20:58:42 2025


FIT:    data read from "../Data/D15.48/relvol.Nt16" using 1:2:3:4 xyerrors
        format = x:z:sx:s
        x range restricted to [0.0172000 : 0.0774000]
        #datapoints = 14
function used for fitting: f7(x)
	f7(x)=y7+a7*(x-x7)+b7*(x-x7)**3+c7*(x-x7)**4
fitted parameters initialized with current variable values

iter      chisq       delta/lim  lambda   x7            y7            a7            b7            c7           
   0 9.2352595032e+04   0.00e+00  1.25e+02    5.000000e-02   1.000000e-01   1.000000e+02  -1.000000e+03   1.000000e+04
  15 9.0841872561e+00  -3.25e-02  1.25e-05    3.547816e-02   2.009064e-01   1.024417e+01  -4.837079e+03   7.270969e+04

After 15 iterations the fit converged.
final sum of squares of residuals : 9.08419
rel. change during last iteration : -3.24589e-07

degrees of freedom    (FIT_NDF)                        : 9
rms of residuals      (FIT_STDFIT) = sqrt(WSSR/ndf)    : 1.00467
variance of residuals (reduced chisquare) = WSSR/ndf   : 1.00935
p-value of the Chisq distribution (FIT_P)              : 0.42954

Final set of parameters            Asymptotic Standard Error
=======================            ==========================
x7              = 0.0354782        +/- 0.001612     (4.545%)
y7              = 0.200906         +/- 0.01272      (6.334%)
a7              = 10.2442          +/- 0.5878       (5.737%)
b7              = -4837.08         +/- 1886         (38.98%)
c7              = 72709.7          +/- 3.894e+04    (53.56%)

correlation matrix of the fit parameters:
                x7     y7     a7     b7     c7     
x7              1.000 
y7              0.968  1.000 
a7              0.340  0.235  1.000 
b7             -0.433 -0.361 -0.937  1.000 
c7              0.408  0.337  0.909 -0.995  1.000 


*******************************************************************************
Mon Oct  6 20:58:42 2025


FIT:    data read from "../Data/D15.48/relvol.Nt14" using 1:2:3:4 xyerrors
        format = x:z:sx:s
        x range restricted to [0.0248000 : 0.111600]
        #datapoints = 7
function used for fitting: f6(x)
	f6(x)=y6+a6*(x-x6)+b6*(x-x6)**3+c6*(x-x6)**4
fitted parameters initialized with current variable values

iter      chisq       delta/lim  lambda   x6            y6            a6            b6            c6           
   0 1.2006087888e+05   0.00e+00  1.03e+02    5.000000e-02   1.000000e-01   1.000000e+02  -1.000000e+03   1.000000e+04
   8 1.9643201996e+00   0.00e+00  1.03e+07    5.676117e-02   1.981084e-01   9.797187e+00  -4.618145e+03   6.512058e+04

After 8 iterations the fit converged.
final sum of squares of residuals : 1.96432
rel. change during last iteration : 0

degrees of freedom    (FIT_NDF)                        : 2
rms of residuals      (FIT_STDFIT) = sqrt(WSSR/ndf)    : 0.99104
variance of residuals (reduced chisquare) = WSSR/ndf   : 0.98216
p-value of the Chisq distribution (FIT_P)              : 0.374501

Final set of parameters            Asymptotic Standard Error
=======================            ==========================
x6              = 0.0567612        +/- 0.0008032    (1.415%)
y6              = 0.198108         +/- 0.005327     (2.689%)
a6              = 9.79719          +/- 0.3588       (3.662%)
b6              = -4618.14         +/- 652.3        (14.12%)
c6              = 65120.6          +/- 1.069e+04    (16.42%)

correlation matrix of the fit parameters:
                x6     y6     a6     b6     c6     
x6              1.000 
y6              0.837  1.000 
a6             -0.328 -0.498  1.000 
b6              0.436  0.535 -0.928  1.000 
c6             -0.437 -0.543  0.887 -0.993  1.000 


*******************************************************************************
Mon Oct  6 20:58:42 2025


FIT:    data read from "../Data/D15.48/relvol.Nt12" using 1:2:3:4 xyerrors
        format = x:z:sx:s
        x range restricted to [0.0672000 : 0.163200]
        #datapoints = 10
function used for fitting: f5(x)
	f5(x)=y5+a5*(x-x5)+b5*(x-x5)**3+c5*(x-x5)**4
fitted parameters initialized with current variable values

iter      chisq       delta/lim  lambda   x5            y5            a5            b5            c5           
   0 3.3147608603e+05   0.00e+00  2.52e+02    1.000000e-01   1.000000e-01   1.000000e+02  -1.000000e+03   1.000000e+04
   7 4.9432387558e+00  -4.94e-01  2.52e-05    9.803575e-02   2.684680e-01   8.893847e+00  -2.318879e+03   2.207736e+04

After 7 iterations the fit converged.
final sum of squares of residuals : 4.94324
rel. change during last iteration : -4.93516e-06

degrees of freedom    (FIT_NDF)                        : 5
rms of residuals      (FIT_STDFIT) = sqrt(WSSR/ndf)    : 0.994308
variance of residuals (reduced chisquare) = WSSR/ndf   : 0.988648
p-value of the Chisq distribution (FIT_P)              : 0.422847

Final set of parameters            Asymptotic Standard Error
=======================            ==========================
x5              = 0.0980358        +/- 0.0009343    (0.9531%)
y5              = 0.268468         +/- 0.006239     (2.324%)
a5              = 8.89385          +/- 0.2106       (2.368%)
b5              = -2318.88         +/- 272.7        (11.76%)
c5              = 22077.4          +/- 3640         (16.49%)

correlation matrix of the fit parameters:
                x5     y5     a5     b5     c5     
x5              1.000 
y5              0.930  1.000 
a5              0.196  0.006  1.000 
b5             -0.451 -0.341 -0.893  1.000 
c5              0.443  0.342  0.861 -0.995  1.000 


*******************************************************************************
Mon Oct  6 20:58:42 2025


FIT:    data read from "../Data/D15.48/relvol.Nt10" using 1:2:3:4 xyerrors
        format = x:z:sx:s
        x range restricted to [0.115500 : 0.181500]
        #datapoints = 12
function used for fitting: f4(x)
	f4(x)=y4+a4*(x-x4)+b4*(x-x4)**3+c4*(x-x4)**4
fitted parameters initialized with current variable values

iter      chisq       delta/lim  lambda   x4            y4            a4            b4            c4           
   0 1.4274226124e+05   0.00e+00  4.44e+02    1.500000e-01   1.000000e-01   1.000000e+02  -1.000000e+03   1.000000e+04
   8 7.0005030855e+00   0.00e+00  4.44e+06    1.406294e-01   2.283650e-01   9.350845e+00  -2.567124e+03   2.964820e+04

After 8 iterations the fit converged.
final sum of squares of residuals : 7.0005
rel. change during last iteration : 0

degrees of freedom    (FIT_NDF)                        : 7
rms of residuals      (FIT_STDFIT) = sqrt(WSSR/ndf)    : 1.00004
variance of residuals (reduced chisquare) = WSSR/ndf   : 1.00007
p-value of the Chisq distribution (FIT_P)              : 0.428827

Final set of parameters            Asymptotic Standard Error
=======================            ==========================
x4              = 0.140629         +/- 0.001616     (1.149%)
y4              = 0.228365         +/- 0.01305      (5.716%)
a4              = 9.35084          +/- 0.3026       (3.237%)
b4              = -2567.12         +/- 748.4        (29.15%)
c4              = 29648.2          +/- 1.731e+04    (58.38%)

correlation matrix of the fit parameters:
                x4     y4     a4     b4     c4     
x4              1.000 
y4              0.985  1.000 
a4             -0.416 -0.489  1.000 
b4              0.591  0.655 -0.926  1.000 
c4             -0.715 -0.775  0.830 -0.971  1.000 


*******************************************************************************
Mon Oct  6 20:58:42 2025


FIT:    data read from "../Data/D15.48/relvol.Nt8" using 1:2:3:4 xyerrors
        format = x:z:sx:s
        x range restricted to [0.190000 : 0.243200]
        #datapoints = 14
function used for fitting: f3(x)
	f3(x)=y3+a3*(x-x3)+b3*(x-x3)**3+c3*(x-x3)**4
fitted parameters initialized with current variable values

iter      chisq       delta/lim  lambda   x3            y3            a3            b3            c3           
   0 5.3275546868e+05   0.00e+00  7.43e+02    2.000000e-01   1.000000e-01   1.000000e+02  -1.000000e+03   1.000000e+04
  18 8.9401089154e+00  -1.75e-02  7.43e-06    2.130523e-01   1.865057e-01   1.040456e+01  -6.163303e+03   1.358883e+05

After 18 iterations the fit converged.
final sum of squares of residuals : 8.94011
rel. change during last iteration : -1.74619e-07

degrees of freedom    (FIT_NDF)                        : 9
rms of residuals      (FIT_STDFIT) = sqrt(WSSR/ndf)    : 0.996667
variance of residuals (reduced chisquare) = WSSR/ndf   : 0.993345
p-value of the Chisq distribution (FIT_P)              : 0.442821

Final set of parameters            Asymptotic Standard Error
=======================            ==========================
x3              = 0.213052         +/- 0.001222     (0.5736%)
y3              = 0.186506         +/- 0.01061      (5.691%)
a3              = 10.4046          +/- 0.2665       (2.561%)
b3              = -6163.3          +/- 1239         (20.09%)
c3              = 135888           +/- 3.994e+04    (29.39%)

correlation matrix of the fit parameters:
                x3     y3     a3     b3     c3     
x3              1.000 
y3              0.984  1.000 
a3             -0.333 -0.354  1.000 
b3              0.833  0.848 -0.751  1.000 
c3             -0.911 -0.938  0.536 -0.944  1.000 


*******************************************************************************
Mon Oct  6 20:58:42 2025


FIT:    data read from "../Data/D15.48/relvol.Nt6" using 1:2:3:4 xyerrors
        format = x:z:sx:s
        x range restricted to [0.329800 : 0.404600]
        #datapoints = 22
function used for fitting: f2(x)
	f2(x)=y2+a2*(x-x2)+b2*(x-x2)**3+c2*(x-x2)**4
fitted parameters initialized with current variable values

iter      chisq       delta/lim  lambda   x2            y2            a2            b2            c2           
   0 2.8951062904e+06   0.00e+00  1.87e+03    3.500000e-01   1.000000e-01   1.000000e+02  -1.000000e+03   1.000000e+04
   8 1.6926784044e+01   0.00e+00  1.87e+07    3.660820e-01   2.577035e-01   9.957594e+00  -2.236914e+03   1.156556e+04

After 8 iterations the fit converged.
final sum of squares of residuals : 16.9268
rel. change during last iteration : 0

degrees of freedom    (FIT_NDF)                        : 17
rms of residuals      (FIT_STDFIT) = sqrt(WSSR/ndf)    : 0.997844
variance of residuals (reduced chisquare) = WSSR/ndf   : 0.995693
p-value of the Chisq distribution (FIT_P)              : 0.459337

Final set of parameters            Asymptotic Standard Error
=======================            ==========================
x2              = 0.366082         +/- 0.0008889    (0.2428%)
y2              = 0.257703         +/- 0.007567     (2.936%)
a2              = 9.95759          +/- 0.08271      (0.8306%)
b2              = -2236.91         +/- 100.6        (4.496%)
c2              = 11565.6          +/- 4347         (37.58%)

correlation matrix of the fit parameters:
                x2     y2     a2     b2     c2     
x2              1.000 
y2              0.991  1.000 
a2             -0.126 -0.149  1.000 
b2              0.585  0.602 -0.838  1.000 
c2             -0.964 -0.982  0.190 -0.633  1.000 


*******************************************************************************
Mon Oct  6 20:58:42 2025


FIT:    data read from "../Data/D15.48/relvol.Nt4" using 1:2:3:4 xyerrors
        format = x:z:sx:s
        x range restricted to [0.660000 : 0.712800]
        #datapoints = 12
function used for fitting: f1(x)
	f1(x)=y1+a1*(x-x1)+b1*(x-x1)**3+c1*(x-x1)**4
fitted parameters initialized with current variable values

iter      chisq       delta/lim  lambda   x1            y1            a1            b1            c1           
   0 4.0178716668e+05   0.00e+00  3.89e+03    7.000000e-01   1.000000e-01   1.000000e+02  -1.000000e+03   1.000000e+04
  20 6.8356580147e+00  -1.73e-01  3.89e-06    6.966104e-01   2.667592e-01   1.389380e+01  -1.003649e+04  -1.320062e+05

After 20 iterations the fit converged.
final sum of squares of residuals : 6.83566
rel. change during last iteration : -1.73482e-06

degrees of freedom    (FIT_NDF)                        : 7
rms of residuals      (FIT_STDFIT) = sqrt(WSSR/ndf)    : 0.988192
variance of residuals (reduced chisquare) = WSSR/ndf   : 0.976523
p-value of the Chisq distribution (FIT_P)              : 0.44619

Final set of parameters            Asymptotic Standard Error
=======================            ==========================
x1              = 0.69661          +/- 0.000256     (0.03675%)
y1              = 0.266759         +/- 0.002544     (0.9538%)
a1              = 13.8938          +/- 0.1687       (1.214%)
b1              = -10036.5         +/- 701.7        (6.991%)
c1              = -132006          +/- 1.62e+04     (12.27%)

correlation matrix of the fit parameters:
                x1     y1     a1     b1     c1     
x1              1.000 
y1              0.952  1.000 
a1             -0.122 -0.093  1.000 
b1              0.317  0.314 -0.934  1.000 
c1              0.253  0.252 -0.917  0.994  1.000 


*******************************************************************************
Mon Oct  6 20:59:33 2025


FIT:    data read from "../Data/D15.48/relvol.Nt24" using 1:2:3:4 xyerrors
        format = x:z:sx:s
        x range restricted to [0.00000 : 0.0621000]
        #datapoints = 9
function used for fitting: f10(x)
	f10(x)=y10+a10*(x-x10)+b10*(x-x10)**3+c10*(x-x10)**4
fitted parameters initialized with current variable values

iter      chisq       delta/lim  lambda   x10           y10           a10           b10           c10          
   0 2.0712880399e+05   0.00e+00  1.42e+02    5.000000e-02   1.000000e-01   1.000000e+02  -1.000000e+03   1.000000e+04
   7 4.1282942117e+00  -2.05e-02  1.42e-05    2.395258e-02   2.297877e-01   1.098284e+01  -3.340650e+03   5.750974e+03

After 7 iterations the fit converged.
final sum of squares of residuals : 4.12829
rel. change during last iteration : -2.05128e-07

degrees of freedom    (FIT_NDF)                        : 4
rms of residuals      (FIT_STDFIT) = sqrt(WSSR/ndf)    : 1.01591
variance of residuals (reduced chisquare) = WSSR/ndf   : 1.03207
p-value of the Chisq distribution (FIT_P)              : 0.388921

Final set of parameters            Asymptotic Standard Error
=======================            ==========================
x10             = 0.0239526        +/- 0.002041     (8.52%)
y10             = 0.229788         +/- 0.01908      (8.305%)
a10             = 10.9828          +/- 0.3865       (3.519%)
b10             = -3340.65         +/- 853.6        (25.55%)
c10             = 5750.97          +/- 2.802e+04    (487.3%)

correlation matrix of the fit parameters:
                x10    y10    a10    b10    c10    
x10             1.000 
y10             0.990  1.000 
a10            -0.581 -0.607  1.000 
b10             0.684  0.724 -0.964  1.000 
c10            -0.901 -0.934  0.806 -0.910  1.000 


*******************************************************************************
Mon Oct  6 20:59:33 2025


FIT:    data read from "../Data/D15.48/relvol.Nt20" using 1:2:3:4 xyerrors
        format = x:z:sx:s
        x range restricted to [0.00000 : 0.0464000]
        #datapoints = 16
function used for fitting: f9(x)
	f9(x)=y9+a9*(x-x9)+b9*(x-x9)**3+c9*(x-x9)**4
fitted parameters initialized with current variable values

iter      chisq       delta/lim  lambda   x9            y9            a9            b9            c9           
   0 7.1891219971e+05   0.00e+00  1.66e+02    5.000000e-02   1.000000e-01   1.000000e+02  -1.000000e+03   1.000000e+04
 103 1.0948676014e+01  -4.80e-01  1.66e-05    1.550289e-02   1.480445e-01   1.248997e+01  -1.165502e+04   2.805126e+05

After 103 iterations the fit converged.
final sum of squares of residuals : 10.9487
rel. change during last iteration : -4.799e-06

degrees of freedom    (FIT_NDF)                        : 11
rms of residuals      (FIT_STDFIT) = sqrt(WSSR/ndf)    : 0.997664
variance of residuals (reduced chisquare) = WSSR/ndf   : 0.995334
p-value of the Chisq distribution (FIT_P)              : 0.447573

Final set of parameters            Asymptotic Standard Error
=======================            ==========================
x9              = 0.0155029        +/- 0.00103      (6.644%)
y9              = 0.148045         +/- 0.00902      (6.093%)
a9              = 12.49            +/- 0.5227       (4.185%)
b9              = -11655           +/- 2914         (25%)
c9              = 280513           +/- 8.183e+04    (29.17%)

correlation matrix of the fit parameters:
                x9     y9     a9     b9     c9     
x9              1.000 
y9              0.952  1.000 
a9             -0.519 -0.382  1.000 
b9              0.847  0.793 -0.859  1.000 
c9             -0.887 -0.877  0.753 -0.979  1.000 


*******************************************************************************
Mon Oct  6 20:59:33 2025


FIT:    data read from "../Data/D15.48/relvol.Nt18" using 1:2:3:4 xyerrors
        format = x:z:sx:s
        x range restricted to [0.00870000 : 0.0667000]
        #datapoints = 20
function used for fitting: f8(x)
	f8(x)=y8+a8*(x-x8)+b8*(x-x8)**3+c8*(x-x8)**4
fitted parameters initialized with current variable values

iter      chisq       delta/lim  lambda   x8            y8            a8            b8            c8           
   0 2.2464422363e+05   0.00e+00  1.40e+02    5.000000e-02   1.000000e-01   1.000000e+02  -1.000000e+03   1.000000e+04
   7 1.5557526617e+01  -7.23e-01  1.40e-05    2.656453e-02   2.167611e-01   9.752811e+00  -2.894390e+03   2.006700e+04

After 7 iterations the fit converged.
final sum of squares of residuals : 15.5575
rel. change during last iteration : -7.22736e-06

degrees of freedom    (FIT_NDF)                        : 15
rms of residuals      (FIT_STDFIT) = sqrt(WSSR/ndf)    : 1.01841
variance of residuals (reduced chisquare) = WSSR/ndf   : 1.03717
p-value of the Chisq distribution (FIT_P)              : 0.412052

Final set of parameters            Asymptotic Standard Error
=======================            ==========================
x8              = 0.0265645        +/- 0.00332      (12.5%)
y8              = 0.216761         +/- 0.0278       (12.83%)
a8              = 9.75281          +/- 0.5967       (6.118%)
b8              = -2894.39         +/- 2203         (76.12%)
c8              = 20067            +/- 4.456e+04    (222.1%)

correlation matrix of the fit parameters:
                x8     y8     a8     b8     c8     
x8              1.000 
y8              0.992  1.000 
a8              0.204  0.160  1.000 
b8             -0.478 -0.457 -0.892  1.000 
c8              0.328  0.308  0.886 -0.982  1.000 


*******************************************************************************
Mon Oct  6 20:59:33 2025


FIT:    data read from "../Data/D15.48/relvol.Nt16" using 1:2:3:4 xyerrors
        format = x:z:sx:s
        x range restricted to [0.0172000 : 0.0774000]
        #datapoints = 14
function used for fitting: f7(x)
	f7(x)=y7+a7*(x-x7)+b7*(x-x7)**3+c7*(x-x7)**4
fitted parameters initialized with current variable values

iter      chisq       delta/lim  lambda   x7            y7            a7            b7            c7           
   0 9.2352595032e+04   0.00e+00  1.25e+02    5.000000e-02   1.000000e-01   1.000000e+02  -1.000000e+03   1.000000e+04
  15 9.0841872561e+00  -3.25e-02  1.25e-05    3.547816e-02   2.009064e-01   1.024417e+01  -4.837079e+03   7.270969e+04

After 15 iterations the fit converged.
final sum of squares of residuals : 9.08419
rel. change during last iteration : -3.24589e-07

degrees of freedom    (FIT_NDF)                        : 9
rms of residuals      (FIT_STDFIT) = sqrt(WSSR/ndf)    : 1.00467
variance of residuals (reduced chisquare) = WSSR/ndf   : 1.00935
p-value of the Chisq distribution (FIT_P)              : 0.42954

Final set of parameters            Asymptotic Standard Error
=======================            ==========================
x7              = 0.0354782        +/- 0.001612     (4.545%)
y7              = 0.200906         +/- 0.01272      (6.334%)
a7              = 10.2442          +/- 0.5878       (5.737%)
b7              = -4837.08         +/- 1886         (38.98%)
c7              = 72709.7          +/- 3.894e+04    (53.56%)

correlation matrix of the fit parameters:
                x7     y7     a7     b7     c7     
x7              1.000 
y7              0.968  1.000 
a7              0.340  0.235  1.000 
b7             -0.433 -0.361 -0.937  1.000 
c7              0.408  0.337  0.909 -0.995  1.000 


*******************************************************************************
Mon Oct  6 20:59:33 2025


FIT:    data read from "../Data/D15.48/relvol.Nt14" using 1:2:3:4 xyerrors
        format = x:z:sx:s
        x range restricted to [0.0248000 : 0.111600]
        #datapoints = 7
function used for fitting: f6(x)
	f6(x)=y6+a6*(x-x6)+b6*(x-x6)**3+c6*(x-x6)**4
fitted parameters initialized with current variable values

iter      chisq       delta/lim  lambda   x6            y6            a6            b6            c6           
   0 1.2006087888e+05   0.00e+00  1.03e+02    5.000000e-02   1.000000e-01   1.000000e+02  -1.000000e+03   1.000000e+04
   8 1.9643201996e+00   0.00e+00  1.03e+07    5.676117e-02   1.981084e-01   9.797187e+00  -4.618145e+03   6.512058e+04

After 8 iterations the fit converged.
final sum of squares of residuals : 1.96432
rel. change during last iteration : 0

degrees of freedom    (FIT_NDF)                        : 2
rms of residuals      (FIT_STDFIT) = sqrt(WSSR/ndf)    : 0.99104
variance of residuals (reduced chisquare) = WSSR/ndf   : 0.98216
p-value of the Chisq distribution (FIT_P)              : 0.374501

Final set of parameters            Asymptotic Standard Error
=======================            ==========================
x6              = 0.0567612        +/- 0.0008032    (1.415%)
y6              = 0.198108         +/- 0.005327     (2.689%)
a6              = 9.79719          +/- 0.3588       (3.662%)
b6              = -4618.14         +/- 652.3        (14.12%)
c6              = 65120.6          +/- 1.069e+04    (16.42%)

correlation matrix of the fit parameters:
                x6     y6     a6     b6     c6     
x6              1.000 
y6              0.837  1.000 
a6             -0.328 -0.498  1.000 
b6              0.436  0.535 -0.928  1.000 
c6             -0.437 -0.543  0.887 -0.993  1.000 


*******************************************************************************
Mon Oct  6 20:59:33 2025


FIT:    data read from "../Data/D15.48/relvol.Nt12" using 1:2:3:4 xyerrors
        format = x:z:sx:s
        x range restricted to [0.0672000 : 0.163200]
        #datapoints = 10
function used for fitting: f5(x)
	f5(x)=y5+a5*(x-x5)+b5*(x-x5)**3+c5*(x-x5)**4
fitted parameters initialized with current variable values

iter      chisq       delta/lim  lambda   x5            y5            a5            b5            c5           
   0 3.3147608603e+05   0.00e+00  2.52e+02    1.000000e-01   1.000000e-01   1.000000e+02  -1.000000e+03   1.000000e+04
   7 4.9432387558e+00  -4.94e-01  2.52e-05    9.803575e-02   2.684680e-01   8.893847e+00  -2.318879e+03   2.207736e+04

After 7 iterations the fit converged.
final sum of squares of residuals : 4.94324
rel. change during last iteration : -4.93516e-06

degrees of freedom    (FIT_NDF)                        : 5
rms of residuals      (FIT_STDFIT) = sqrt(WSSR/ndf)    : 0.994308
variance of residuals (reduced chisquare) = WSSR/ndf   : 0.988648
p-value of the Chisq distribution (FIT_P)              : 0.422847

Final set of parameters            Asymptotic Standard Error
=======================            ==========================
x5              = 0.0980358        +/- 0.0009343    (0.9531%)
y5              = 0.268468         +/- 0.006239     (2.324%)
a5              = 8.89385          +/- 0.2106       (2.368%)
b5              = -2318.88         +/- 272.7        (11.76%)
c5              = 22077.4          +/- 3640         (16.49%)

correlation matrix of the fit parameters:
                x5     y5     a5     b5     c5     
x5              1.000 
y5              0.930  1.000 
a5              0.196  0.006  1.000 
b5             -0.451 -0.341 -0.893  1.000 
c5              0.443  0.342  0.861 -0.995  1.000 


*******************************************************************************
Mon Oct  6 20:59:33 2025


FIT:    data read from "../Data/D15.48/relvol.Nt10" using 1:2:3:4 xyerrors
        format = x:z:sx:s
        x range restricted to [0.115500 : 0.181500]
        #datapoints = 12
function used for fitting: f4(x)
	f4(x)=y4+a4*(x-x4)+b4*(x-x4)**3+c4*(x-x4)**4
fitted parameters initialized with current variable values

iter      chisq       delta/lim  lambda   x4            y4            a4            b4            c4           
   0 1.4274226124e+05   0.00e+00  4.44e+02    1.500000e-01   1.000000e-01   1.000000e+02  -1.000000e+03   1.000000e+04
   8 7.0005030855e+00   0.00e+00  4.44e+06    1.406294e-01   2.283650e-01   9.350845e+00  -2.567124e+03   2.964820e+04

After 8 iterations the fit converged.
final sum of squares of residuals : 7.0005
rel. change during last iteration : 0

degrees of freedom    (FIT_NDF)                        : 7
rms of residuals      (FIT_STDFIT) = sqrt(WSSR/ndf)    : 1.00004
variance of residuals (reduced chisquare) = WSSR/ndf   : 1.00007
p-value of the Chisq distribution (FIT_P)              : 0.428827

Final set of parameters            Asymptotic Standard Error
=======================            ==========================
x4              = 0.140629         +/- 0.001616     (1.149%)
y4              = 0.228365         +/- 0.01305      (5.716%)
a4              = 9.35084          +/- 0.3026       (3.237%)
b4              = -2567.12         +/- 748.4        (29.15%)
c4              = 29648.2          +/- 1.731e+04    (58.38%)

correlation matrix of the fit parameters:
                x4     y4     a4     b4     c4     
x4              1.000 
y4              0.985  1.000 
a4             -0.416 -0.489  1.000 
b4              0.591  0.655 -0.926  1.000 
c4             -0.715 -0.775  0.830 -0.971  1.000 


*******************************************************************************
Mon Oct  6 20:59:33 2025


FIT:    data read from "../Data/D15.48/relvol.Nt8" using 1:2:3:4 xyerrors
        format = x:z:sx:s
        x range restricted to [0.190000 : 0.243200]
        #datapoints = 14
function used for fitting: f3(x)
	f3(x)=y3+a3*(x-x3)+b3*(x-x3)**3+c3*(x-x3)**4
fitted parameters initialized with current variable values

iter      chisq       delta/lim  lambda   x3            y3            a3            b3            c3           
   0 5.3275546868e+05   0.00e+00  7.43e+02    2.000000e-01   1.000000e-01   1.000000e+02  -1.000000e+03   1.000000e+04
  18 8.9401089154e+00  -1.75e-02  7.43e-06    2.130523e-01   1.865057e-01   1.040456e+01  -6.163303e+03   1.358883e+05

After 18 iterations the fit converged.
final sum of squares of residuals : 8.94011
rel. change during last iteration : -1.74619e-07

degrees of freedom    (FIT_NDF)                        : 9
rms of residuals      (FIT_STDFIT) = sqrt(WSSR/ndf)    : 0.996667
variance of residuals (reduced chisquare) = WSSR/ndf   : 0.993345
p-value of the Chisq distribution (FIT_P)              : 0.442821

Final set of parameters            Asymptotic Standard Error
=======================            ==========================
x3              = 0.213052         +/- 0.001222     (0.5736%)
y3              = 0.186506         +/- 0.01061      (5.691%)
a3              = 10.4046          +/- 0.2665       (2.561%)
b3              = -6163.3          +/- 1239         (20.09%)
c3              = 135888           +/- 3.994e+04    (29.39%)

correlation matrix of the fit parameters:
                x3     y3     a3     b3     c3     
x3              1.000 
y3              0.984  1.000 
a3             -0.333 -0.354  1.000 
b3              0.833  0.848 -0.751  1.000 
c3             -0.911 -0.938  0.536 -0.944  1.000 


*******************************************************************************
Mon Oct  6 20:59:33 2025


FIT:    data read from "../Data/D15.48/relvol.Nt6" using 1:2:3:4 xyerrors
        format = x:z:sx:s
        x range restricted to [0.329800 : 0.404600]
        #datapoints = 22
function used for fitting: f2(x)
	f2(x)=y2+a2*(x-x2)+b2*(x-x2)**3+c2*(x-x2)**4
fitted parameters initialized with current variable values

iter      chisq       delta/lim  lambda   x2            y2            a2            b2            c2           
   0 2.8951062904e+06   0.00e+00  1.87e+03    3.500000e-01   1.000000e-01   1.000000e+02  -1.000000e+03   1.000000e+04
   8 1.6926784044e+01   0.00e+00  1.87e+07    3.660820e-01   2.577035e-01   9.957594e+00  -2.236914e+03   1.156556e+04

After 8 iterations the fit converged.
final sum of squares of residuals : 16.9268
rel. change during last iteration : 0

degrees of freedom    (FIT_NDF)                        : 17
rms of residuals      (FIT_STDFIT) = sqrt(WSSR/ndf)    : 0.997844
variance of residuals (reduced chisquare) = WSSR/ndf   : 0.995693
p-value of the Chisq distribution (FIT_P)              : 0.459337

Final set of parameters            Asymptotic Standard Error
=======================            ==========================
x2              = 0.366082         +/- 0.0008889    (0.2428%)
y2              = 0.257703         +/- 0.007567     (2.936%)
a2              = 9.95759          +/- 0.08271      (0.8306%)
b2              = -2236.91         +/- 100.6        (4.496%)
c2              = 11565.6          +/- 4347         (37.58%)

correlation matrix of the fit parameters:
                x2     y2     a2     b2     c2     
x2              1.000 
y2              0.991  1.000 
a2             -0.126 -0.149  1.000 
b2              0.585  0.602 -0.838  1.000 
c2             -0.964 -0.982  0.190 -0.633  1.000 


*******************************************************************************
Mon Oct  6 20:59:33 2025


FIT:    data read from "../Data/D15.48/relvol.Nt4" using 1:2:3:4 xyerrors
        format = x:z:sx:s
        x range restricted to [0.660000 : 0.712800]
        #datapoints = 12
function used for fitting: f1(x)
	f1(x)=y1+a1*(x-x1)+b1*(x-x1)**3+c1*(x-x1)**4
fitted parameters initialized with current variable values

iter      chisq       delta/lim  lambda   x1            y1            a1            b1            c1           
   0 4.0178716668e+05   0.00e+00  3.89e+03    7.000000e-01   1.000000e-01   1.000000e+02  -1.000000e+03   1.000000e+04
  20 6.8356580147e+00  -1.73e-01  3.89e-06    6.966104e-01   2.667592e-01   1.389380e+01  -1.003649e+04  -1.320062e+05

After 20 iterations the fit converged.
final sum of squares of residuals : 6.83566
rel. change during last iteration : -1.73482e-06

degrees of freedom    (FIT_NDF)                        : 7
rms of residuals      (FIT_STDFIT) = sqrt(WSSR/ndf)    : 0.988192
variance of residuals (reduced chisquare) = WSSR/ndf   : 0.976523
p-value of the Chisq distribution (FIT_P)              : 0.44619

Final set of parameters            Asymptotic Standard Error
=======================            ==========================
x1              = 0.69661          +/- 0.000256     (0.03675%)
y1              = 0.266759         +/- 0.002544     (0.9538%)
a1              = 13.8938          +/- 0.1687       (1.214%)
b1              = -10036.5         +/- 701.7        (6.991%)
c1              = -132006          +/- 1.62e+04     (12.27%)

correlation matrix of the fit parameters:
                x1     y1     a1     b1     c1     
x1              1.000 
y1              0.952  1.000 
a1             -0.122 -0.093  1.000 
b1              0.317  0.314 -0.934  1.000 
c1              0.253  0.252 -0.917  0.994  1.000 


*******************************************************************************
Mon Oct  6 21:00:35 2025


FIT:    data read from "../Data/D15.48/relvol.Nt24" using 1:2:3:4 xyerrors
        format = x:z:sx:s
        x range restricted to [0.00000 : 0.0621000]
        #datapoints = 9
function used for fitting: f10(x)
	f10(x)=y10+a10*(x-x10)+b10*(x-x10)**3+c10*(x-x10)**4
fitted parameters initialized with current variable values

iter      chisq       delta/lim  lambda   x10           y10           a10           b10           c10          
   0 2.0712880399e+05   0.00e+00  1.42e+02    5.000000e-02   1.000000e-01   1.000000e+02  -1.000000e+03   1.000000e+04
   7 4.1282942117e+00  -2.05e-02  1.42e-05    2.395258e-02   2.297877e-01   1.098284e+01  -3.340650e+03   5.750974e+03

After 7 iterations the fit converged.
final sum of squares of residuals : 4.12829
rel. change during last iteration : -2.05128e-07

degrees of freedom    (FIT_NDF)                        : 4
rms of residuals      (FIT_STDFIT) = sqrt(WSSR/ndf)    : 1.01591
variance of residuals (reduced chisquare) = WSSR/ndf   : 1.03207
p-value of the Chisq distribution (FIT_P)              : 0.388921

Final set of parameters            Asymptotic Standard Error
=======================            ==========================
x10             = 0.0239526        +/- 0.002041     (8.52%)
y10             = 0.229788         +/- 0.01908      (8.305%)
a10             = 10.9828          +/- 0.3865       (3.519%)
b10             = -3340.65         +/- 853.6        (25.55%)
c10             = 5750.97          +/- 2.802e+04    (487.3%)

correlation matrix of the fit parameters:
                x10    y10    a10    b10    c10    
x10             1.000 
y10             0.990  1.000 
a10            -0.581 -0.607  1.000 
b10             0.684  0.724 -0.964  1.000 
c10            -0.901 -0.934  0.806 -0.910  1.000 


*******************************************************************************
Mon Oct  6 21:00:35 2025


FIT:    data read from "../Data/D15.48/relvol.Nt20" using 1:2:3:4 xyerrors
        format = x:z:sx:s
        x range restricted to [0.00000 : 0.0464000]
        #datapoints = 16
function used for fitting: f9(x)
	f9(x)=y9+a9*(x-x9)+b9*(x-x9)**3+c9*(x-x9)**4
fitted parameters initialized with current variable values

iter      chisq       delta/lim  lambda   x9            y9            a9            b9            c9           
   0 7.1891219971e+05   0.00e+00  1.66e+02    5.000000e-02   1.000000e-01   1.000000e+02  -1.000000e+03   1.000000e+04
 103 1.0948676014e+01  -4.80e-01  1.66e-05    1.550289e-02   1.480445e-01   1.248997e+01  -1.165502e+04   2.805126e+05

After 103 iterations the fit converged.
final sum of squares of residuals : 10.9487
rel. change during last iteration : -4.799e-06

degrees of freedom    (FIT_NDF)                        : 11
rms of residuals      (FIT_STDFIT) = sqrt(WSSR/ndf)    : 0.997664
variance of residuals (reduced chisquare) = WSSR/ndf   : 0.995334
p-value of the Chisq distribution (FIT_P)              : 0.447573

Final set of parameters            Asymptotic Standard Error
=======================            ==========================
x9              = 0.0155029        +/- 0.00103      (6.644%)
y9              = 0.148045         +/- 0.00902      (6.093%)
a9              = 12.49            +/- 0.5227       (4.185%)
b9              = -11655           +/- 2914         (25%)
c9              = 280513           +/- 8.183e+04    (29.17%)

correlation matrix of the fit parameters:
                x9     y9     a9     b9     c9     
x9              1.000 
y9              0.952  1.000 
a9             -0.519 -0.382  1.000 
b9              0.847  0.793 -0.859  1.000 
c9             -0.887 -0.877  0.753 -0.979  1.000 


*******************************************************************************
Mon Oct  6 21:00:35 2025


FIT:    data read from "../Data/D15.48/relvol.Nt18" using 1:2:3:4 xyerrors
        format = x:z:sx:s
        x range restricted to [0.00870000 : 0.0667000]
        #datapoints = 20
function used for fitting: f8(x)
	f8(x)=y8+a8*(x-x8)+b8*(x-x8)**3+c8*(x-x8)**4
fitted parameters initialized with current variable values

iter      chisq       delta/lim  lambda   x8            y8            a8            b8            c8           
   0 2.2464422363e+05   0.00e+00  1.40e+02    5.000000e-02   1.000000e-01   1.000000e+02  -1.000000e+03   1.000000e+04
   7 1.5557526617e+01  -7.23e-01  1.40e-05    2.656453e-02   2.167611e-01   9.752811e+00  -2.894390e+03   2.006700e+04

After 7 iterations the fit converged.
final sum of squares of residuals : 15.5575
rel. change during last iteration : -7.22736e-06

degrees of freedom    (FIT_NDF)                        : 15
rms of residuals      (FIT_STDFIT) = sqrt(WSSR/ndf)    : 1.01841
variance of residuals (reduced chisquare) = WSSR/ndf   : 1.03717
p-value of the Chisq distribution (FIT_P)              : 0.412052

Final set of parameters            Asymptotic Standard Error
=======================            ==========================
x8              = 0.0265645        +/- 0.00332      (12.5%)
y8              = 0.216761         +/- 0.0278       (12.83%)
a8              = 9.75281          +/- 0.5967       (6.118%)
b8              = -2894.39         +/- 2203         (76.12%)
c8              = 20067            +/- 4.456e+04    (222.1%)

correlation matrix of the fit parameters:
                x8     y8     a8     b8     c8     
x8              1.000 
y8              0.992  1.000 
a8              0.204  0.160  1.000 
b8             -0.478 -0.457 -0.892  1.000 
c8              0.328  0.308  0.886 -0.982  1.000 


*******************************************************************************
Mon Oct  6 21:00:35 2025


FIT:    data read from "../Data/D15.48/relvol.Nt16" using 1:2:3:4 xyerrors
        format = x:z:sx:s
        x range restricted to [0.0172000 : 0.0774000]
        #datapoints = 14
function used for fitting: f7(x)
	f7(x)=y7+a7*(x-x7)+b7*(x-x7)**3+c7*(x-x7)**4
fitted parameters initialized with current variable values

iter      chisq       delta/lim  lambda   x7            y7            a7            b7            c7           
   0 9.2352595032e+04   0.00e+00  1.25e+02    5.000000e-02   1.000000e-01   1.000000e+02  -1.000000e+03   1.000000e+04
  15 9.0841872561e+00  -3.25e-02  1.25e-05    3.547816e-02   2.009064e-01   1.024417e+01  -4.837079e+03   7.270969e+04

After 15 iterations the fit converged.
final sum of squares of residuals : 9.08419
rel. change during last iteration : -3.24589e-07

degrees of freedom    (FIT_NDF)                        : 9
rms of residuals      (FIT_STDFIT) = sqrt(WSSR/ndf)    : 1.00467
variance of residuals (reduced chisquare) = WSSR/ndf   : 1.00935
p-value of the Chisq distribution (FIT_P)              : 0.42954

Final set of parameters            Asymptotic Standard Error
=======================            ==========================
x7              = 0.0354782        +/- 0.001612     (4.545%)
y7              = 0.200906         +/- 0.01272      (6.334%)
a7              = 10.2442          +/- 0.5878       (5.737%)
b7              = -4837.08         +/- 1886         (38.98%)
c7              = 72709.7          +/- 3.894e+04    (53.56%)

correlation matrix of the fit parameters:
                x7     y7     a7     b7     c7     
x7              1.000 
y7              0.968  1.000 
a7              0.340  0.235  1.000 
b7             -0.433 -0.361 -0.937  1.000 
c7              0.408  0.337  0.909 -0.995  1.000 


*******************************************************************************
Mon Oct  6 21:00:35 2025


FIT:    data read from "../Data/D15.48/relvol.Nt14" using 1:2:3:4 xyerrors
        format = x:z:sx:s
        x range restricted to [0.0248000 : 0.111600]
        #datapoints = 7
function used for fitting: f6(x)
	f6(x)=y6+a6*(x-x6)+b6*(x-x6)**3+c6*(x-x6)**4
fitted parameters initialized with current variable values

iter      chisq       delta/lim  lambda   x6            y6            a6            b6            c6           
   0 1.2006087888e+05   0.00e+00  1.03e+02    5.000000e-02   1.000000e-01   1.000000e+02  -1.000000e+03   1.000000e+04
   8 1.9643201996e+00   0.00e+00  1.03e+07    5.676117e-02   1.981084e-01   9.797187e+00  -4.618145e+03   6.512058e+04

After 8 iterations the fit converged.
final sum of squares of residuals : 1.96432
rel. change during last iteration : 0

degrees of freedom    (FIT_NDF)                        : 2
rms of residuals      (FIT_STDFIT) = sqrt(WSSR/ndf)    : 0.99104
variance of residuals (reduced chisquare) = WSSR/ndf   : 0.98216
p-value of the Chisq distribution (FIT_P)              : 0.374501

Final set of parameters            Asymptotic Standard Error
=======================            ==========================
x6              = 0.0567612        +/- 0.0008032    (1.415%)
y6              = 0.198108         +/- 0.005327     (2.689%)
a6              = 9.79719          +/- 0.3588       (3.662%)
b6              = -4618.14         +/- 652.3        (14.12%)
c6              = 65120.6          +/- 1.069e+04    (16.42%)

correlation matrix of the fit parameters:
                x6     y6     a6     b6     c6     
x6              1.000 
y6              0.837  1.000 
a6             -0.328 -0.498  1.000 
b6              0.436  0.535 -0.928  1.000 
c6             -0.437 -0.543  0.887 -0.993  1.000 


*******************************************************************************
Mon Oct  6 21:00:35 2025


FIT:    data read from "../Data/D15.48/relvol.Nt12" using 1:2:3:4 xyerrors
        format = x:z:sx:s
        x range restricted to [0.0672000 : 0.163200]
        #datapoints = 10
function used for fitting: f5(x)
	f5(x)=y5+a5*(x-x5)+b5*(x-x5)**3+c5*(x-x5)**4
fitted parameters initialized with current variable values

iter      chisq       delta/lim  lambda   x5            y5            a5            b5            c5           
   0 3.3147608603e+05   0.00e+00  2.52e+02    1.000000e-01   1.000000e-01   1.000000e+02  -1.000000e+03   1.000000e+04
   7 4.9432387558e+00  -4.94e-01  2.52e-05    9.803575e-02   2.684680e-01   8.893847e+00  -2.318879e+03   2.207736e+04

After 7 iterations the fit converged.
final sum of squares of residuals : 4.94324
rel. change during last iteration : -4.93516e-06

degrees of freedom    (FIT_NDF)                        : 5
rms of residuals      (FIT_STDFIT) = sqrt(WSSR/ndf)    : 0.994308
variance of residuals (reduced chisquare) = WSSR/ndf   : 0.988648
p-value of the Chisq distribution (FIT_P)              : 0.422847

Final set of parameters            Asymptotic Standard Error
=======================            ==========================
x5              = 0.0980358        +/- 0.0009343    (0.9531%)
y5              = 0.268468         +/- 0.006239     (2.324%)
a5              = 8.89385          +/- 0.2106       (2.368%)
b5              = -2318.88         +/- 272.7        (11.76%)
c5              = 22077.4          +/- 3640         (16.49%)

correlation matrix of the fit parameters:
                x5     y5     a5     b5     c5     
x5              1.000 
y5              0.930  1.000 
a5              0.196  0.006  1.000 
b5             -0.451 -0.341 -0.893  1.000 
c5              0.443  0.342  0.861 -0.995  1.000 


*******************************************************************************
Mon Oct  6 21:00:35 2025


FIT:    data read from "../Data/D15.48/relvol.Nt10" using 1:2:3:4 xyerrors
        format = x:z:sx:s
        x range restricted to [0.115500 : 0.181500]
        #datapoints = 12
function used for fitting: f4(x)
	f4(x)=y4+a4*(x-x4)+b4*(x-x4)**3+c4*(x-x4)**4
fitted parameters initialized with current variable values

iter      chisq       delta/lim  lambda   x4            y4            a4            b4            c4           
   0 1.4274226124e+05   0.00e+00  4.44e+02    1.500000e-01   1.000000e-01   1.000000e+02  -1.000000e+03   1.000000e+04
   8 7.0005030855e+00   0.00e+00  4.44e+06    1.406294e-01   2.283650e-01   9.350845e+00  -2.567124e+03   2.964820e+04

After 8 iterations the fit converged.
final sum of squares of residuals : 7.0005
rel. change during last iteration : 0

degrees of freedom    (FIT_NDF)                        : 7
rms of residuals      (FIT_STDFIT) = sqrt(WSSR/ndf)    : 1.00004
variance of residuals (reduced chisquare) = WSSR/ndf   : 1.00007
p-value of the Chisq distribution (FIT_P)              : 0.428827

Final set of parameters            Asymptotic Standard Error
=======================            ==========================
x4              = 0.140629         +/- 0.001616     (1.149%)
y4              = 0.228365         +/- 0.01305      (5.716%)
a4              = 9.35084          +/- 0.3026       (3.237%)
b4              = -2567.12         +/- 748.4        (29.15%)
c4              = 29648.2          +/- 1.731e+04    (58.38%)

correlation matrix of the fit parameters:
                x4     y4     a4     b4     c4     
x4              1.000 
y4              0.985  1.000 
a4             -0.416 -0.489  1.000 
b4              0.591  0.655 -0.926  1.000 
c4             -0.715 -0.775  0.830 -0.971  1.000 


*******************************************************************************
Mon Oct  6 21:00:35 2025


FIT:    data read from "../Data/D15.48/relvol.Nt8" using 1:2:3:4 xyerrors
        format = x:z:sx:s
        x range restricted to [0.190000 : 0.243200]
        #datapoints = 14
function used for fitting: f3(x)
	f3(x)=y3+a3*(x-x3)+b3*(x-x3)**3+c3*(x-x3)**4
fitted parameters initialized with current variable values

iter      chisq       delta/lim  lambda   x3            y3            a3            b3            c3           
   0 5.3275546868e+05   0.00e+00  7.43e+02    2.000000e-01   1.000000e-01   1.000000e+02  -1.000000e+03   1.000000e+04
  18 8.9401089154e+00  -1.75e-02  7.43e-06    2.130523e-01   1.865057e-01   1.040456e+01  -6.163303e+03   1.358883e+05

After 18 iterations the fit converged.
final sum of squares of residuals : 8.94011
rel. change during last iteration : -1.74619e-07

degrees of freedom    (FIT_NDF)                        : 9
rms of residuals      (FIT_STDFIT) = sqrt(WSSR/ndf)    : 0.996667
variance of residuals (reduced chisquare) = WSSR/ndf   : 0.993345
p-value of the Chisq distribution (FIT_P)              : 0.442821

Final set of parameters            Asymptotic Standard Error
=======================            ==========================
x3              = 0.213052         +/- 0.001222     (0.5736%)
y3              = 0.186506         +/- 0.01061      (5.691%)
a3              = 10.4046          +/- 0.2665       (2.561%)
b3              = -6163.3          +/- 1239         (20.09%)
c3              = 135888           +/- 3.994e+04    (29.39%)

correlation matrix of the fit parameters:
                x3     y3     a3     b3     c3     
x3              1.000 
y3              0.984  1.000 
a3             -0.333 -0.354  1.000 
b3              0.833  0.848 -0.751  1.000 
c3             -0.911 -0.938  0.536 -0.944  1.000 


*******************************************************************************
Mon Oct  6 21:00:35 2025


FIT:    data read from "../Data/D15.48/relvol.Nt6" using 1:2:3:4 xyerrors
        format = x:z:sx:s
        x range restricted to [0.329800 : 0.404600]
        #datapoints = 22
function used for fitting: f2(x)
	f2(x)=y2+a2*(x-x2)+b2*(x-x2)**3+c2*(x-x2)**4
fitted parameters initialized with current variable values

iter      chisq       delta/lim  lambda   x2            y2            a2            b2            c2           
   0 2.8951062904e+06   0.00e+00  1.87e+03    3.500000e-01   1.000000e-01   1.000000e+02  -1.000000e+03   1.000000e+04
   8 1.6926784044e+01   0.00e+00  1.87e+07    3.660820e-01   2.577035e-01   9.957594e+00  -2.236914e+03   1.156556e+04

After 8 iterations the fit converged.
final sum of squares of residuals : 16.9268
rel. change during last iteration : 0

degrees of freedom    (FIT_NDF)                        : 17
rms of residuals      (FIT_STDFIT) = sqrt(WSSR/ndf)    : 0.997844
variance of residuals (reduced chisquare) = WSSR/ndf   : 0.995693
p-value of the Chisq distribution (FIT_P)              : 0.459337

Final set of parameters            Asymptotic Standard Error
=======================            ==========================
x2              = 0.366082         +/- 0.0008889    (0.2428%)
y2              = 0.257703         +/- 0.007567     (2.936%)
a2              = 9.95759          +/- 0.08271      (0.8306%)
b2              = -2236.91         +/- 100.6        (4.496%)
c2              = 11565.6          +/- 4347         (37.58%)

correlation matrix of the fit parameters:
                x2     y2     a2     b2     c2     
x2              1.000 
y2              0.991  1.000 
a2             -0.126 -0.149  1.000 
b2              0.585  0.602 -0.838  1.000 
c2             -0.964 -0.982  0.190 -0.633  1.000 


*******************************************************************************
Mon Oct  6 21:00:35 2025


FIT:    data read from "../Data/D15.48/relvol.Nt4" using 1:2:3:4 xyerrors
        format = x:z:sx:s
        x range restricted to [0.660000 : 0.712800]
        #datapoints = 12
function used for fitting: f1(x)
	f1(x)=y1+a1*(x-x1)+b1*(x-x1)**3+c1*(x-x1)**4
fitted parameters initialized with current variable values

iter      chisq       delta/lim  lambda   x1            y1            a1            b1            c1           
   0 4.0178716668e+05   0.00e+00  3.89e+03    7.000000e-01   1.000000e-01   1.000000e+02  -1.000000e+03   1.000000e+04
  20 6.8356580147e+00  -1.73e-01  3.89e-06    6.966104e-01   2.667592e-01   1.389380e+01  -1.003649e+04  -1.320062e+05

After 20 iterations the fit converged.
final sum of squares of residuals : 6.83566
rel. change during last iteration : -1.73482e-06

degrees of freedom    (FIT_NDF)                        : 7
rms of residuals      (FIT_STDFIT) = sqrt(WSSR/ndf)    : 0.988192
variance of residuals (reduced chisquare) = WSSR/ndf   : 0.976523
p-value of the Chisq distribution (FIT_P)              : 0.44619

Final set of parameters            Asymptotic Standard Error
=======================            ==========================
x1              = 0.69661          +/- 0.000256     (0.03675%)
y1              = 0.266759         +/- 0.002544     (0.9538%)
a1              = 13.8938          +/- 0.1687       (1.214%)
b1              = -10036.5         +/- 701.7        (6.991%)
c1              = -132006          +/- 1.62e+04     (12.27%)

correlation matrix of the fit parameters:
                x1     y1     a1     b1     c1     
x1              1.000 
y1              0.952  1.000 
a1             -0.122 -0.093  1.000 
b1              0.317  0.314 -0.934  1.000 
c1              0.253  0.252 -0.917  0.994  1.000 


*******************************************************************************
Mon Oct  6 21:00:48 2025


FIT:    data read from "../Data/D15.48/relvol.Nt24" using 1:2:3:4 xyerrors
        format = x:z:sx:s
        x range restricted to [0.00000 : 0.0621000]
        #datapoints = 9
function used for fitting: f10(x)
	f10(x)=y10+a10*(x-x10)+b10*(x-x10)**3+c10*(x-x10)**4
fitted parameters initialized with current variable values

iter      chisq       delta/lim  lambda   x10           y10           a10           b10           c10          
   0 2.0712880399e+05   0.00e+00  1.42e+02    5.000000e-02   1.000000e-01   1.000000e+02  -1.000000e+03   1.000000e+04
   7 4.1282942117e+00  -2.05e-02  1.42e-05    2.395258e-02   2.297877e-01   1.098284e+01  -3.340650e+03   5.750974e+03

After 7 iterations the fit converged.
final sum of squares of residuals : 4.12829
rel. change during last iteration : -2.05128e-07

degrees of freedom    (FIT_NDF)                        : 4
rms of residuals      (FIT_STDFIT) = sqrt(WSSR/ndf)    : 1.01591
variance of residuals (reduced chisquare) = WSSR/ndf   : 1.03207
p-value of the Chisq distribution (FIT_P)              : 0.388921

Final set of parameters            Asymptotic Standard Error
=======================            ==========================
x10             = 0.0239526        +/- 0.002041     (8.52%)
y10             = 0.229788         +/- 0.01908      (8.305%)
a10             = 10.9828          +/- 0.3865       (3.519%)
b10             = -3340.65         +/- 853.6        (25.55%)
c10             = 5750.97          +/- 2.802e+04    (487.3%)

correlation matrix of the fit parameters:
                x10    y10    a10    b10    c10    
x10             1.000 
y10             0.990  1.000 
a10            -0.581 -0.607  1.000 
b10             0.684  0.724 -0.964  1.000 
c10            -0.901 -0.934  0.806 -0.910  1.000 


*******************************************************************************
Mon Oct  6 21:00:48 2025


FIT:    data read from "../Data/D15.48/relvol.Nt20" using 1:2:3:4 xyerrors
        format = x:z:sx:s
        x range restricted to [0.00000 : 0.0464000]
        #datapoints = 16
function used for fitting: f9(x)
	f9(x)=y9+a9*(x-x9)+b9*(x-x9)**3+c9*(x-x9)**4
fitted parameters initialized with current variable values

iter      chisq       delta/lim  lambda   x9            y9            a9            b9            c9           
   0 7.1891219971e+05   0.00e+00  1.66e+02    5.000000e-02   1.000000e-01   1.000000e+02  -1.000000e+03   1.000000e+04
 103 1.0948676014e+01  -4.80e-01  1.66e-05    1.550289e-02   1.480445e-01   1.248997e+01  -1.165502e+04   2.805126e+05

After 103 iterations the fit converged.
final sum of squares of residuals : 10.9487
rel. change during last iteration : -4.799e-06

degrees of freedom    (FIT_NDF)                        : 11
rms of residuals      (FIT_STDFIT) = sqrt(WSSR/ndf)    : 0.997664
variance of residuals (reduced chisquare) = WSSR/ndf   : 0.995334
p-value of the Chisq distribution (FIT_P)              : 0.447573

Final set of parameters            Asymptotic Standard Error
=======================            ==========================
x9              = 0.0155029        +/- 0.00103      (6.644%)
y9              = 0.148045         +/- 0.00902      (6.093%)
a9              = 12.49            +/- 0.5227       (4.185%)
b9              = -11655           +/- 2914         (25%)
c9              = 280513           +/- 8.183e+04    (29.17%)

correlation matrix of the fit parameters:
                x9     y9     a9     b9     c9     
x9              1.000 
y9              0.952  1.000 
a9             -0.519 -0.382  1.000 
b9              0.847  0.793 -0.859  1.000 
c9             -0.887 -0.877  0.753 -0.979  1.000 


*******************************************************************************
Mon Oct  6 21:00:49 2025


FIT:    data read from "../Data/D15.48/relvol.Nt18" using 1:2:3:4 xyerrors
        format = x:z:sx:s
        x range restricted to [0.00870000 : 0.0667000]
        #datapoints = 20
function used for fitting: f8(x)
	f8(x)=y8+a8*(x-x8)+b8*(x-x8)**3+c8*(x-x8)**4
fitted parameters initialized with current variable values

iter      chisq       delta/lim  lambda   x8            y8            a8            b8            c8           
   0 2.2464422363e+05   0.00e+00  1.40e+02    5.000000e-02   1.000000e-01   1.000000e+02  -1.000000e+03   1.000000e+04
   7 1.5557526617e+01  -7.23e-01  1.40e-05    2.656453e-02   2.167611e-01   9.752811e+00  -2.894390e+03   2.006700e+04

After 7 iterations the fit converged.
final sum of squares of residuals : 15.5575
rel. change during last iteration : -7.22736e-06

degrees of freedom    (FIT_NDF)                        : 15
rms of residuals      (FIT_STDFIT) = sqrt(WSSR/ndf)    : 1.01841
variance of residuals (reduced chisquare) = WSSR/ndf   : 1.03717
p-value of the Chisq distribution (FIT_P)              : 0.412052

Final set of parameters            Asymptotic Standard Error
=======================            ==========================
x8              = 0.0265645        +/- 0.00332      (12.5%)
y8              = 0.216761         +/- 0.0278       (12.83%)
a8              = 9.75281          +/- 0.5967       (6.118%)
b8              = -2894.39         +/- 2203         (76.12%)
c8              = 20067            +/- 4.456e+04    (222.1%)

correlation matrix of the fit parameters:
                x8     y8     a8     b8     c8     
x8              1.000 
y8              0.992  1.000 
a8              0.204  0.160  1.000 
b8             -0.478 -0.457 -0.892  1.000 
c8              0.328  0.308  0.886 -0.982  1.000 


*******************************************************************************
Mon Oct  6 21:00:49 2025


FIT:    data read from "../Data/D15.48/relvol.Nt16" using 1:2:3:4 xyerrors
        format = x:z:sx:s
        x range restricted to [0.0172000 : 0.0774000]
        #datapoints = 14
function used for fitting: f7(x)
	f7(x)=y7+a7*(x-x7)+b7*(x-x7)**3+c7*(x-x7)**4
fitted parameters initialized with current variable values

iter      chisq       delta/lim  lambda   x7            y7            a7            b7            c7           
   0 9.2352595032e+04   0.00e+00  1.25e+02    5.000000e-02   1.000000e-01   1.000000e+02  -1.000000e+03   1.000000e+04
  15 9.0841872561e+00  -3.25e-02  1.25e-05    3.547816e-02   2.009064e-01   1.024417e+01  -4.837079e+03   7.270969e+04

After 15 iterations the fit converged.
final sum of squares of residuals : 9.08419
rel. change during last iteration : -3.24589e-07

degrees of freedom    (FIT_NDF)                        : 9
rms of residuals      (FIT_STDFIT) = sqrt(WSSR/ndf)    : 1.00467
variance of residuals (reduced chisquare) = WSSR/ndf   : 1.00935
p-value of the Chisq distribution (FIT_P)              : 0.42954

Final set of parameters            Asymptotic Standard Error
=======================            ==========================
x7              = 0.0354782        +/- 0.001612     (4.545%)
y7              = 0.200906         +/- 0.01272      (6.334%)
a7              = 10.2442          +/- 0.5878       (5.737%)
b7              = -4837.08         +/- 1886         (38.98%)
c7              = 72709.7          +/- 3.894e+04    (53.56%)

correlation matrix of the fit parameters:
                x7     y7     a7     b7     c7     
x7              1.000 
y7              0.968  1.000 
a7              0.340  0.235  1.000 
b7             -0.433 -0.361 -0.937  1.000 
c7              0.408  0.337  0.909 -0.995  1.000 


*******************************************************************************
Mon Oct  6 21:00:49 2025


FIT:    data read from "../Data/D15.48/relvol.Nt14" using 1:2:3:4 xyerrors
        format = x:z:sx:s
        x range restricted to [0.0248000 : 0.111600]
        #datapoints = 7
function used for fitting: f6(x)
	f6(x)=y6+a6*(x-x6)+b6*(x-x6)**3+c6*(x-x6)**4
fitted parameters initialized with current variable values

iter      chisq       delta/lim  lambda   x6            y6            a6            b6            c6           
   0 1.2006087888e+05   0.00e+00  1.03e+02    5.000000e-02   1.000000e-01   1.000000e+02  -1.000000e+03   1.000000e+04
   8 1.9643201996e+00   0.00e+00  1.03e+07    5.676117e-02   1.981084e-01   9.797187e+00  -4.618145e+03   6.512058e+04

After 8 iterations the fit converged.
final sum of squares of residuals : 1.96432
rel. change during last iteration : 0

degrees of freedom    (FIT_NDF)                        : 2
rms of residuals      (FIT_STDFIT) = sqrt(WSSR/ndf)    : 0.99104
variance of residuals (reduced chisquare) = WSSR/ndf   : 0.98216
p-value of the Chisq distribution (FIT_P)              : 0.374501

Final set of parameters            Asymptotic Standard Error
=======================            ==========================
x6              = 0.0567612        +/- 0.0008032    (1.415%)
y6              = 0.198108         +/- 0.005327     (2.689%)
a6              = 9.79719          +/- 0.3588       (3.662%)
b6              = -4618.14         +/- 652.3        (14.12%)
c6              = 65120.6          +/- 1.069e+04    (16.42%)

correlation matrix of the fit parameters:
                x6     y6     a6     b6     c6     
x6              1.000 
y6              0.837  1.000 
a6             -0.328 -0.498  1.000 
b6              0.436  0.535 -0.928  1.000 
c6             -0.437 -0.543  0.887 -0.993  1.000 


*******************************************************************************
Mon Oct  6 21:00:49 2025


FIT:    data read from "../Data/D15.48/relvol.Nt12" using 1:2:3:4 xyerrors
        format = x:z:sx:s
        x range restricted to [0.0672000 : 0.163200]
        #datapoints = 10
function used for fitting: f5(x)
	f5(x)=y5+a5*(x-x5)+b5*(x-x5)**3+c5*(x-x5)**4
fitted parameters initialized with current variable values

iter      chisq       delta/lim  lambda   x5            y5            a5            b5            c5           
   0 3.3147608603e+05   0.00e+00  2.52e+02    1.000000e-01   1.000000e-01   1.000000e+02  -1.000000e+03   1.000000e+04
   7 4.9432387558e+00  -4.94e-01  2.52e-05    9.803575e-02   2.684680e-01   8.893847e+00  -2.318879e+03   2.207736e+04

After 7 iterations the fit converged.
final sum of squares of residuals : 4.94324
rel. change during last iteration : -4.93516e-06

degrees of freedom    (FIT_NDF)                        : 5
rms of residuals      (FIT_STDFIT) = sqrt(WSSR/ndf)    : 0.994308
variance of residuals (reduced chisquare) = WSSR/ndf   : 0.988648
p-value of the Chisq distribution (FIT_P)              : 0.422847

Final set of parameters            Asymptotic Standard Error
=======================            ==========================
x5              = 0.0980358        +/- 0.0009343    (0.9531%)
y5              = 0.268468         +/- 0.006239     (2.324%)
a5              = 8.89385          +/- 0.2106       (2.368%)
b5              = -2318.88         +/- 272.7        (11.76%)
c5              = 22077.4          +/- 3640         (16.49%)

correlation matrix of the fit parameters:
                x5     y5     a5     b5     c5     
x5              1.000 
y5              0.930  1.000 
a5              0.196  0.006  1.000 
b5             -0.451 -0.341 -0.893  1.000 
c5              0.443  0.342  0.861 -0.995  1.000 


*******************************************************************************
Mon Oct  6 21:00:49 2025


FIT:    data read from "../Data/D15.48/relvol.Nt10" using 1:2:3:4 xyerrors
        format = x:z:sx:s
        x range restricted to [0.115500 : 0.181500]
        #datapoints = 12
function used for fitting: f4(x)
	f4(x)=y4+a4*(x-x4)+b4*(x-x4)**3+c4*(x-x4)**4
fitted parameters initialized with current variable values

iter      chisq       delta/lim  lambda   x4            y4            a4            b4            c4           
   0 1.4274226124e+05   0.00e+00  4.44e+02    1.500000e-01   1.000000e-01   1.000000e+02  -1.000000e+03   1.000000e+04
   8 7.0005030855e+00   0.00e+00  4.44e+06    1.406294e-01   2.283650e-01   9.350845e+00  -2.567124e+03   2.964820e+04

After 8 iterations the fit converged.
final sum of squares of residuals : 7.0005
rel. change during last iteration : 0

degrees of freedom    (FIT_NDF)                        : 7
rms of residuals      (FIT_STDFIT) = sqrt(WSSR/ndf)    : 1.00004
variance of residuals (reduced chisquare) = WSSR/ndf   : 1.00007
p-value of the Chisq distribution (FIT_P)              : 0.428827

Final set of parameters            Asymptotic Standard Error
=======================            ==========================
x4              = 0.140629         +/- 0.001616     (1.149%)
y4              = 0.228365         +/- 0.01305      (5.716%)
a4              = 9.35084          +/- 0.3026       (3.237%)
b4              = -2567.12         +/- 748.4        (29.15%)
c4              = 29648.2          +/- 1.731e+04    (58.38%)

correlation matrix of the fit parameters:
                x4     y4     a4     b4     c4     
x4              1.000 
y4              0.985  1.000 
a4             -0.416 -0.489  1.000 
b4              0.591  0.655 -0.926  1.000 
c4             -0.715 -0.775  0.830 -0.971  1.000 


*******************************************************************************
Mon Oct  6 21:00:49 2025


FIT:    data read from "../Data/D15.48/relvol.Nt8" using 1:2:3:4 xyerrors
        format = x:z:sx:s
        x range restricted to [0.190000 : 0.243200]
        #datapoints = 14
function used for fitting: f3(x)
	f3(x)=y3+a3*(x-x3)+b3*(x-x3)**3+c3*(x-x3)**4
fitted parameters initialized with current variable values

iter      chisq       delta/lim  lambda   x3            y3            a3            b3            c3           
   0 5.3275546868e+05   0.00e+00  7.43e+02    2.000000e-01   1.000000e-01   1.000000e+02  -1.000000e+03   1.000000e+04
  18 8.9401089154e+00  -1.75e-02  7.43e-06    2.130523e-01   1.865057e-01   1.040456e+01  -6.163303e+03   1.358883e+05

After 18 iterations the fit converged.
final sum of squares of residuals : 8.94011
rel. change during last iteration : -1.74619e-07

degrees of freedom    (FIT_NDF)                        : 9
rms of residuals      (FIT_STDFIT) = sqrt(WSSR/ndf)    : 0.996667
variance of residuals (reduced chisquare) = WSSR/ndf   : 0.993345
p-value of the Chisq distribution (FIT_P)              : 0.442821

Final set of parameters            Asymptotic Standard Error
=======================            ==========================
x3              = 0.213052         +/- 0.001222     (0.5736%)
y3              = 0.186506         +/- 0.01061      (5.691%)
a3              = 10.4046          +/- 0.2665       (2.561%)
b3              = -6163.3          +/- 1239         (20.09%)
c3              = 135888           +/- 3.994e+04    (29.39%)

correlation matrix of the fit parameters:
                x3     y3     a3     b3     c3     
x3              1.000 
y3              0.984  1.000 
a3             -0.333 -0.354  1.000 
b3              0.833  0.848 -0.751  1.000 
c3             -0.911 -0.938  0.536 -0.944  1.000 


*******************************************************************************
Mon Oct  6 21:00:49 2025


FIT:    data read from "../Data/D15.48/relvol.Nt6" using 1:2:3:4 xyerrors
        format = x:z:sx:s
        x range restricted to [0.329800 : 0.404600]
        #datapoints = 22
function used for fitting: f2(x)
	f2(x)=y2+a2*(x-x2)+b2*(x-x2)**3+c2*(x-x2)**4
fitted parameters initialized with current variable values

iter      chisq       delta/lim  lambda   x2            y2            a2            b2            c2           
   0 2.8951062904e+06   0.00e+00  1.87e+03    3.500000e-01   1.000000e-01   1.000000e+02  -1.000000e+03   1.000000e+04
   8 1.6926784044e+01   0.00e+00  1.87e+07    3.660820e-01   2.577035e-01   9.957594e+00  -2.236914e+03   1.156556e+04

After 8 iterations the fit converged.
final sum of squares of residuals : 16.9268
rel. change during last iteration : 0

degrees of freedom    (FIT_NDF)                        : 17
rms of residuals      (FIT_STDFIT) = sqrt(WSSR/ndf)    : 0.997844
variance of residuals (reduced chisquare) = WSSR/ndf   : 0.995693
p-value of the Chisq distribution (FIT_P)              : 0.459337

Final set of parameters            Asymptotic Standard Error
=======================            ==========================
x2              = 0.366082         +/- 0.0008889    (0.2428%)
y2              = 0.257703         +/- 0.007567     (2.936%)
a2              = 9.95759          +/- 0.08271      (0.8306%)
b2              = -2236.91         +/- 100.6        (4.496%)
c2              = 11565.6          +/- 4347         (37.58%)

correlation matrix of the fit parameters:
                x2     y2     a2     b2     c2     
x2              1.000 
y2              0.991  1.000 
a2             -0.126 -0.149  1.000 
b2              0.585  0.602 -0.838  1.000 
c2             -0.964 -0.982  0.190 -0.633  1.000 


*******************************************************************************
Mon Oct  6 21:00:49 2025


FIT:    data read from "../Data/D15.48/relvol.Nt4" using 1:2:3:4 xyerrors
        format = x:z:sx:s
        x range restricted to [0.660000 : 0.712800]
        #datapoints = 12
function used for fitting: f1(x)
	f1(x)=y1+a1*(x-x1)+b1*(x-x1)**3+c1*(x-x1)**4
fitted parameters initialized with current variable values

iter      chisq       delta/lim  lambda   x1            y1            a1            b1            c1           
   0 4.0178716668e+05   0.00e+00  3.89e+03    7.000000e-01   1.000000e-01   1.000000e+02  -1.000000e+03   1.000000e+04
  20 6.8356580147e+00  -1.73e-01  3.89e-06    6.966104e-01   2.667592e-01   1.389380e+01  -1.003649e+04  -1.320062e+05

After 20 iterations the fit converged.
final sum of squares of residuals : 6.83566
rel. change during last iteration : -1.73482e-06

degrees of freedom    (FIT_NDF)                        : 7
rms of residuals      (FIT_STDFIT) = sqrt(WSSR/ndf)    : 0.988192
variance of residuals (reduced chisquare) = WSSR/ndf   : 0.976523
p-value of the Chisq distribution (FIT_P)              : 0.44619

Final set of parameters            Asymptotic Standard Error
=======================            ==========================
x1              = 0.69661          +/- 0.000256     (0.03675%)
y1              = 0.266759         +/- 0.002544     (0.9538%)
a1              = 13.8938          +/- 0.1687       (1.214%)
b1              = -10036.5         +/- 701.7        (6.991%)
c1              = -132006          +/- 1.62e+04     (12.27%)

correlation matrix of the fit parameters:
                x1     y1     a1     b1     c1     
x1              1.000 
y1              0.952  1.000 
a1             -0.122 -0.093  1.000 
b1              0.317  0.314 -0.934  1.000 
c1              0.253  0.252 -0.917  0.994  1.000 


*******************************************************************************
Mon Oct  6 21:03:22 2025


FIT:    data read from "../Data/D15.48/relvol.Nt24" using 1:2:3:4 xyerrors
        format = x:z:sx:s
        x range restricted to [0.00000 : 0.0621000]
        #datapoints = 9
function used for fitting: f10(x)
	f10(x)=y10+a10*(x-x10)+b10*(x-x10)**3+c10*(x-x10)**4
fitted parameters initialized with current variable values

iter      chisq       delta/lim  lambda   x10           y10           a10           b10           c10          
   0 2.0712880399e+05   0.00e+00  1.42e+02    5.000000e-02   1.000000e-01   1.000000e+02  -1.000000e+03   1.000000e+04
   7 4.1282942117e+00  -2.05e-02  1.42e-05    2.395258e-02   2.297877e-01   1.098284e+01  -3.340650e+03   5.750974e+03

After 7 iterations the fit converged.
final sum of squares of residuals : 4.12829
rel. change during last iteration : -2.05128e-07

degrees of freedom    (FIT_NDF)                        : 4
rms of residuals      (FIT_STDFIT) = sqrt(WSSR/ndf)    : 1.01591
variance of residuals (reduced chisquare) = WSSR/ndf   : 1.03207
p-value of the Chisq distribution (FIT_P)              : 0.388921

Final set of parameters            Asymptotic Standard Error
=======================            ==========================
x10             = 0.0239526        +/- 0.002041     (8.52%)
y10             = 0.229788         +/- 0.01908      (8.305%)
a10             = 10.9828          +/- 0.3865       (3.519%)
b10             = -3340.65         +/- 853.6        (25.55%)
c10             = 5750.97          +/- 2.802e+04    (487.3%)

correlation matrix of the fit parameters:
                x10    y10    a10    b10    c10    
x10             1.000 
y10             0.990  1.000 
a10            -0.581 -0.607  1.000 
b10             0.684  0.724 -0.964  1.000 
c10            -0.901 -0.934  0.806 -0.910  1.000 


*******************************************************************************
Mon Oct  6 21:03:22 2025


FIT:    data read from "../Data/D15.48/relvol.Nt20" using 1:2:3:4 xyerrors
        format = x:z:sx:s
        x range restricted to [0.00000 : 0.0464000]
        #datapoints = 16
function used for fitting: f9(x)
	f9(x)=y9+a9*(x-x9)+b9*(x-x9)**3+c9*(x-x9)**4
fitted parameters initialized with current variable values

iter      chisq       delta/lim  lambda   x9            y9            a9            b9            c9           
   0 7.1891219971e+05   0.00e+00  1.66e+02    5.000000e-02   1.000000e-01   1.000000e+02  -1.000000e+03   1.000000e+04
 103 1.0948676014e+01  -4.80e-01  1.66e-05    1.550289e-02   1.480445e-01   1.248997e+01  -1.165502e+04   2.805126e+05

After 103 iterations the fit converged.
final sum of squares of residuals : 10.9487
rel. change during last iteration : -4.799e-06

degrees of freedom    (FIT_NDF)                        : 11
rms of residuals      (FIT_STDFIT) = sqrt(WSSR/ndf)    : 0.997664
variance of residuals (reduced chisquare) = WSSR/ndf   : 0.995334
p-value of the Chisq distribution (FIT_P)              : 0.447573

Final set of parameters            Asymptotic Standard Error
=======================            ==========================
x9              = 0.0155029        +/- 0.00103      (6.644%)
y9              = 0.148045         +/- 0.00902      (6.093%)
a9              = 12.49            +/- 0.5227       (4.185%)
b9              = -11655           +/- 2914         (25%)
c9              = 280513           +/- 8.183e+04    (29.17%)

correlation matrix of the fit parameters:
                x9     y9     a9     b9     c9     
x9              1.000 
y9              0.952  1.000 
a9             -0.519 -0.382  1.000 
b9              0.847  0.793 -0.859  1.000 
c9             -0.887 -0.877  0.753 -0.979  1.000 


*******************************************************************************
Mon Oct  6 21:03:22 2025


FIT:    data read from "../Data/D15.48/relvol.Nt18" using 1:2:3:4 xyerrors
        format = x:z:sx:s
        x range restricted to [0.00870000 : 0.0667000]
        #datapoints = 20
function used for fitting: f8(x)
	f8(x)=y8+a8*(x-x8)+b8*(x-x8)**3+c8*(x-x8)**4
fitted parameters initialized with current variable values

iter      chisq       delta/lim  lambda   x8            y8            a8            b8            c8           
   0 2.2464422363e+05   0.00e+00  1.40e+02    5.000000e-02   1.000000e-01   1.000000e+02  -1.000000e+03   1.000000e+04
   7 1.5557526617e+01  -7.23e-01  1.40e-05    2.656453e-02   2.167611e-01   9.752811e+00  -2.894390e+03   2.006700e+04

After 7 iterations the fit converged.
final sum of squares of residuals : 15.5575
rel. change during last iteration : -7.22736e-06

degrees of freedom    (FIT_NDF)                        : 15
rms of residuals      (FIT_STDFIT) = sqrt(WSSR/ndf)    : 1.01841
variance of residuals (reduced chisquare) = WSSR/ndf   : 1.03717
p-value of the Chisq distribution (FIT_P)              : 0.412052

Final set of parameters            Asymptotic Standard Error
=======================            ==========================
x8              = 0.0265645        +/- 0.00332      (12.5%)
y8              = 0.216761         +/- 0.0278       (12.83%)
a8              = 9.75281          +/- 0.5967       (6.118%)
b8              = -2894.39         +/- 2203         (76.12%)
c8              = 20067            +/- 4.456e+04    (222.1%)

correlation matrix of the fit parameters:
                x8     y8     a8     b8     c8     
x8              1.000 
y8              0.992  1.000 
a8              0.204  0.160  1.000 
b8             -0.478 -0.457 -0.892  1.000 
c8              0.328  0.308  0.886 -0.982  1.000 


*******************************************************************************
Mon Oct  6 21:03:23 2025


FIT:    data read from "../Data/D15.48/relvol.Nt16" using 1:2:3:4 xyerrors
        format = x:z:sx:s
        x range restricted to [0.0172000 : 0.0774000]
        #datapoints = 14
function used for fitting: f7(x)
	f7(x)=y7+a7*(x-x7)+b7*(x-x7)**3+c7*(x-x7)**4
fitted parameters initialized with current variable values

iter      chisq       delta/lim  lambda   x7            y7            a7            b7            c7           
   0 9.2352595032e+04   0.00e+00  1.25e+02    5.000000e-02   1.000000e-01   1.000000e+02  -1.000000e+03   1.000000e+04
  15 9.0841872561e+00  -3.25e-02  1.25e-05    3.547816e-02   2.009064e-01   1.024417e+01  -4.837079e+03   7.270969e+04

After 15 iterations the fit converged.
final sum of squares of residuals : 9.08419
rel. change during last iteration : -3.24589e-07

degrees of freedom    (FIT_NDF)                        : 9
rms of residuals      (FIT_STDFIT) = sqrt(WSSR/ndf)    : 1.00467
variance of residuals (reduced chisquare) = WSSR/ndf   : 1.00935
p-value of the Chisq distribution (FIT_P)              : 0.42954

Final set of parameters            Asymptotic Standard Error
=======================            ==========================
x7              = 0.0354782        +/- 0.001612     (4.545%)
y7              = 0.200906         +/- 0.01272      (6.334%)
a7              = 10.2442          +/- 0.5878       (5.737%)
b7              = -4837.08         +/- 1886         (38.98%)
c7              = 72709.7          +/- 3.894e+04    (53.56%)

correlation matrix of the fit parameters:
                x7     y7     a7     b7     c7     
x7              1.000 
y7              0.968  1.000 
a7              0.340  0.235  1.000 
b7             -0.433 -0.361 -0.937  1.000 
c7              0.408  0.337  0.909 -0.995  1.000 


*******************************************************************************
Mon Oct  6 21:03:23 2025


FIT:    data read from "../Data/D15.48/relvol.Nt14" using 1:2:3:4 xyerrors
        format = x:z:sx:s
        x range restricted to [0.0248000 : 0.111600]
        #datapoints = 7
function used for fitting: f6(x)
	f6(x)=y6+a6*(x-x6)+b6*(x-x6)**3+c6*(x-x6)**4
fitted parameters initialized with current variable values

iter      chisq       delta/lim  lambda   x6            y6            a6            b6            c6           
   0 1.2006087888e+05   0.00e+00  1.03e+02    5.000000e-02   1.000000e-01   1.000000e+02  -1.000000e+03   1.000000e+04
   8 1.9643201996e+00   0.00e+00  1.03e+07    5.676117e-02   1.981084e-01   9.797187e+00  -4.618145e+03   6.512058e+04

After 8 iterations the fit converged.
final sum of squares of residuals : 1.96432
rel. change during last iteration : 0

degrees of freedom    (FIT_NDF)                        : 2
rms of residuals      (FIT_STDFIT) = sqrt(WSSR/ndf)    : 0.99104
variance of residuals (reduced chisquare) = WSSR/ndf   : 0.98216
p-value of the Chisq distribution (FIT_P)              : 0.374501

Final set of parameters            Asymptotic Standard Error
=======================            ==========================
x6              = 0.0567612        +/- 0.0008032    (1.415%)
y6              = 0.198108         +/- 0.005327     (2.689%)
a6              = 9.79719          +/- 0.3588       (3.662%)
b6              = -4618.14         +/- 652.3        (14.12%)
c6              = 65120.6          +/- 1.069e+04    (16.42%)

correlation matrix of the fit parameters:
                x6     y6     a6     b6     c6     
x6              1.000 
y6              0.837  1.000 
a6             -0.328 -0.498  1.000 
b6              0.436  0.535 -0.928  1.000 
c6             -0.437 -0.543  0.887 -0.993  1.000 


*******************************************************************************
Mon Oct  6 21:03:23 2025


FIT:    data read from "../Data/D15.48/relvol.Nt12" using 1:2:3:4 xyerrors
        format = x:z:sx:s
        x range restricted to [0.0672000 : 0.163200]
        #datapoints = 10
function used for fitting: f5(x)
	f5(x)=y5+a5*(x-x5)+b5*(x-x5)**3+c5*(x-x5)**4
fitted parameters initialized with current variable values

iter      chisq       delta/lim  lambda   x5            y5            a5            b5            c5           
   0 3.3147608603e+05   0.00e+00  2.52e+02    1.000000e-01   1.000000e-01   1.000000e+02  -1.000000e+03   1.000000e+04
   7 4.9432387558e+00  -4.94e-01  2.52e-05    9.803575e-02   2.684680e-01   8.893847e+00  -2.318879e+03   2.207736e+04

After 7 iterations the fit converged.
final sum of squares of residuals : 4.94324
rel. change during last iteration : -4.93516e-06

degrees of freedom    (FIT_NDF)                        : 5
rms of residuals      (FIT_STDFIT) = sqrt(WSSR/ndf)    : 0.994308
variance of residuals (reduced chisquare) = WSSR/ndf   : 0.988648
p-value of the Chisq distribution (FIT_P)              : 0.422847

Final set of parameters            Asymptotic Standard Error
=======================            ==========================
x5              = 0.0980358        +/- 0.0009343    (0.9531%)
y5              = 0.268468         +/- 0.006239     (2.324%)
a5              = 8.89385          +/- 0.2106       (2.368%)
b5              = -2318.88         +/- 272.7        (11.76%)
c5              = 22077.4          +/- 3640         (16.49%)

correlation matrix of the fit parameters:
                x5     y5     a5     b5     c5     
x5              1.000 
y5              0.930  1.000 
a5              0.196  0.006  1.000 
b5             -0.451 -0.341 -0.893  1.000 
c5              0.443  0.342  0.861 -0.995  1.000 


*******************************************************************************
Mon Oct  6 21:03:23 2025


FIT:    data read from "../Data/D15.48/relvol.Nt10" using 1:2:3:4 xyerrors
        format = x:z:sx:s
        x range restricted to [0.115500 : 0.181500]
        #datapoints = 12
function used for fitting: f4(x)
	f4(x)=y4+a4*(x-x4)+b4*(x-x4)**3+c4*(x-x4)**4
fitted parameters initialized with current variable values

iter      chisq       delta/lim  lambda   x4            y4            a4            b4            c4           
   0 1.4274226124e+05   0.00e+00  4.44e+02    1.500000e-01   1.000000e-01   1.000000e+02  -1.000000e+03   1.000000e+04
   8 7.0005030855e+00   0.00e+00  4.44e+06    1.406294e-01   2.283650e-01   9.350845e+00  -2.567124e+03   2.964820e+04

After 8 iterations the fit converged.
final sum of squares of residuals : 7.0005
rel. change during last iteration : 0

degrees of freedom    (FIT_NDF)                        : 7
rms of residuals      (FIT_STDFIT) = sqrt(WSSR/ndf)    : 1.00004
variance of residuals (reduced chisquare) = WSSR/ndf   : 1.00007
p-value of the Chisq distribution (FIT_P)              : 0.428827

Final set of parameters            Asymptotic Standard Error
=======================            ==========================
x4              = 0.140629         +/- 0.001616     (1.149%)
y4              = 0.228365         +/- 0.01305      (5.716%)
a4              = 9.35084          +/- 0.3026       (3.237%)
b4              = -2567.12         +/- 748.4        (29.15%)
c4              = 29648.2          +/- 1.731e+04    (58.38%)

correlation matrix of the fit parameters:
                x4     y4     a4     b4     c4     
x4              1.000 
y4              0.985  1.000 
a4             -0.416 -0.489  1.000 
b4              0.591  0.655 -0.926  1.000 
c4             -0.715 -0.775  0.830 -0.971  1.000 


*******************************************************************************
Mon Oct  6 21:03:23 2025


FIT:    data read from "../Data/D15.48/relvol.Nt8" using 1:2:3:4 xyerrors
        format = x:z:sx:s
        x range restricted to [0.190000 : 0.243200]
        #datapoints = 14
function used for fitting: f3(x)
	f3(x)=y3+a3*(x-x3)+b3*(x-x3)**3+c3*(x-x3)**4
fitted parameters initialized with current variable values

iter      chisq       delta/lim  lambda   x3            y3            a3            b3            c3           
   0 5.3275546868e+05   0.00e+00  7.43e+02    2.000000e-01   1.000000e-01   1.000000e+02  -1.000000e+03   1.000000e+04
  18 8.9401089154e+00  -1.75e-02  7.43e-06    2.130523e-01   1.865057e-01   1.040456e+01  -6.163303e+03   1.358883e+05

After 18 iterations the fit converged.
final sum of squares of residuals : 8.94011
rel. change during last iteration : -1.74619e-07

degrees of freedom    (FIT_NDF)                        : 9
rms of residuals      (FIT_STDFIT) = sqrt(WSSR/ndf)    : 0.996667
variance of residuals (reduced chisquare) = WSSR/ndf   : 0.993345
p-value of the Chisq distribution (FIT_P)              : 0.442821

Final set of parameters            Asymptotic Standard Error
=======================            ==========================
x3              = 0.213052         +/- 0.001222     (0.5736%)
y3              = 0.186506         +/- 0.01061      (5.691%)
a3              = 10.4046          +/- 0.2665       (2.561%)
b3              = -6163.3          +/- 1239         (20.09%)
c3              = 135888           +/- 3.994e+04    (29.39%)

correlation matrix of the fit parameters:
                x3     y3     a3     b3     c3     
x3              1.000 
y3              0.984  1.000 
a3             -0.333 -0.354  1.000 
b3              0.833  0.848 -0.751  1.000 
c3             -0.911 -0.938  0.536 -0.944  1.000 


*******************************************************************************
Mon Oct  6 21:03:23 2025


FIT:    data read from "../Data/D15.48/relvol.Nt6" using 1:2:3:4 xyerrors
        format = x:z:sx:s
        x range restricted to [0.329800 : 0.404600]
        #datapoints = 22
function used for fitting: f2(x)
	f2(x)=y2+a2*(x-x2)+b2*(x-x2)**3+c2*(x-x2)**4
fitted parameters initialized with current variable values

iter      chisq       delta/lim  lambda   x2            y2            a2            b2            c2           
   0 2.8951062904e+06   0.00e+00  1.87e+03    3.500000e-01   1.000000e-01   1.000000e+02  -1.000000e+03   1.000000e+04
   8 1.6926784044e+01   0.00e+00  1.87e+07    3.660820e-01   2.577035e-01   9.957594e+00  -2.236914e+03   1.156556e+04

After 8 iterations the fit converged.
final sum of squares of residuals : 16.9268
rel. change during last iteration : 0

degrees of freedom    (FIT_NDF)                        : 17
rms of residuals      (FIT_STDFIT) = sqrt(WSSR/ndf)    : 0.997844
variance of residuals (reduced chisquare) = WSSR/ndf   : 0.995693
p-value of the Chisq distribution (FIT_P)              : 0.459337

Final set of parameters            Asymptotic Standard Error
=======================            ==========================
x2              = 0.366082         +/- 0.0008889    (0.2428%)
y2              = 0.257703         +/- 0.007567     (2.936%)
a2              = 9.95759          +/- 0.08271      (0.8306%)
b2              = -2236.91         +/- 100.6        (4.496%)
c2              = 11565.6          +/- 4347         (37.58%)

correlation matrix of the fit parameters:
                x2     y2     a2     b2     c2     
x2              1.000 
y2              0.991  1.000 
a2             -0.126 -0.149  1.000 
b2              0.585  0.602 -0.838  1.000 
c2             -0.964 -0.982  0.190 -0.633  1.000 


*******************************************************************************
Mon Oct  6 21:03:23 2025


FIT:    data read from "../Data/D15.48/relvol.Nt4" using 1:2:3:4 xyerrors
        format = x:z:sx:s
        x range restricted to [0.660000 : 0.712800]
        #datapoints = 12
function used for fitting: f1(x)
	f1(x)=y1+a1*(x-x1)+b1*(x-x1)**3+c1*(x-x1)**4
fitted parameters initialized with current variable values

iter      chisq       delta/lim  lambda   x1            y1            a1            b1            c1           
   0 4.0178716668e+05   0.00e+00  3.89e+03    7.000000e-01   1.000000e-01   1.000000e+02  -1.000000e+03   1.000000e+04
  20 6.8356580147e+00  -1.73e-01  3.89e-06    6.966104e-01   2.667592e-01   1.389380e+01  -1.003649e+04  -1.320062e+05

After 20 iterations the fit converged.
final sum of squares of residuals : 6.83566
rel. change during last iteration : -1.73482e-06

degrees of freedom    (FIT_NDF)                        : 7
rms of residuals      (FIT_STDFIT) = sqrt(WSSR/ndf)    : 0.988192
variance of residuals (reduced chisquare) = WSSR/ndf   : 0.976523
p-value of the Chisq distribution (FIT_P)              : 0.44619

Final set of parameters            Asymptotic Standard Error
=======================            ==========================
x1              = 0.69661          +/- 0.000256     (0.03675%)
y1              = 0.266759         +/- 0.002544     (0.9538%)
a1              = 13.8938          +/- 0.1687       (1.214%)
b1              = -10036.5         +/- 701.7        (6.991%)
c1              = -132006          +/- 1.62e+04     (12.27%)

correlation matrix of the fit parameters:
                x1     y1     a1     b1     c1     
x1              1.000 
y1              0.952  1.000 
a1             -0.122 -0.093  1.000 
b1              0.317  0.314 -0.934  1.000 
c1              0.253  0.252 -0.917  0.994  1.000 
